year,cap_round,college_code,college_name,branch_code,branch_name,category,gender_quota,seat_type,stage,closing_merit_no,closing_percentile
2024,3,01002,"Government College of Engineering, Amravati",0100219110,Civil Engineering,OPEN,General,State,I,33717,88.6037289
2024,3,01002,"Government College of Engineering, Amravati",0100219110,Civil Engineering,SC,General,State,I,61041,78.5613347
2024,3,01002,"Government College of Engineering, Amravati",0100219110,Civil Engineering,NT3,General,State,I,67451,76.1358545
2024,3,01002,"Government College of Engineering, Amravati",0100219110,Civil Engineering,SEBC,General,State,I,83123,69.7604398
2024,3,01002,"Government College of Engineering, Amravati",0100219110,Civil Engineering,SC,Ladies,State,I,50493,82.7086811
2024,3,01002,"Government College of Engineering, Amravati",0100219110,Civil Engineering,VJ,Ladies,State,I,52977,81.7098306
2024,3,01002,"Government College of Engineering, Amravati",0100219110,Civil Engineering,OPEN,PWD,State,I,115797,53.7424491
2024,3,01002,"Government College of Engineering, Amravati",0100224210,Computer Science and Engineering,SC,General,State,I,11323,96.2437396
2024,3,01002,"Government College of Engineering, Amravati",0100224210,Computer Science and Engineering,SEBC,General,State,I,17059,94.3331807
2024,3,01002,"Government College of Engineering, Amravati",0100224210,Computer Science and Engineering,OPEN,Ladies,State,I,7985,97.3461799
2024,3,01002,"Government College of Engineering, Amravati",0100224210,Computer Science and Engineering,SEBC,Ladies,State,I,21791,92.7108008
2024,3,01002,"Government College of Engineering, Amravati",0100224210,Computer Science and Engineering,OPEN,TFWS,State,I,9964,96.7229568
2024,3,01002,"Government College of Engineering, Amravati",0100224210,Computer Science and Engineering,EWS,General,State,I,96341,63.2687832
2024,3,01002,"Government College of Engineering, Amravati",0100224610,Information Technology,OBC,General,State,I,8917,97.0497898
2024,3,01002,"Government College of Engineering, Amravati",0100224610,Information Technology,SEBC,General,State,I,24057,91.9492948
2024,3,01002,"Government College of Engineering, Amravati",0100224610,Information Technology,OPEN,Ladies,State,I,11969,96.0392321
2024,3,01002,"Government College of Engineering, Amravati",0100224610,Information Technology,SEBC,Ladies,State,I,24708,91.7849899
2024,3,01002,"Government College of Engineering, Amravati",0100224610,Information Technology,OPEN,TFWS,State,I,13259,95.6320635
2024,3,01002,"Government College of Engineering, Amravati",0100224610,Information Technology,OPEN,Orphan,State,I,19241,93.6359026
2024,3,01002,"Government College of Engineering, Amravati",0100229310,Electrical Engineering,OPEN,General,State,I,24135,91.9393058
2024,3,01002,"Government College of Engineering, Amravati",0100229310,Electrical Engineering,NT2,General,State,I,50339,82.7086811
2024,3,01002,"Government College of Engineering, Amravati",0100229310,Electrical Engineering,NT1,Ladies,State,I,44865,84.5731157
2024,3,01002,"Government College of Engineering, Amravati",0100229310,Electrical Engineering,OPEN,TFWS,State,I,12755,95.7978793
2024,3,01002,"Government College of Engineering, Amravati",0100229310,Electrical Engineering,EWS,General,State,I,75966,72.7750912
2024,3,01002,"Government College of Engineering, Amravati",0100237210,Electronics and Telecommunication Engg,OPEN,General,State,I,18608,93.8492553
2024,3,01002,"Government College of Engineering, Amravati",0100237210,Electronics and Telecommunication Engg,ST,General,State,I,47245,83.7440631
2024,3,01002,"Government College of Engineering, Amravati",0100237210,Electronics and Telecommunication Engg,OBC,General,State,I,19635,93.4557596
2024,3,01002,"Government College of Engineering, Amravati",0100237210,Electronics and Telecommunication Engg,SEBC,General,State,I,30760,89.591785
2024,3,01002,"Government College of Engineering, Amravati",0100237210,Electronics and Telecommunication Engg,OPEN,Ladies,State,I,14790,95.054719
2024,3,01002,"Government College of Engineering, Amravati",0100237210,Electronics and Telecommunication Engg,VJ,Ladies,State,I,66354,76.5404634
2024,3,01002,"Government College of Engineering, Amravati",0100237210,Electronics and Telecommunication Engg,SEBC,Ladies,State,I,44066,84.8482325
2024,3,01002,"Government College of Engineering, Amravati",0100237210,Electronics and Telecommunication Engg,OPEN,TFWS,State,I,21632,92.7704421
2024,3,01002,"Government College of Engineering, Amravati",0100237210,Electronics and Telecommunication Engg,EWS,General,State,I,28139,90.5124049
2024,3,01002,"Government College of Engineering, Amravati",0100261210,Mechanical Engineering,OPEN,General,State,I,31514,89.3223371
2024,3,01002,"Government College of Engineering, Amravati",0100261210,Mechanical Engineering,SC,General,State,I,62783,77.8445199
2024,3,01002,"Government College of Engineering, Amravati",0100261210,Mechanical Engineering,VJ,General,State,I,67622,76.1268781
2024,3,01002,"Government College of Engineering, Amravati",0100261210,Mechanical Engineering,OPEN,Ladies,State,I,38944,86.7801974
2024,3,01002,"Government College of Engineering, Amravati",0100261210,Mechanical Engineering,SC,Ladies,State,I,64534,77.2074577
2024,3,01002,"Government College of Engineering, Amravati",0100261210,Mechanical Engineering,ST,Ladies,State,I,48807,83.1469549
2024,3,01002,"Government College of Engineering, Amravati",0100261210,Mechanical Engineering,OBC,Ladies,State,I,52116,81.934184
2024,3,01002,"Government College of Engineering, Amravati",0100261210,Mechanical Engineering,OPEN,TFWS,State,I,101168,60.6237408
2024,3,01002,"Government College of Engineering, Amravati",0100261210,Mechanical Engineering,OPEN,General,State,II,139021,38.8659877
2024,3,01012,"Government College of Engineering,Yavatmal",0101219110,Civil Engineering,OPEN,General,Other,I,79206,71.3988776
2024,3,01012,"Government College of Engineering,Yavatmal",0101219110,Civil Engineering,SC,General,Other,I,92376,65.4406319
2024,3,01012,"Government College of Engineering,Yavatmal",0101219110,Civil Engineering,OBC,General,Other,I,154314,27.4048925
2024,3,01012,"Government College of Engineering,Yavatmal",0101219110,Civil Engineering,OPEN,Ladies,Other,I,88311,67.5033807
2024,3,01012,"Government College of Engineering,Yavatmal",0101219110,Civil Engineering,OBC,Defence,State,I,176930,3.89399
2024,3,01012,"Government College of Engineering,Yavatmal",0101224510,Computer Engineering,OPEN,General,Other,I,19120,93.6711065
2024,3,01012,"Government College of Engineering,Yavatmal",0101224510,Computer Engineering,SC,General,Other,I,51812,82.1493863
2024,3,01012,"Government College of Engineering,Yavatmal",0101224510,Computer Engineering,OBC,General,Other,I,76610,72.5041736
2024,3,01012,"Government College of Engineering,Yavatmal",0101224510,Computer Engineering,OPEN,Ladies,Other,I,30547,89.7106951
2024,3,01012,"Government College of Engineering,Yavatmal",0101224510,Computer Engineering,OPEN,General,Other,I,69351,75.3410409
2024,3,01012,"Government College of Engineering,Yavatmal",0101229310,Electrical Engineering,OPEN,General,Other,I,61206,78.5613347
2024,3,01012,"Government College of Engineering,Yavatmal",0101229310,Electrical Engineering,SC,General,Other,I,76494,72.5041736
2024,3,01012,"Government College of Engineering,Yavatmal",0101229310,Electrical Engineering,OPEN,General,Other,I,72739,73.8893284
2024,3,01012,"Government College of Engineering,Yavatmal",0101237210,Electronics and Telecommunication Engg,OPEN,General,Other,I,49988,82.7099252
2024,3,01012,"Government College of Engineering,Yavatmal",0101237210,Electronics and Telecommunication Engg,SC,General,Other,I,64393,77.2074577
2024,3,01012,"Government College of Engineering,Yavatmal",0101237210,Electronics and Telecommunication Engg,OBC,General,Other,I,58872,79.5235744
2024,3,01012,"Government College of Engineering,Yavatmal",0101237210,Electronics and Telecommunication Engg,OPEN,Ladies,Other,I,45392,84.4941393
2024,3,01012,"Government College of Engineering,Yavatmal",0101237210,Electronics and Telecommunication Engg,OPEN,Defence,State,I,60809,78.9120215
2024,3,01012,"Government College of Engineering,Yavatmal",0101237210,Electronics and Telecommunication Engg,OPEN,TFWS,State,I,132772,43.1231034
2024,3,01012,"Government College of Engineering,Yavatmal",0101261210,Mechanical Engineering,OPEN,General,Other,I,92373,65.4406319
2024,3,01012,"Government College of Engineering,Yavatmal",0101261210,Mechanical Engineering,SC,General,Other,I,109477,57.1543272
2024,3,01012,"Government College of Engineering,Yavatmal",0101261210,Mechanical Engineering,OBC,General,Other,I,101849,60.546705
2024,3,01012,"Government College of Engineering,Yavatmal",0101261210,Mechanical Engineering,OPEN,Ladies,Other,I,153158,27.9969458
2024,3,01012,"Government College of Engineering,Yavatmal",0101261210,Mechanical Engineering,OPEN,Defence,State,I,97424,63.0701676
2024,3,01012,"Government College of Engineering,Yavatmal",0101261210,Mechanical Engineering,OBC,Defence,State,I,161074,21.3531102
2024,3,01101,"Shri Sant Gajanan Maharaj College of Engineering,Shegaon",0110124610,Information Technology,OPEN,General,Other,I,19278,93.6359026
2024,3,01101,"Shri Sant Gajanan Maharaj College of Engineering,Shegaon",0110124610,Information Technology,SC,General,Other,I,53038,81.7098306
2024,3,01105,"Prof. Ram Meghe Institute of Technology & Research, Amravati",0110519110,Civil Engineering,OPEN,General,State,I,80173,70.8722936
2024,3,01105,"Prof. Ram Meghe Institute of Technology & Research, Amravati",0110519110,Civil Engineering,OBC,General,State,I,81637,70.4092512
2024,3,01105,"Prof. Ram Meghe Institute of Technology & Research, Amravati",0110519110,Civil Engineering,OPEN,Ladies,State,I,63277,77.8250739
2024,3,01105,"Prof. Ram Meghe Institute of Technology & Research, Amravati",0110519110,Civil Engineering,OPEN,Defence,State,I,54477,81.1614491
2024,3,01105,"Prof. Ram Meghe Institute of Technology & Research, Amravati",0110519110,Civil Engineering,OPEN,TFWS,State,I,147090,32.8344132
2024,3,01105,"Prof. Ram Meghe Institute of Technology & Research, Amravati",0110524210,Computer Science and Engineering,OPEN,General,State,I,24454,91.8342241
2024,3,01105,"Prof. Ram Meghe Institute of Technology & Research, Amravati",0110524210,Computer Science and Engineering,ST,General,State,I,127179,46.3828235
2024,3,01105,"Prof. Ram Meghe Institute of Technology & Research, Amravati",0110524210,Computer Science and Engineering,OBC,General,State,I,26481,91.1978661
2024,3,01105,"Prof. Ram Meghe Institute of Technology & Research, Amravati",0110524210,Computer Science and Engineering,SEBC,General,State,I,65016,76.933232
2024,3,01105,"Prof. Ram Meghe Institute of Technology & Research, Amravati",0110524210,Computer Science and Engineering,OPEN,Ladies,State,I,20972,93.0070517
2024,3,01105,"Prof. Ram Meghe Institute of Technology & Research, Amravati",0110524210,Computer Science and Engineering,SC,Ladies,State,I,26699,91.0655077
2024,3,01105,"Prof. Ram Meghe Institute of Technology & Research, Amravati",0110524210,Computer Science and Engineering,SEBC,Ladies,State,I,70958,74.6830629
2024,3,01105,"Prof. Ram Meghe Institute of Technology & Research, Amravati",0110524210,Computer Science and Engineering,EWS,General,State,I,31340,89.3907269
2024,3,01105,"Prof. Ram Meghe Institute of Technology & Research, Amravati",0110524610,Information Technology,OPEN,General,State,I,31007,89.4907774
2024,3,01105,"Prof. Ram Meghe Institute of Technology & Research, Amravati",0110524610,Information Technology,ST,General,State,I,146271,33.5585964
2024,3,01105,"Prof. Ram Meghe Institute of Technology & Research, Amravati",0110524610,Information Technology,NT1,General,State,I,47563,83.639399
2024,3,01105,"Prof. Ram Meghe Institute of Technology & Research, Amravati",0110524610,Information Technology,SEBC,General,State,I,88687,67.294477
2024,3,01105,"Prof. Ram Meghe Institute of Technology & Research, Amravati",0110524610,Information Technology,OPEN,Ladies,State,I,30386,89.778798
2024,3,01105,"Prof. Ram Meghe Institute of Technology & Research, Amravati",0110524610,Information Technology,ST,Ladies,State,I,135907,40.99476
2024,3,01105,"Prof. Ram Meghe Institute of Technology & Research, Amravati",0110524610,Information Technology,NT3,Ladies,State,I,76783,72.3242844
2024,3,01105,"Prof. Ram Meghe Institute of Technology & Research, Amravati",0110524610,Information Technology,OBC,Ladies,State,I,31512,89.3223371
2024,3,01105,"Prof. Ram Meghe Institute of Technology & Research, Amravati",0110524610,Information Technology,EWS,General,State,I,80349,70.8722936
2024,3,01105,"Prof. Ram Meghe Institute of Technology & Research, Amravati",0110526310,Artificial Intelligence (AI) and Data Science,OPEN,General,State,I,43336,85.2125768
2024,3,01105,"Prof. Ram Meghe Institute of Technology & Research, Amravati",0110526310,Artificial Intelligence (AI) and Data Science,SC,General,State,I,52094,81.9801476
2024,3,01105,"Prof. Ram Meghe Institute of Technology & Research, Amravati",0110526310,Artificial Intelligence (AI) and Data Science,NT3,General,State,I,74657,73.3652047
2024,3,01105,"Prof. Ram Meghe Institute of Technology & Research, Amravati",0110526310,Artificial Intelligence (AI) and Data Science,OBC,General,State,I,45284,84.5114907
2024,3,01105,"Prof. Ram Meghe Institute of Technology & Research, Amravati",0110526310,Artificial Intelligence (AI) and Data Science,SEBC,General,State,I,96073,63.2687832
2024,3,01105,"Prof. Ram Meghe Institute of Technology & Research, Amravati",0110526310,Artificial Intelligence (AI) and Data Science,OPEN,Ladies,State,I,39011,86.7139959
2024,3,01105,"Prof. Ram Meghe Institute of Technology & Research, Amravati",0110526310,Artificial Intelligence (AI) and Data Science,ST,Ladies,State,I,40338,86.1764583
2024,3,01105,"Prof. Ram Meghe Institute of Technology & Research, Amravati",0110526310,Artificial Intelligence (AI) and Data Science,OBC,Ladies,State,I,107955,57.3310702
2024,3,01105,"Prof. Ram Meghe Institute of Technology & Research, Amravati",0110526310,Artificial Intelligence (AI) and Data Science,SEBC,Ladies,State,I,91074,65.8812284
2024,3,01105,"Prof. Ram Meghe Institute of Technology & Research, Amravati",0110526710,Computer Science and Engineering (IoT),OBC,General,State,I,48778,83.1983982
2024,3,01105,"Prof. Ram Meghe Institute of Technology & Research, Amravati",0110526710,Computer Science and Engineering (IoT),OPEN,Ladies,State,I,32813,88.9034341
2024,3,01105,"Prof. Ram Meghe Institute of Technology & Research, Amravati",0110537210,Electronics and Telecommunication Engg,OPEN,General,State,I,47768,83.5806009
2024,3,01105,"Prof. Ram Meghe Institute of Technology & Research, Amravati",0110537210,Electronics and Telecommunication Engg,ST,General,State,I,167629,15.1214416
2024,3,01105,"Prof. Ram Meghe Institute of Technology & Research, Amravati",0110537210,Electronics and Telecommunication Engg,VJ,General,State,I,84133,69.2652564
2024,3,01105,"Prof. Ram Meghe Institute of Technology & Research, Amravati",0110537210,Electronics and Telecommunication Engg,OBC,General,State,I,50517,82.6959019
2024,3,01105,"Prof. Ram Meghe Institute of Technology & Research, Amravati",0110537210,Electronics and Telecommunication Engg,OPEN,Ladies,State,I,47580,83.639399
2024,3,01105,"Prof. Ram Meghe Institute of Technology & Research, Amravati",0110537210,Electronics and Telecommunication Engg,SEBC,Ladies,State,I,79171,71.3988776
2024,3,01105,"Prof. Ram Meghe Institute of Technology & Research, Amravati",0110561210,Mechanical Engineering,OPEN,General,State,I,84136,69.2652564
2024,3,01105,"Prof. Ram Meghe Institute of Technology & Research, Amravati",0110561210,Mechanical Engineering,SC,General,State,I,89721,66.4751458
2024,3,01105,"Prof. Ram Meghe Institute of Technology & Research, Amravati",0110561210,Mechanical Engineering,ST,General,State,I,117480,52.2046883
2024,3,01105,"Prof. Ram Meghe Institute of Technology & Research, Amravati",0110561210,Mechanical Engineering,VJ,General,State,I,87145,67.8440824
2024,3,01105,"Prof. Ram Meghe Institute of Technology & Research, Amravati",0110561210,Mechanical Engineering,OBC,General,State,I,85336,68.4785771
2024,3,01105,"Prof. Ram Meghe Institute of Technology & Research, Amravati",0110561210,Mechanical Engineering,SEBC,General,State,I,110064,56.9588351
2024,3,01105,"Prof. Ram Meghe Institute of Technology & Research, Amravati",0110561210,Mechanical Engineering,OPEN,Ladies,State,I,121162,50.6004122
2024,3,01105,"Prof. Ram Meghe Institute of Technology & Research, Amravati",0110561210,Mechanical Engineering,SC,Ladies,State,I,87127,67.8440824
2024,3,01107,"P. R. Pote Patil College of Engineering & Management, Amravati",0110724210,Computer Science and Engineering,OPEN,General,State,I,38240,86.8966951
2024,3,01107,"P. R. Pote Patil College of Engineering & Management, Amravati",0110724210,Computer Science and Engineering,SC,General,State,I,51856,82.0158422
2024,3,01107,"P. R. Pote Patil College of Engineering & Management, Amravati",0110724210,Computer Science and Engineering,ST,General,State,I,84819,68.9053056
2024,3,01107,"P. R. Pote Patil College of Engineering & Management, Amravati",0110724210,Computer Science and Engineering,OBC,General,State,I,38272,86.8966951
2024,3,01107,"P. R. Pote Patil College of Engineering & Management, Amravati",0110724210,Computer Science and Engineering,SC,Ladies,State,I,46447,84.0259309
2024,3,01107,"P. R. Pote Patil College of Engineering & Management, Amravati",0110724210,Computer Science and Engineering,OBC,Ladies,State,I,16199,94.5996586
2024,3,01107,"P. R. Pote Patil College of Engineering & Management, Amravati",0110724210,Computer Science and Engineering,OPEN,PWD,State,I,61421,78.4440843
2024,3,01107,"P. R. Pote Patil College of Engineering & Management, Amravati",0110729310,Electrical Engineering,OPEN,General,State,I,67775,76.0337773
2024,3,01107,"P. R. Pote Patil College of Engineering & Management, Amravati",0110729310,Electrical Engineering,SEBC,General,State,I,91255,65.8812284
2024,3,01107,"P. R. Pote Patil College of Engineering & Management, Amravati",0110729310,Electrical Engineering,EWS,General,State,I,157308,24.4231968
2024,3,01107,"P. R. Pote Patil College of Engineering & Management, Amravati",0110737210,Electronics and Telecommunication Engg,OPEN,General,State,I,55055,80.9741447
2024,3,01107,"P. R. Pote Patil College of Engineering & Management, Amravati",0110737210,Electronics and Telecommunication Engg,SC,General,State,I,73260,73.7956676
2024,3,01107,"P. R. Pote Patil College of Engineering & Management, Amravati",0110737210,Electronics and Telecommunication Engg,NT3,General,State,I,77621,72.1239122
2024,3,01107,"P. R. Pote Patil College of Engineering & Management, Amravati",0110791110,Computer Science and Engineering(Artificial Intelligence and Machine Learning),NT1,General,State,I,66645,76.4789025
2024,3,01107,"P. R. Pote Patil College of Engineering & Management, Amravati",0110791110,Computer Science and Engineering(Artificial Intelligence and Machine Learning),OPEN,Ladies,State,I,53242,81.658825
2024,3,01107,"P. R. Pote Patil College of Engineering & Management, Amravati",0110791110,Computer Science and Engineering(Artificial Intelligence and Machine Learning),SC,Ladies,State,I,53478,81.4941569
2024,3,01107,"P. R. Pote Patil College of Engineering & Management, Amravati",0110791110,Computer Science and Engineering(Artificial Intelligence and Machine Learning),OPEN,TFWS,State,I,38859,86.803005
2024,3,01107,"P. R. Pote Patil College of Engineering & Management, Amravati",0110791110,Computer Science and Engineering(Artificial Intelligence and Machine Learning),EWS,General,State,I,105519,59.3445914
2024,3,01107,"P. R. Pote Patil College of Engineering & Management, Amravati",0110799510,Artificial Intelligence and Data Science,OPEN,General,State,I,44138,84.8307457
2024,3,01107,"P. R. Pote Patil College of Engineering & Management, Amravati",0110799510,Artificial Intelligence and Data Science,ST,General,State,I,144536,34.805294
2024,3,01107,"P. R. Pote Patil College of Engineering & Management, Amravati",0110799510,Artificial Intelligence and Data Science,VJ,General,State,I,99689,62.2534756
2024,3,01107,"P. R. Pote Patil College of Engineering & Management, Amravati",0110799510,Artificial Intelligence and Data Science,OPEN,Defence,State,I,92182,65.5460439
2024,3,01114,"Sipna Shikshan Prasarak Mandal College of Engineering & Technology, Amravati",0111419110,Civil Engineering,OPEN,General,State,I,80221,70.8722936
2024,3,01114,"Sipna Shikshan Prasarak Mandal College of Engineering & Technology, Amravati",0111419110,Civil Engineering,SC,General,State,I,84625,69.0659616
2024,3,01114,"Sipna Shikshan Prasarak Mandal College of Engineering & Technology, Amravati",0111419110,Civil Engineering,SEBC,General,State,I,89937,66.4751458
2024,3,01114,"Sipna Shikshan Prasarak Mandal College of Engineering & Technology, Amravati",0111419110,Civil Engineering,OPEN,Ladies,State,I,99163,62.7875345
2024,3,01114,"Sipna Shikshan Prasarak Mandal College of Engineering & Technology, Amravati",0111419110,Civil Engineering,ST,Ladies,State,I,174949,6.3063439
2024,3,01114,"Sipna Shikshan Prasarak Mandal College of Engineering & Technology, Amravati",0111419110,Civil Engineering,OPEN,General,State,II,166341,16.1364215
2024,3,01114,"Sipna Shikshan Prasarak Mandal College of Engineering & Technology, Amravati",0111424210,Computer Science and Engineering,OPEN,General,State,I,41761,85.5759641
2024,3,01114,"Sipna Shikshan Prasarak Mandal College of Engineering & Technology, Amravati",0111424210,Computer Science and Engineering,ST,General,State,I,158731,22.974757
2024,3,01114,"Sipna Shikshan Prasarak Mandal College of Engineering & Technology, Amravati",0111424210,Computer Science and Engineering,VJ,General,State,I,53709,81.3894523
2024,3,01114,"Sipna Shikshan Prasarak Mandal College of Engineering & Technology, Amravati",0111424210,Computer Science and Engineering,OBC,General,State,I,44686,84.6087386
2024,3,01114,"Sipna Shikshan Prasarak Mandal College of Engineering & Technology, Amravati",0111424210,Computer Science and Engineering,OPEN,Ladies,State,I,32027,89.2149834
2024,3,01114,"Sipna Shikshan Prasarak Mandal College of Engineering & Technology, Amravati",0111424210,Computer Science and Engineering,SC,Ladies,State,I,43545,85.1704164
2024,3,01114,"Sipna Shikshan Prasarak Mandal College of Engineering & Technology, Amravati",0111424610,Information Technology,OPEN,General,State,I,45931,84.2430574
2024,3,01114,"Sipna Shikshan Prasarak Mandal College of Engineering & Technology, Amravati",0111424610,Information Technology,SC,General,State,I,67145,76.2466193
2024,3,01114,"Sipna Shikshan Prasarak Mandal College of Engineering & Technology, Amravati",0111424610,Information Technology,ST,General,State,I,143683,35.3791065
2024,3,01114,"Sipna Shikshan Prasarak Mandal College of Engineering & Technology, Amravati",0111424610,Information Technology,NT3,General,State,I,97858,62.8733646
2024,3,01114,"Sipna Shikshan Prasarak Mandal College of Engineering & Technology, Amravati",0111424610,Information Technology,OBC,General,State,I,46572,83.9659115
2024,3,01114,"Sipna Shikshan Prasarak Mandal College of Engineering & Technology, Amravati",0111424610,Information Technology,SEBC,General,State,I,86812,67.8622856
2024,3,01114,"Sipna Shikshan Prasarak Mandal College of Engineering & Technology, Amravati",0111424610,Information Technology,OPEN,Ladies,State,I,46906,83.752973
2024,3,01114,"Sipna Shikshan Prasarak Mandal College of Engineering & Technology, Amravati",0111424610,Information Technology,SEBC,Ladies,State,I,108364,57.2537563
2024,3,01114,"Sipna Shikshan Prasarak Mandal College of Engineering & Technology, Amravati",0111424610,Information Technology,OPEN,Defence,State,I,81810,70.4092512
2024,3,01114,"Sipna Shikshan Prasarak Mandal College of Engineering & Technology, Amravati",0111437210,Electronics and Telecommunication Engg,OPEN,General,State,I,60599,78.9173428
2024,3,01114,"Sipna Shikshan Prasarak Mandal College of Engineering & Technology, Amravati",0111437210,Electronics and Telecommunication Engg,NT3,General,State,I,98138,62.8351694
2024,3,01114,"Sipna Shikshan Prasarak Mandal College of Engineering & Technology, Amravati",0111437210,Electronics and Telecommunication Engg,OBC,General,State,I,61383,78.4507504
2024,3,01114,"Sipna Shikshan Prasarak Mandal College of Engineering & Technology, Amravati",0111437210,Electronics and Telecommunication Engg,SEBC,General,State,I,90329,66.1855163
2024,3,01114,"Sipna Shikshan Prasarak Mandal College of Engineering & Technology, Amravati",0111437210,Electronics and Telecommunication Engg,OPEN,Ladies,State,I,57757,79.9360013
2024,3,01114,"Sipna Shikshan Prasarak Mandal College of Engineering & Technology, Amravati",0111437210,Electronics and Telecommunication Engg,NT2,Ladies,State,I,73627,73.7743452
2024,3,01114,"Sipna Shikshan Prasarak Mandal College of Engineering & Technology, Amravati",0111437210,Electronics and Telecommunication Engg,OPEN,PWD,State,I,159489,22.4081803
2024,3,01114,"Sipna Shikshan Prasarak Mandal College of Engineering & Technology, Amravati",0111461210,Mechanical Engineering,OPEN,General,State,I,83771,69.4683908
2024,3,01114,"Sipna Shikshan Prasarak Mandal College of Engineering & Technology, Amravati",0111461210,Mechanical Engineering,SC,General,State,I,94772,63.9612515
2024,3,01114,"Sipna Shikshan Prasarak Mandal College of Engineering & Technology, Amravati",0111461210,Mechanical Engineering,NT2,General,State,I,91224,65.8812284
2024,3,01114,"Sipna Shikshan Prasarak Mandal College of Engineering & Technology, Amravati",0111461210,Mechanical Engineering,SC,Ladies,State,I,118324,52.0276576
2024,3,01114,"Sipna Shikshan Prasarak Mandal College of Engineering & Technology, Amravati",0111461210,Mechanical Engineering,VJ,Ladies,State,I,172513,9.5359294
2024,3,01116,"Shri Shivaji Education Society's College of Engineering and Technology, Akola",0111619110,Civil Engineering,OPEN,General,Other,I,144545,34.805294
2024,3,01116,"Shri Shivaji Education Society's College of Engineering and Technology, Akola",0111619110,Civil Engineering,OBC,General,Other,I,145964,33.6953839
2024,3,01116,"Shri Shivaji Education Society's College of Engineering and Technology, Akola",0111624210,Computer Science and Engineering,OPEN,General,Other,I,81187,70.5008347
2024,3,01116,"Shri Shivaji Education Society's College of Engineering and Technology, Akola",0111624210,Computer Science and Engineering,OPEN,Ladies,Other,I,46865,83.752973
2024,3,01116,"Shri Shivaji Education Society's College of Engineering and Technology, Akola",0111624210,Computer Science and Engineering,OPEN,General,Other,I,93749,65.0377535
2024,3,01116,"Shri Shivaji Education Society's College of Engineering and Technology, Akola",0111624210,Computer Science and Engineering,OPEN,Ladies,Other,I,147950,32.0977394
2024,3,01116,"Shri Shivaji Education Society's College of Engineering and Technology, Akola",0111624210,Computer Science and Engineering,OPEN,General,Other,I,68283,75.7359803
2024,3,01116,"Shri Shivaji Education Society's College of Engineering and Technology, Akola",0111624610,Information Technology,OPEN,General,Other,I,115921,53.7424491
2024,3,01116,"Shri Shivaji Education Society's College of Engineering and Technology, Akola",0111624610,Information Technology,OBC,General,Other,I,131085,44.3676458
2024,3,01116,"Shri Shivaji Education Society's College of Engineering and Technology, Akola",0111624610,Information Technology,OPEN,Ladies,Other,I,72032,74.3614357
2024,3,01117,"Janata Shikshan Prasarak Mandal’s Babasaheb Naik College Of Engineering, Pusad",0111724210,Computer Science and Engineering,OPEN,General,Other,I,107196,57.9919409
2024,3,01117,"Janata Shikshan Prasarak Mandal’s Babasaheb Naik College Of Engineering, Pusad",0111724210,Computer Science and Engineering,OBC,General,Other,I,124089,48.6637821
2024,3,01117,"Janata Shikshan Prasarak Mandal’s Babasaheb Naik College Of Engineering, Pusad",0111724210,Computer Science and Engineering,OBC,Defence,State,I,57473,80.003358
2024,3,01117,"Janata Shikshan Prasarak Mandal’s Babasaheb Naik College Of Engineering, Pusad",0111724210,Computer Science and Engineering,OPEN,TFWS,State,I,115278,53.8203081
2024,3,01117,"Janata Shikshan Prasarak Mandal’s Babasaheb Naik College Of Engineering, Pusad",0111761210,Mechanical Engineering,SC,General,Other,I,149045,31.3198919
2024,3,01117,"Janata Shikshan Prasarak Mandal’s Babasaheb Naik College Of Engineering, Pusad",0111761210,Mechanical Engineering,SC,General,Other,I,172124,9.6685964
2024,3,01119,"Paramhansa Ramkrishna Maunibaba Shikshan Santha's , Anuradha Engineering College, Chikhali",0111924210,Computer Science and Engineering,OPEN,General,Other,I,97221,63.0701676
2024,3,01119,"Paramhansa Ramkrishna Maunibaba Shikshan Santha's , Anuradha Engineering College, Chikhali",0111924210,Computer Science and Engineering,OPEN,Ladies,Other,I,98572,62.795808
2024,3,01119,"Paramhansa Ramkrishna Maunibaba Shikshan Santha's , Anuradha Engineering College, Chikhali",0111924210,Computer Science and Engineering,OPEN,General,Other,I,59775,79.1318865
2024,3,01119,"Paramhansa Ramkrishna Maunibaba Shikshan Santha's , Anuradha Engineering College, Chikhali",0111924210,Computer Science and Engineering,OPEN,Ladies,Other,I,61228,78.4507504
2024,3,01119,"Paramhansa Ramkrishna Maunibaba Shikshan Santha's , Anuradha Engineering College, Chikhali",0111937210,Electronics and Telecommunication Engg,OPEN,Ladies,Other,I,156823,24.7657909
2024,3,01119,"Paramhansa Ramkrishna Maunibaba Shikshan Santha's , Anuradha Engineering College, Chikhali",0111961210,Mechanical Engineering,OPEN,General,Other,I,125655,47.6302148
2024,3,01119,"Paramhansa Ramkrishna Maunibaba Shikshan Santha's , Anuradha Engineering College, Chikhali",0111961210,Mechanical Engineering,OBC,General,Other,I,127805,46.3188381
2024,3,01119,"Paramhansa Ramkrishna Maunibaba Shikshan Santha's , Anuradha Engineering College, Chikhali",0111961210,Mechanical Engineering,OPEN,General,Other,I,146540,33.099972
2024,3,01121,"Shri Hanuman Vyayam Prasarak Mandals College of Engineering & Technology, Amravati",0112124210,Computer Science and Engineering,OPEN,General,Other,I,63766,77.7634641
2024,3,01121,"Shri Hanuman Vyayam Prasarak Mandals College of Engineering & Technology, Amravati",0112124210,Computer Science and Engineering,OBC,General,Other,I,87772,67.6158803
2024,3,01121,"Shri Hanuman Vyayam Prasarak Mandals College of Engineering & Technology, Amravati",0112124210,Computer Science and Engineering,OPEN,General,Other,I,65953,76.7300255
2024,3,01121,"Shri Hanuman Vyayam Prasarak Mandals College of Engineering & Technology, Amravati",0112124610,Information Technology,OBC,General,Other,I,95307,63.7045846
2024,3,01121,"Shri Hanuman Vyayam Prasarak Mandals College of Engineering & Technology, Amravati",0112124610,Information Technology,OBC,General,Other,I,156881,24.7657909
2024,3,01121,"Shri Hanuman Vyayam Prasarak Mandals College of Engineering & Technology, Amravati",0112137210,Electronics and Telecommunication Engg,OPEN,General,Other,I,95524,63.5370419
2024,3,01121,"Shri Hanuman Vyayam Prasarak Mandals College of Engineering & Technology, Amravati",0112137210,Electronics and Telecommunication Engg,SC,General,Other,I,128304,46.2784017
2024,3,01121,"Shri Hanuman Vyayam Prasarak Mandals College of Engineering & Technology, Amravati",0112137210,Electronics and Telecommunication Engg,OBC,General,Other,I,100067,61.8908693
2024,3,01121,"Shri Hanuman Vyayam Prasarak Mandals College of Engineering & Technology, Amravati",0112137210,Electronics and Telecommunication Engg,OPEN,General,Other,I,168430,13.7020033
2024,3,01121,"Shri Hanuman Vyayam Prasarak Mandals College of Engineering & Technology, Amravati",0112161210,Mechanical Engineering,OPEN,General,Other,I,141238,37.2130338
2024,3,01121,"Shri Hanuman Vyayam Prasarak Mandals College of Engineering & Technology, Amravati",0112161210,Mechanical Engineering,OBC,General,Other,I,147127,32.8344132
2024,3,01121,"Shri Hanuman Vyayam Prasarak Mandals College of Engineering & Technology, Amravati",0112161210,Mechanical Engineering,OPEN,General,Other,I,94348,64.6500162
2024,3,01123,"Dr.Rajendra Gode Institute of Technology & Research, Amravati",0112319110,Civil Engineering,OPEN,General,Other,I,147230,32.8344132
2024,3,01123,"Dr.Rajendra Gode Institute of Technology & Research, Amravati",0112319110,Civil Engineering,SC,General,Other,I,162659,19.3655345
2024,3,01123,"Dr.Rajendra Gode Institute of Technology & Research, Amravati",0112319110,Civil Engineering,OPEN,Ladies,Other,I,161556,20.9410678
2024,3,01123,"Dr.Rajendra Gode Institute of Technology & Research, Amravati",0112319110,Civil Engineering,OPEN,General,Other,I,167717,14.7377685
2024,3,01123,"Dr.Rajendra Gode Institute of Technology & Research, Amravati",0112319110,Civil Engineering,SC,General,Other,I,115948,53.7424491
2024,3,01123,"Dr.Rajendra Gode Institute of Technology & Research, Amravati",0112319110,Civil Engineering,OPEN,General,Other,I,30829,89.5570146
2024,3,01123,"Dr.Rajendra Gode Institute of Technology & Research, Amravati",0112324210,Computer Science and Engineering,OPEN,General,Other,I,107156,57.9919409
2024,3,01123,"Dr.Rajendra Gode Institute of Technology & Research, Amravati",0112324210,Computer Science and Engineering,OPEN,Ladies,Other,I,96987,63.0759599
2024,3,01123,"Dr.Rajendra Gode Institute of Technology & Research, Amravati",0112324210,Computer Science and Engineering,OPEN,General,Other,I,73403,73.7956676
2024,3,01123,"Dr.Rajendra Gode Institute of Technology & Research, Amravati",0112324210,Computer Science and Engineering,OPEN,Defence,State,I,70421,74.9709109
2024,3,01123,"Dr.Rajendra Gode Institute of Technology & Research, Amravati",0112324210,Computer Science and Engineering,OBC,Defence,State,I,134917,41.8427081
2024,3,01123,"Dr.Rajendra Gode Institute of Technology & Research, Amravati",0112337210,Electronics and Telecommunication Engg,OPEN,General,Other,I,120045,50.9307179
2024,3,01123,"Dr.Rajendra Gode Institute of Technology & Research, Amravati",0112337210,Electronics and Telecommunication Engg,SC,General,Other,I,164570,18.1287777
2024,3,01123,"Dr.Rajendra Gode Institute of Technology & Research, Amravati",0112337210,Electronics and Telecommunication Engg,OPEN,Ladies,Other,I,137415,39.7481853
2024,3,01123,"Dr.Rajendra Gode Institute of Technology & Research, Amravati",0112337210,Electronics and Telecommunication Engg,OPEN,General,Other,I,136781,40.1585977
2024,3,01125,"Dwarka Bahu Uddeshiya Gramin Vikas Foundation, Rajarshi Shahu College of Engineering, Buldhana",0112524210,Computer Science and Engineering,OPEN,General,Other,I,114872,54.0550229
2024,3,01125,"Dwarka Bahu Uddeshiya Gramin Vikas Foundation, Rajarshi Shahu College of Engineering, Buldhana",0112524210,Computer Science and Engineering,SC,General,Other,I,125420,47.6302148
2024,3,01125,"Dwarka Bahu Uddeshiya Gramin Vikas Foundation, Rajarshi Shahu College of Engineering, Buldhana",0112524210,Computer Science and Engineering,OBC,General,Other,I,159640,22.2282247
2024,3,01125,"Dwarka Bahu Uddeshiya Gramin Vikas Foundation, Rajarshi Shahu College of Engineering, Buldhana",0112524210,Computer Science and Engineering,OPEN,Ladies,Other,I,130466,44.4778985
2024,3,01125,"Dwarka Bahu Uddeshiya Gramin Vikas Foundation, Rajarshi Shahu College of Engineering, Buldhana",0112524210,Computer Science and Engineering,OPEN,General,Other,I,90546,66.0164943
2024,3,01125,"Dwarka Bahu Uddeshiya Gramin Vikas Foundation, Rajarshi Shahu College of Engineering, Buldhana",0112524210,Computer Science and Engineering,OPEN,TFWS,State,I,86813,67.8622856
2024,3,01125,"Dwarka Bahu Uddeshiya Gramin Vikas Foundation, Rajarshi Shahu College of Engineering, Buldhana",0112524210,Computer Science and Engineering,OPEN,Orphan,State,I,109604,57.0470967
2024,3,01125,"Dwarka Bahu Uddeshiya Gramin Vikas Foundation, Rajarshi Shahu College of Engineering, Buldhana",0112526310,Artificial Intelligence (AI) and Data Science,OPEN,General,Other,I,167576,15.1214416
2024,3,01125,"Dwarka Bahu Uddeshiya Gramin Vikas Foundation, Rajarshi Shahu College of Engineering, Buldhana",0112526310,Artificial Intelligence (AI) and Data Science,SC,General,Other,I,176187,4.9568966
2024,3,01125,"Dwarka Bahu Uddeshiya Gramin Vikas Foundation, Rajarshi Shahu College of Engineering, Buldhana",0112526310,Artificial Intelligence (AI) and Data Science,OPEN,Defence,State,I,176358,4.8593455
2024,3,01125,"Dwarka Bahu Uddeshiya Gramin Vikas Foundation, Rajarshi Shahu College of Engineering, Buldhana",0112529310,Electrical Engineering,OBC,General,Other,I,170092,11.9971742
2024,3,01126,"Takshashila Institute of Engineering & Technology, Darapur, Amravati",0112624210,Computer Science and Engineering,OPEN,General,Other,I,146250,33.5585964
2024,3,01126,"Takshashila Institute of Engineering & Technology, Darapur, Amravati",0112624210,Computer Science and Engineering,SC,General,Other,I,149633,30.954192
2024,3,01126,"Takshashila Institute of Engineering & Technology, Darapur, Amravati",0112624210,Computer Science and Engineering,OBC,General,Other,I,168586,13.6621028
2024,3,01126,"Takshashila Institute of Engineering & Technology, Darapur, Amravati",0112624210,Computer Science and Engineering,OPEN,Ladies,Other,I,174176,7.5978015
2024,3,01126,"Takshashila Institute of Engineering & Technology, Darapur, Amravati",0112624210,Computer Science and Engineering,OPEN,General,Other,II,160548,21.4924132
2024,3,01126,"Takshashila Institute of Engineering & Technology, Darapur, Amravati",0112629310,Electrical Engineering,OPEN,General,Other,I,122096,50.0353239
2024,3,01127,"Jagadambha Bahuuddeshiya Gramin Vikas Sanstha's Jagdambha College of Engineering and Technology, Yavatmal",0112719110,Civil Engineering,SC,General,State,I,134896,41.8427081
2024,3,01127,"Jagadambha Bahuuddeshiya Gramin Vikas Sanstha's Jagdambha College of Engineering and Technology, Yavatmal",0112719110,Civil Engineering,OBC,Ladies,State,I,145043,34.8002089
2024,3,01127,"Jagadambha Bahuuddeshiya Gramin Vikas Sanstha's Jagdambha College of Engineering and Technology, Yavatmal",0112719110,Civil Engineering,OPEN,TFWS,State,I,133473,42.725346
2024,3,01127,"Jagadambha Bahuuddeshiya Gramin Vikas Sanstha's Jagdambha College of Engineering and Technology, Yavatmal",0112724510,Computer Engineering,OPEN,General,State,I,90076,66.4751458
2024,3,01127,"Jagadambha Bahuuddeshiya Gramin Vikas Sanstha's Jagdambha College of Engineering and Technology, Yavatmal",0112724510,Computer Engineering,SC,General,State,I,119580,51.1396363
2024,3,01127,"Jagadambha Bahuuddeshiya Gramin Vikas Sanstha's Jagdambha College of Engineering and Technology, Yavatmal",0112724510,Computer Engineering,ST,General,State,I,146566,33.099972
2024,3,01127,"Jagadambha Bahuuddeshiya Gramin Vikas Sanstha's Jagdambha College of Engineering and Technology, Yavatmal",0112724510,Computer Engineering,NT2,General,State,I,91546,65.722735
2024,3,01127,"Jagadambha Bahuuddeshiya Gramin Vikas Sanstha's Jagdambha College of Engineering and Technology, Yavatmal",0112724510,Computer Engineering,NT3,General,State,I,116372,53.517849
2024,3,01127,"Jagadambha Bahuuddeshiya Gramin Vikas Sanstha's Jagdambha College of Engineering and Technology, Yavatmal",0112724510,Computer Engineering,OBC,General,State,I,91785,65.5509182
2024,3,01127,"Jagadambha Bahuuddeshiya Gramin Vikas Sanstha's Jagdambha College of Engineering and Technology, Yavatmal",0112724510,Computer Engineering,SEBC,General,State,I,101113,60.6237408
2024,3,01127,"Jagadambha Bahuuddeshiya Gramin Vikas Sanstha's Jagdambha College of Engineering and Technology, Yavatmal",0112724510,Computer Engineering,SC,Ladies,State,I,105505,59.3445914
2024,3,01127,"Jagadambha Bahuuddeshiya Gramin Vikas Sanstha's Jagdambha College of Engineering and Technology, Yavatmal",0112724510,Computer Engineering,OPEN,PWD,State,I,143128,35.6703287
2024,3,01127,"Jagadambha Bahuuddeshiya Gramin Vikas Sanstha's Jagdambha College of Engineering and Technology, Yavatmal",0112729310,Electrical Engineering,OPEN,General,State,I,100733,60.8485656
2024,3,01127,"Jagadambha Bahuuddeshiya Gramin Vikas Sanstha's Jagdambha College of Engineering and Technology, Yavatmal",0112729310,Electrical Engineering,SC,General,State,I,138222,39.2350823
2024,3,01127,"Jagadambha Bahuuddeshiya Gramin Vikas Sanstha's Jagdambha College of Engineering and Technology, Yavatmal",0112729310,Electrical Engineering,OBC,General,State,I,112257,55.1151268
2024,3,01127,"Jagadambha Bahuuddeshiya Gramin Vikas Sanstha's Jagdambha College of Engineering and Technology, Yavatmal",0112729310,Electrical Engineering,SEBC,General,State,I,128056,46.3188381
2024,3,01127,"Jagadambha Bahuuddeshiya Gramin Vikas Sanstha's Jagdambha College of Engineering and Technology, Yavatmal",0112729310,Electrical Engineering,OPEN,Ladies,State,I,130586,44.4778985
2024,3,01127,"Jagadambha Bahuuddeshiya Gramin Vikas Sanstha's Jagdambha College of Engineering and Technology, Yavatmal",0112729310,Electrical Engineering,SC,Ladies,State,I,126844,46.5102928
2024,3,01127,"Jagadambha Bahuuddeshiya Gramin Vikas Sanstha's Jagdambha College of Engineering and Technology, Yavatmal",0112737210,Electronics and Telecommunication Engg,OPEN,General,State,I,110625,56.846611
2024,3,01127,"Jagadambha Bahuuddeshiya Gramin Vikas Sanstha's Jagdambha College of Engineering and Technology, Yavatmal",0112737210,Electronics and Telecommunication Engg,NT2,General,State,I,140418,38.0295157
2024,3,01127,"Jagadambha Bahuuddeshiya Gramin Vikas Sanstha's Jagdambha College of Engineering and Technology, Yavatmal",0112737210,Electronics and Telecommunication Engg,SEBC,General,State,I,100520,61.3261708
2024,3,01127,"Jagadambha Bahuuddeshiya Gramin Vikas Sanstha's Jagdambha College of Engineering and Technology, Yavatmal",0112737210,Electronics and Telecommunication Engg,OPEN,Ladies,State,I,164199,18.4142776
2024,3,01127,"Jagadambha Bahuuddeshiya Gramin Vikas Sanstha's Jagdambha College of Engineering and Technology, Yavatmal",0112761210,Mechanical Engineering,OPEN,General,State,I,139983,38.5392182
2024,3,01127,"Jagadambha Bahuuddeshiya Gramin Vikas Sanstha's Jagdambha College of Engineering and Technology, Yavatmal",0112761210,Mechanical Engineering,SC,General,State,I,153793,27.5123271
2024,3,01127,"Jagadambha Bahuuddeshiya Gramin Vikas Sanstha's Jagdambha College of Engineering and Technology, Yavatmal",0112761210,Mechanical Engineering,OBC,General,State,I,139998,38.4109612
2024,3,01127,"Jagadambha Bahuuddeshiya Gramin Vikas Sanstha's Jagdambha College of Engineering and Technology, Yavatmal",0112761210,Mechanical Engineering,SEBC,General,State,I,161824,20.9331029
2024,3,01128,"Prof Ram Meghe College of Engineering and Management, Badnera",0112819110,Civil Engineering,OPEN,General,Other,I,114925,54.0550229
2024,3,01128,"Prof Ram Meghe College of Engineering and Management, Badnera",0112819110,Civil Engineering,OPEN,General,Other,I,150813,30.3265615
2024,3,01128,"Prof Ram Meghe College of Engineering and Management, Badnera",0112824210,Computer Science and Engineering,OPEN,General,Other,I,61071,78.5613347
2024,3,01128,"Prof Ram Meghe College of Engineering and Management, Badnera",0112824210,Computer Science and Engineering,OBC,General,Other,I,151855,28.8690743
2024,3,01128,"Prof Ram Meghe College of Engineering and Management, Badnera",0112824210,Computer Science and Engineering,OPEN,Ladies,Other,I,62261,78.1946121
2024,3,01128,"Prof Ram Meghe College of Engineering and Management, Badnera",0112824210,Computer Science and Engineering,OPEN,Defence,State,I,38362,86.889129
2024,3,01128,"Prof Ram Meghe College of Engineering and Management, Badnera",0112824210,Computer Science and Engineering,OPEN,TFWS,State,I,119199,51.2783205
2024,3,01128,"Prof Ram Meghe College of Engineering and Management, Badnera",0112824610,Information Technology,OPEN,General,Other,I,56737,80.2743712
2024,3,01128,"Prof Ram Meghe College of Engineering and Management, Badnera",0112824610,Information Technology,SC,General,Other,I,86107,68.2901694
2024,3,01128,"Prof Ram Meghe College of Engineering and Management, Badnera",0112824610,Information Technology,OPEN,Ladies,Other,I,74555,73.3652047
2024,3,01128,"Prof Ram Meghe College of Engineering and Management, Badnera",0112824610,Information Technology,OPEN,Defence,State,I,138396,39.0541888
2024,3,01128,"Prof Ram Meghe College of Engineering and Management, Badnera",0112829310,Electrical Engineering,OBC,General,Other,I,110417,56.846611
2024,3,01128,"Prof Ram Meghe College of Engineering and Management, Badnera",0112829310,Electrical Engineering,OPEN,Defence,State,I,72220,74.2767378
2024,3,01128,"Prof Ram Meghe College of Engineering and Management, Badnera",0112829310,Electrical Engineering,OPEN,TFWS,State,I,159835,22.1725851
2024,3,01128,"Prof Ram Meghe College of Engineering and Management, Badnera",0112891210,Computer Science and Engineering(Data Science),OPEN,Ladies,Other,I,60655,78.9173428
2024,3,01130,"Vision Buldhana Educational & Welfare Society's Pankaj Laddhad Institute of Technology & Management Studies, Yelgaon",0113024210,Computer Science and Engineering,OBC,General,Other,I,98061,62.8733646
2024,3,01130,"Vision Buldhana Educational & Welfare Society's Pankaj Laddhad Institute of Technology & Management Studies, Yelgaon",0113024210,Computer Science and Engineering,OBC,General,Other,I,96851,63.0759599
2024,3,01130,"Vision Buldhana Educational & Welfare Society's Pankaj Laddhad Institute of Technology & Management Studies, Yelgaon",0113037210,Electronics and Telecommunication Engg,SC,General,Other,I,144969,34.8002089
2024,3,01130,"Vision Buldhana Educational & Welfare Society's Pankaj Laddhad Institute of Technology & Management Studies, Yelgaon",0113037210,Electronics and Telecommunication Engg,OPEN,Ladies,Other,I,148056,32.0977394
2024,3,01180,"Sanmati Engineering College, Sawargaon Barde, Washim",0118024210,Computer Science and Engineering,OPEN,General,Other,I,115967,53.7424491
2024,3,01180,"Sanmati Engineering College, Sawargaon Barde, Washim",0118024210,Computer Science and Engineering,SC,General,Other,I,162113,20.7289199
2024,3,01180,"Sanmati Engineering College, Sawargaon Barde, Washim",0118024210,Computer Science and Engineering,OBC,General,Other,I,128438,46.2784017
2024,3,01180,"Sanmati Engineering College, Sawargaon Barde, Washim",0118024210,Computer Science and Engineering,OPEN,General,Other,I,117779,52.2046883
2024,3,01180,"Sanmati Engineering College, Sawargaon Barde, Washim",0118026310,Artificial Intelligence (AI) and Data Science,OPEN,General,Other,I,165027,17.3380806
2024,3,01180,"Sanmati Engineering College, Sawargaon Barde, Washim",0118026310,Artificial Intelligence (AI) and Data Science,OPEN,Ladies,Other,I,152941,28.0884374
2024,3,01180,"Sanmati Engineering College, Sawargaon Barde, Washim",0118029310,Electrical Engineering,OBC,General,Other,I,176717,4.1087911
2024,3,01265,"Mauli Group of Institutions, College of Engineering and Technology, Shegaon.",0126519110,Civil Engineering,SC,General,Other,I,132268,43.4393889
2024,3,01265,"Mauli Group of Institutions, College of Engineering and Technology, Shegaon.",0126524210,Computer Science and Engineering,SC,General,Other,I,94461,64.6500162
2024,3,01265,"Mauli Group of Institutions, College of Engineering and Technology, Shegaon.",0126524210,Computer Science and Engineering,OBC,General,Other,I,84428,69.2652564
2024,3,01265,"Mauli Group of Institutions, College of Engineering and Technology, Shegaon.",0126524210,Computer Science and Engineering,SC,General,Other,I,51028,82.4585869
2024,3,01265,"Mauli Group of Institutions, College of Engineering and Technology, Shegaon.",0126524210,Computer Science and Engineering,OBC,General,Other,I,56770,80.2743712
2024,3,01265,"Mauli Group of Institutions, College of Engineering and Technology, Shegaon.",0126537210,Electronics and Telecommunication Engg,OPEN,General,Other,I,86324,68.1767082
2024,3,01268,"Siddhivinayak Technical Campus, School of Engineering & Research Technology, Shirasgon, Nile",0126824210,Computer Science and Engineering,OBC,General,Other,I,115446,53.7694785
2024,3,01276,"Manav School of Engineering & Technology, Gut No. 1035 Nagpur Surat Highway, NH No. 6 Tal.Vyala, Balapur, Akola, 444302",0127624510,Computer Engineering,OPEN,Ladies,Other,I,155680,25.6745674
2024,3,01276,"Manav School of Engineering & Technology, Gut No. 1035 Nagpur Surat Highway, NH No. 6 Tal.Vyala, Balapur, Akola, 444302",0127624510,Computer Engineering,OPEN,Ladies,Other,I,97290,63.0701676
2024,3,01276,"Manav School of Engineering & Technology, Gut No. 1035 Nagpur Surat Highway, NH No. 6 Tal.Vyala, Balapur, Akola, 444302",0127624510,Computer Engineering,OPEN,Defence,State,I,132879,43.1231034
2024,3,01276,"Manav School of Engineering & Technology, Gut No. 1035 Nagpur Surat Highway, NH No. 6 Tal.Vyala, Balapur, Akola, 444302",0127624510,Computer Engineering,OPEN,TFWS,State,I,171291,11.0205778
2024,3,02008,"Government College of Engineering, Chhatrapati Sambhajinagar",0200819110,Civil Engineering,OPEN,General,State,I,33053,88.7794539
2024,3,02008,"Government College of Engineering, Chhatrapati Sambhajinagar",0200819110,Civil Engineering,OBC,General,State,I,33570,88.632522
2024,3,02008,"Government College of Engineering, Chhatrapati Sambhajinagar",0200819110,Civil Engineering,OPEN,Ladies,State,I,45982,84.2430574
2024,3,02008,"Government College of Engineering, Chhatrapati Sambhajinagar",0200819110,Civil Engineering,NT3,Ladies,State,I,56666,80.3003309
2024,3,02008,"Government College of Engineering, Chhatrapati Sambhajinagar",0200819110,Civil Engineering,OBC,Ladies,State,I,55288,80.7840564
2024,3,02008,"Government College of Engineering, Chhatrapati Sambhajinagar",0200819110,Civil Engineering,OPEN,TFWS,State,I,32451,89.0376221
2024,3,02008,"Government College of Engineering, Chhatrapati Sambhajinagar",0200819110,Civil Engineering,OBC,Defence,State,I,69245,75.3516004
2024,3,02008,"Government College of Engineering, Chhatrapati Sambhajinagar",0200819110,Civil Engineering,EWS,General,State,I,51441,82.1878954
2024,3,02008,"Government College of Engineering, Chhatrapati Sambhajinagar",0200824210,Computer Science and Engineering,SC,General,State,I,24884,91.6557848
2024,3,02008,"Government College of Engineering, Chhatrapati Sambhajinagar",0200824210,Computer Science and Engineering,NT2,General,State,I,11809,96.1033294
2024,3,02008,"Government College of Engineering, Chhatrapati Sambhajinagar",0200824210,Computer Science and Engineering,OPEN,Ladies,State,I,3036,98.9309246
2024,3,02008,"Government College of Engineering, Chhatrapati Sambhajinagar",0200824210,Computer Science and Engineering,NT1,Ladies,State,I,34017,88.5172385
2024,3,02008,"Government College of Engineering, Chhatrapati Sambhajinagar",0200824210,Computer Science and Engineering,OPEN,TFWS,State,I,4155,98.5704193
2024,3,02008,"Government College of Engineering, Chhatrapati Sambhajinagar",0200824610,Information Technology,OPEN,General,State,I,8179,97.2769288
2024,3,02008,"Government College of Engineering, Chhatrapati Sambhajinagar",0200824610,Information Technology,SC,General,State,I,28801,90.3485031
2024,3,02008,"Government College of Engineering, Chhatrapati Sambhajinagar",0200824610,Information Technology,ST,General,State,I,59903,79.1318865
2024,3,02008,"Government College of Engineering, Chhatrapati Sambhajinagar",0200824610,Information Technology,OPEN,Ladies,State,I,9110,96.9748411
2024,3,02008,"Government College of Engineering, Chhatrapati Sambhajinagar",0200824610,Information Technology,OPEN,TFWS,State,I,5203,98.2327849
2024,3,02008,"Government College of Engineering, Chhatrapati Sambhajinagar",0200824610,Information Technology,EWS,General,State,I,14069,95.3474417
2024,3,02008,"Government College of Engineering, Chhatrapati Sambhajinagar",0200829310,Electrical Engineering,OPEN,General,State,I,21207,92.9300079
2024,3,02008,"Government College of Engineering, Chhatrapati Sambhajinagar",0200829310,Electrical Engineering,OBC,General,State,I,23752,92.1089443
2024,3,02008,"Government College of Engineering, Chhatrapati Sambhajinagar",0200829310,Electrical Engineering,SEBC,General,State,I,25954,91.295495
2024,3,02008,"Government College of Engineering, Chhatrapati Sambhajinagar",0200829310,Electrical Engineering,OPEN,Ladies,State,I,19707,93.4388584
2024,3,02008,"Government College of Engineering, Chhatrapati Sambhajinagar",0200829310,Electrical Engineering,SC,Ladies,State,I,47670,83.5806009
2024,3,02008,"Government College of Engineering, Chhatrapati Sambhajinagar",0200829310,Electrical Engineering,OBC,Ladies,State,I,27378,90.8293494
2024,3,02008,"Government College of Engineering, Chhatrapati Sambhajinagar",0200829310,Electrical Engineering,OBC,PWD,State,I,27083,90.9017918
2024,3,02008,"Government College of Engineering, Chhatrapati Sambhajinagar",0200829310,Electrical Engineering,OPEN,TFWS,State,I,34408,88.3567734
2024,3,02008,"Government College of Engineering, Chhatrapati Sambhajinagar",0200837210,Electronics and Telecommunication Engg,OPEN,General,State,I,16436,94.5541467
2024,3,02008,"Government College of Engineering, Chhatrapati Sambhajinagar",0200837210,Electronics and Telecommunication Engg,SC,General,State,I,32402,89.0644285
2024,3,02008,"Government College of Engineering, Chhatrapati Sambhajinagar",0200837210,Electronics and Telecommunication Engg,ST,General,State,I,128837,45.521922
2024,3,02008,"Government College of Engineering, Chhatrapati Sambhajinagar",0200837210,Electronics and Telecommunication Engg,OPEN,Ladies,State,I,15824,94.7726504
2024,3,02008,"Government College of Engineering, Chhatrapati Sambhajinagar",0200837210,Electronics and Telecommunication Engg,SC,Ladies,State,I,41798,85.5759641
2024,3,02008,"Government College of Engineering, Chhatrapati Sambhajinagar",0200837210,Electronics and Telecommunication Engg,OPEN,TFWS,State,I,13691,95.4728747
2024,3,02008,"Government College of Engineering, Chhatrapati Sambhajinagar",0200837210,Electronics and Telecommunication Engg,OPEN,Orphan,State,I,19104,93.6711065
2024,3,02008,"Government College of Engineering, Chhatrapati Sambhajinagar",0200861210,Mechanical Engineering,OPEN,General,State,I,26899,90.9518962
2024,3,02008,"Government College of Engineering, Chhatrapati Sambhajinagar",0200861210,Mechanical Engineering,SC,General,State,I,55366,80.7840564
2024,3,02008,"Government College of Engineering, Chhatrapati Sambhajinagar",0200861210,Mechanical Engineering,ST,General,State,I,163788,18.576741
2024,3,02008,"Government College of Engineering, Chhatrapati Sambhajinagar",0200861210,Mechanical Engineering,OPEN,Ladies,State,I,38346,86.889129
2024,3,02008,"Government College of Engineering, Chhatrapati Sambhajinagar",0200861210,Mechanical Engineering,OBC,PWD,State,I,34855,88.157541
2024,3,02008,"Government College of Engineering, Chhatrapati Sambhajinagar",0200861210,Mechanical Engineering,OPEN,TFWS,State,I,65129,76.8897938
2024,3,02020,"Shri Guru Gobind Singhji Institute of Engineering and Technology, Nanded",0202019110,Civil Engineering,OPEN,General,State,I,45690,84.3369649
2024,3,02020,"Shri Guru Gobind Singhji Institute of Engineering and Technology, Nanded",0202019110,Civil Engineering,SC,General,State,I,60877,78.81049
2024,3,02020,"Shri Guru Gobind Singhji Institute of Engineering and Technology, Nanded",0202019110,Civil Engineering,OBC,General,State,I,51844,82.0158422
2024,3,02020,"Shri Guru Gobind Singhji Institute of Engineering and Technology, Nanded",0202019110,Civil Engineering,OPEN,Ladies,State,I,32571,89.0036224
2024,3,02020,"Shri Guru Gobind Singhji Institute of Engineering and Technology, Nanded",0202019110,Civil Engineering,SEBC,Ladies,State,I,48637,83.1983982
2024,3,02020,"Shri Guru Gobind Singhji Institute of Engineering and Technology, Nanded",0202019110,Civil Engineering,OPEN,PWD,State,I,47696,83.5806009
2024,3,02020,"Shri Guru Gobind Singhji Institute of Engineering and Technology, Nanded",0202019110,Civil Engineering,OPEN,TFWS,State,I,51818,82.1493863
2024,3,02020,"Shri Guru Gobind Singhji Institute of Engineering and Technology, Nanded",0202024210,Computer Science and Engineering,OPEN,General,State,I,9975,96.7175957
2024,3,02020,"Shri Guru Gobind Singhji Institute of Engineering and Technology, Nanded",0202024210,Computer Science and Engineering,SC,General,State,I,24998,91.6345444
2024,3,02020,"Shri Guru Gobind Singhji Institute of Engineering and Technology, Nanded",0202024210,Computer Science and Engineering,OPEN,Ladies,State,I,11461,96.2109407
2024,3,02020,"Shri Guru Gobind Singhji Institute of Engineering and Technology, Nanded",0202024210,Computer Science and Engineering,ST,Ladies,State,I,88932,67.0458361
2024,3,02020,"Shri Guru Gobind Singhji Institute of Engineering and Technology, Nanded",0202024210,Computer Science and Engineering,OBC,Ladies,State,I,12852,95.7445909
2024,3,02020,"Shri Guru Gobind Singhji Institute of Engineering and Technology, Nanded",0202024210,Computer Science and Engineering,EWS,General,State,I,4864,98.3335411
2024,3,02020,"Shri Guru Gobind Singhji Institute of Engineering and Technology, Nanded",0202024610,Information Technology,SC,General,State,I,28957,90.2977118
2024,3,02020,"Shri Guru Gobind Singhji Institute of Engineering and Technology, Nanded",0202024610,Information Technology,ST,General,State,I,99729,62.2534756
2024,3,02020,"Shri Guru Gobind Singhji Institute of Engineering and Technology, Nanded",0202024610,Information Technology,VJ,General,State,I,29236,90.1648893
2024,3,02020,"Shri Guru Gobind Singhji Institute of Engineering and Technology, Nanded",0202024610,Information Technology,OBC,General,State,I,11345,96.2307277
2024,3,02020,"Shri Guru Gobind Singhji Institute of Engineering and Technology, Nanded",0202024610,Information Technology,OPEN,Ladies,State,I,14161,95.2921536
2024,3,02020,"Shri Guru Gobind Singhji Institute of Engineering and Technology, Nanded",0202024610,Information Technology,SC,Ladies,State,I,34908,88.1366358
2024,3,02020,"Shri Guru Gobind Singhji Institute of Engineering and Technology, Nanded",0202024610,Information Technology,OPEN,PWD,State,I,81935,70.2544031
2024,3,02020,"Shri Guru Gobind Singhji Institute of Engineering and Technology, Nanded",0202024610,Information Technology,OPEN,TFWS,State,I,13461,95.5459404
2024,3,02020,"Shri Guru Gobind Singhji Institute of Engineering and Technology, Nanded",0202024610,Information Technology,EWS,General,State,I,14731,95.1394167
2024,3,02020,"Shri Guru Gobind Singhji Institute of Engineering and Technology, Nanded",0202029310,Electrical Engineering,OPEN,General,State,I,26274,91.2437024
2024,3,02020,"Shri Guru Gobind Singhji Institute of Engineering and Technology, Nanded",0202029310,Electrical Engineering,SC,General,State,I,37673,87.1564824
2024,3,02020,"Shri Guru Gobind Singhji Institute of Engineering and Technology, Nanded",0202029310,Electrical Engineering,OBC,General,State,I,31107,89.4824361
2024,3,02020,"Shri Guru Gobind Singhji Institute of Engineering and Technology, Nanded",0202029310,Electrical Engineering,SEBC,General,State,I,28973,90.2977118
2024,3,02020,"Shri Guru Gobind Singhji Institute of Engineering and Technology, Nanded",0202029310,Electrical Engineering,SC,Ladies,State,I,57052,80.2358012
2024,3,02020,"Shri Guru Gobind Singhji Institute of Engineering and Technology, Nanded",0202029310,Electrical Engineering,EWS,General,State,I,57304,80.0615027
2024,3,02020,"Shri Guru Gobind Singhji Institute of Engineering and Technology, Nanded",0202037210,Electronics and Telecommunication Engg,OPEN,General,State,I,20795,93.0488284
2024,3,02020,"Shri Guru Gobind Singhji Institute of Engineering and Technology, Nanded",0202037210,Electronics and Telecommunication Engg,SC,General,State,I,37170,87.4463921
2024,3,02020,"Shri Guru Gobind Singhji Institute of Engineering and Technology, Nanded",0202037210,Electronics and Telecommunication Engg,ST,General,State,I,167029,15.4906838
2024,3,02020,"Shri Guru Gobind Singhji Institute of Engineering and Technology, Nanded",0202037210,Electronics and Telecommunication Engg,OBC,General,State,I,21216,92.9153295
2024,3,02020,"Shri Guru Gobind Singhji Institute of Engineering and Technology, Nanded",0202037210,Electronics and Telecommunication Engg,SEBC,General,State,I,21548,92.8098753
2024,3,02020,"Shri Guru Gobind Singhji Institute of Engineering and Technology, Nanded",0202037210,Electronics and Telecommunication Engg,OPEN,Ladies,State,I,17836,94.0759119
2024,3,02020,"Shri Guru Gobind Singhji Institute of Engineering and Technology, Nanded",0202037210,Electronics and Telecommunication Engg,OPEN,TFWS,State,I,18940,93.7135944
2024,3,02020,"Shri Guru Gobind Singhji Institute of Engineering and Technology, Nanded",0202046610,Instrumentation Engineering,OPEN,General,State,I,27276,90.8331157
2024,3,02020,"Shri Guru Gobind Singhji Institute of Engineering and Technology, Nanded",0202046610,Instrumentation Engineering,SC,General,State,I,66961,76.3630319
2024,3,02020,"Shri Guru Gobind Singhji Institute of Engineering and Technology, Nanded",0202046610,Instrumentation Engineering,SEBC,General,State,I,32539,89.0036224
2024,3,02020,"Shri Guru Gobind Singhji Institute of Engineering and Technology, Nanded",0202046610,Instrumentation Engineering,OPEN,PWD,State,I,73126,73.8486985
2024,3,02020,"Shri Guru Gobind Singhji Institute of Engineering and Technology, Nanded",0202060610,Production Engineering,OPEN,General,State,I,68224,75.8854903
2024,3,02020,"Shri Guru Gobind Singhji Institute of Engineering and Technology, Nanded",0202060610,Production Engineering,SC,General,State,I,81643,70.4092512
2024,3,02020,"Shri Guru Gobind Singhji Institute of Engineering and Technology, Nanded",0202060610,Production Engineering,ST,General,State,I,157974,24.0471793
2024,3,02020,"Shri Guru Gobind Singhji Institute of Engineering and Technology, Nanded",0202060610,Production Engineering,NT1,General,State,I,74580,73.3652047
2024,3,02020,"Shri Guru Gobind Singhji Institute of Engineering and Technology, Nanded",0202060610,Production Engineering,SEBC,General,State,I,62994,77.8410928
2024,3,02020,"Shri Guru Gobind Singhji Institute of Engineering and Technology, Nanded",0202060610,Production Engineering,SC,Ladies,State,I,62428,78.1496564
2024,3,02020,"Shri Guru Gobind Singhji Institute of Engineering and Technology, Nanded",0202060610,Production Engineering,ST,Ladies,State,I,70162,75.0114283
2024,3,02020,"Shri Guru Gobind Singhji Institute of Engineering and Technology, Nanded",0202060610,Production Engineering,OBC,Ladies,State,I,58769,79.5235744
2024,3,02020,"Shri Guru Gobind Singhji Institute of Engineering and Technology, Nanded",0202061210,Mechanical Engineering,OPEN,General,State,I,32680,88.9266712
2024,3,02020,"Shri Guru Gobind Singhji Institute of Engineering and Technology, Nanded",0202061210,Mechanical Engineering,SC,General,State,I,53861,81.3738935
2024,3,02020,"Shri Guru Gobind Singhji Institute of Engineering and Technology, Nanded",0202061210,Mechanical Engineering,ST,General,State,I,179452,0.2560443
2024,3,02020,"Shri Guru Gobind Singhji Institute of Engineering and Technology, Nanded",0202061210,Mechanical Engineering,VJ,General,State,I,85986,68.2901694
2024,3,02020,"Shri Guru Gobind Singhji Institute of Engineering and Technology, Nanded",0202061210,Mechanical Engineering,NT2,General,State,I,52880,81.7658119
2024,3,02020,"Shri Guru Gobind Singhji Institute of Engineering and Technology, Nanded",0202061210,Mechanical Engineering,OPEN,Ladies,State,I,35057,88.1228442
2024,3,02020,"Shri Guru Gobind Singhji Institute of Engineering and Technology, Nanded",0202061210,Mechanical Engineering,VJ,Ladies,State,I,97485,63.0701676
2024,3,02020,"Shri Guru Gobind Singhji Institute of Engineering and Technology, Nanded",0202061210,Mechanical Engineering,SEBC,Ladies,State,I,53443,81.4941569
2024,3,02020,"Shri Guru Gobind Singhji Institute of Engineering and Technology, Nanded",0202061210,Mechanical Engineering,EWS,General,State,I,59530,79.1872032
2024,3,02020,"Shri Guru Gobind Singhji Institute of Engineering and Technology, Nanded",0202089610,Textile Technology,OPEN,General,State,I,29916,89.9196403
2024,3,02020,"Shri Guru Gobind Singhji Institute of Engineering and Technology, Nanded",0202089610,Textile Technology,SC,General,State,I,71728,74.3785526
2024,3,02020,"Shri Guru Gobind Singhji Institute of Engineering and Technology, Nanded",0202089610,Textile Technology,VJ,General,State,I,87140,67.8440824
2024,3,02020,"Shri Guru Gobind Singhji Institute of Engineering and Technology, Nanded",0202089610,Textile Technology,OBC,General,State,I,51677,82.1493863
2024,3,02020,"Shri Guru Gobind Singhji Institute of Engineering and Technology, Nanded",0202089610,Textile Technology,OPEN,Ladies,State,I,56305,80.5358903
2024,3,02020,"Shri Guru Gobind Singhji Institute of Engineering and Technology, Nanded",0202089610,Textile Technology,ST,Ladies,State,I,77051,72.2338818
2024,3,02032,"Institute of Chemical Technology, Mumbai Marathwada off campus, Jalna",0203290410,Chemical Engineering,OPEN,General,State,I,21684,92.7610886
2024,3,02032,"Institute of Chemical Technology, Mumbai Marathwada off campus, Jalna",0203290410,Chemical Engineering,SC,General,State,I,73892,73.5848302
2024,3,02032,"Institute of Chemical Technology, Mumbai Marathwada off campus, Jalna",0203290410,Chemical Engineering,OPEN,Ladies,State,I,36070,87.8152279
2024,3,02032,"Institute of Chemical Technology, Mumbai Marathwada off campus, Jalna",0203290410,Chemical Engineering,ST,Ladies,State,I,85171,68.7156482
2024,3,02032,"Institute of Chemical Technology, Mumbai Marathwada off campus, Jalna",0203290410,Chemical Engineering,NT3,Ladies,State,I,52539,81.8151897
2024,3,02032,"Institute of Chemical Technology, Mumbai Marathwada off campus, Jalna",0203290410,Chemical Engineering,SEBC,Ladies,State,I,10727,96.4315718
2024,3,02032,"Institute of Chemical Technology, Mumbai Marathwada off campus, Jalna",0203290410,Chemical Engineering,OPEN,Defence,State,I,91998,65.5509182
2024,3,02032,"Institute of Chemical Technology, Mumbai Marathwada off campus, Jalna",0203290410,Chemical Engineering,OPEN,TFWS,State,I,48071,83.5073164
2024,3,02032,"Institute of Chemical Technology, Mumbai Marathwada off campus, Jalna",0203290410,Chemical Engineering,OPEN,General,State,II,160954,21.3858708
2024,3,02032,"Institute of Chemical Technology, Mumbai Marathwada off campus, Jalna",0203290410,Chemical Engineering,SC,General,State,II,29150,90.2675844
2024,3,02112,"Shree Yash Pratishthan, Shreeyash College of Engineering and Technology, Aurangabad",0211219110,Civil Engineering,OPEN,General,Other,I,135824,40.99476
2024,3,02112,"Shree Yash Pratishthan, Shreeyash College of Engineering and Technology, Aurangabad",0211219110,Civil Engineering,OPEN,Ladies,Other,I,114667,54.0550229
2024,3,02112,"Shree Yash Pratishthan, Shreeyash College of Engineering and Technology, Aurangabad",0211219110,Civil Engineering,OPEN,General,Other,II,173991,7.7921536
2024,3,02112,"Shree Yash Pratishthan, Shreeyash College of Engineering and Technology, Aurangabad",0211219110,Civil Engineering,OPEN,General,Other,I,61102,78.5613347
2024,3,02112,"Shree Yash Pratishthan, Shreeyash College of Engineering and Technology, Aurangabad",0211224210,Computer Science and Engineering,OPEN,General,Other,I,56420,80.4298831
2024,3,02112,"Shree Yash Pratishthan, Shreeyash College of Engineering and Technology, Aurangabad",0211224210,Computer Science and Engineering,SC,General,Other,I,86528,68.0717863
2024,3,02112,"Shree Yash Pratishthan, Shreeyash College of Engineering and Technology, Aurangabad",0211224210,Computer Science and Engineering,OPEN,Ladies,Other,I,100206,61.6354671
2024,3,02112,"Shree Yash Pratishthan, Shreeyash College of Engineering and Technology, Aurangabad",0211224210,Computer Science and Engineering,OPEN,Defence,State,I,125683,47.6302148
2024,3,02112,"Shree Yash Pratishthan, Shreeyash College of Engineering and Technology, Aurangabad",0211224210,Computer Science and Engineering,OPEN,TFWS,State,I,53428,81.4941569
2024,3,02112,"Shree Yash Pratishthan, Shreeyash College of Engineering and Technology, Aurangabad",0211224210,Computer Science and Engineering,EWS,General,State,I,147813,32.1785112
2024,3,02112,"Shree Yash Pratishthan, Shreeyash College of Engineering and Technology, Aurangabad",0211229310,Electrical Engineering,OPEN,General,Other,I,103457,60.2294112
2024,3,02112,"Shree Yash Pratishthan, Shreeyash College of Engineering and Technology, Aurangabad",0211229310,Electrical Engineering,OPEN,Ladies,Other,I,134331,42.2200941
2024,3,02112,"Shree Yash Pratishthan, Shreeyash College of Engineering and Technology, Aurangabad",0211229310,Electrical Engineering,OPEN,General,Other,I,59912,79.1318865
2024,3,02112,"Shree Yash Pratishthan, Shreeyash College of Engineering and Technology, Aurangabad",0211284410,Electronics and Computer Engineering,OPEN,General,Other,I,118175,52.0276576
2024,3,02112,"Shree Yash Pratishthan, Shreeyash College of Engineering and Technology, Aurangabad",0211284410,Electronics and Computer Engineering,OBC,General,Other,I,131860,43.8452614
2024,3,02112,"Shree Yash Pratishthan, Shreeyash College of Engineering and Technology, Aurangabad",0211291110,Computer Science and Engineering(Artificial Intelligence and Machine Learning),OPEN,General,Other,I,62407,78.1496564
2024,3,02112,"Shree Yash Pratishthan, Shreeyash College of Engineering and Technology, Aurangabad",0211291110,Computer Science and Engineering(Artificial Intelligence and Machine Learning),OPEN,Ladies,Other,I,140341,38.0295157
2024,3,02112,"Shree Yash Pratishthan, Shreeyash College of Engineering and Technology, Aurangabad",0211291210,Computer Science and Engineering(Data Science),OPEN,General,Other,I,118092,52.0861037
2024,3,02112,"Shree Yash Pratishthan, Shreeyash College of Engineering and Technology, Aurangabad",0211291210,Computer Science and Engineering(Data Science),OBC,General,Other,I,125536,47.6302148
2024,3,02112,"Shree Yash Pratishthan, Shreeyash College of Engineering and Technology, Aurangabad",0211291210,Computer Science and Engineering(Data Science),OPEN,Ladies,Other,I,83237,69.7604398
2024,3,02113,"G. S. Mandal's Maharashtra Institute of Technology, Aurangabad",0211301110,Agricultural Engineering,OPEN,General,State,I,74203,75.2680452
2024,3,02113,"G. S. Mandal's Maharashtra Institute of Technology, Aurangabad",0211301110,Agricultural Engineering,SC,General,State,I,112300,58.1694789
2024,3,02113,"G. S. Mandal's Maharashtra Institute of Technology, Aurangabad",0211301110,Agricultural Engineering,ST,General,State,I,136824,44.4444444
2024,3,02113,"G. S. Mandal's Maharashtra Institute of Technology, Aurangabad",0211301110,Agricultural Engineering,VJ,General,State,I,105545,62.2112764
2024,3,02113,"G. S. Mandal's Maharashtra Institute of Technology, Aurangabad",0211301110,Agricultural Engineering,NT2,General,State,I,91840,68.157748
2024,3,02113,"G. S. Mandal's Maharashtra Institute of Technology, Aurangabad",0211301110,Agricultural Engineering,OBC,General,State,I,124738,51.9109776
2024,3,02113,"G. S. Mandal's Maharashtra Institute of Technology, Aurangabad",0211301110,Agricultural Engineering,OPEN,Ladies,State,I,13949,95.712647
2024,3,02113,"G. S. Mandal's Maharashtra Institute of Technology, Aurangabad",0211301110,Agricultural Engineering,OBC,Ladies,State,I,90254,68.9053056
2024,3,02113,"G. S. Mandal's Maharashtra Institute of Technology, Aurangabad",0211319110,Civil Engineering,OPEN,General,State,I,110333,56.846611
2024,3,02113,"G. S. Mandal's Maharashtra Institute of Technology, Aurangabad",0211319110,Civil Engineering,SC,General,State,I,124354,48.6138054
2024,3,02113,"G. S. Mandal's Maharashtra Institute of Technology, Aurangabad",0211319110,Civil Engineering,ST,General,State,I,177076,3.8658496
2024,3,02113,"G. S. Mandal's Maharashtra Institute of Technology, Aurangabad",0211319110,Civil Engineering,NT2,General,State,I,143641,35.3791065
2024,3,02113,"G. S. Mandal's Maharashtra Institute of Technology, Aurangabad",0211319110,Civil Engineering,OPEN,Ladies,State,I,109009,57.1959853
2024,3,02113,"G. S. Mandal's Maharashtra Institute of Technology, Aurangabad",0211319110,Civil Engineering,ST,Ladies,State,I,123170,48.8696809
2024,3,02113,"G. S. Mandal's Maharashtra Institute of Technology, Aurangabad",0211319110,Civil Engineering,NT2,Ladies,State,I,125496,47.6302148
2024,3,02113,"G. S. Mandal's Maharashtra Institute of Technology, Aurangabad",0211319110,Civil Engineering,OBC,Ladies,State,I,128888,45.521922
2024,3,02113,"G. S. Mandal's Maharashtra Institute of Technology, Aurangabad",0211319110,Civil Engineering,SEBC,Ladies,State,I,161145,21.3531102
2024,3,02113,"G. S. Mandal's Maharashtra Institute of Technology, Aurangabad",0211324210,Computer Science and Engineering,OPEN,General,State,I,41191,85.9343121
2024,3,02113,"G. S. Mandal's Maharashtra Institute of Technology, Aurangabad",0211324210,Computer Science and Engineering,SC,General,State,I,52073,81.9801476
2024,3,02113,"G. S. Mandal's Maharashtra Institute of Technology, Aurangabad",0211324210,Computer Science and Engineering,OBC,General,State,I,54134,81.2928705
2024,3,02113,"G. S. Mandal's Maharashtra Institute of Technology, Aurangabad",0211324210,Computer Science and Engineering,SEBC,General,State,I,48856,83.1469549
2024,3,02113,"G. S. Mandal's Maharashtra Institute of Technology, Aurangabad",0211324210,Computer Science and Engineering,OPEN,Ladies,State,I,30119,89.874785
2024,3,02113,"G. S. Mandal's Maharashtra Institute of Technology, Aurangabad",0211324210,Computer Science and Engineering,ST,Ladies,State,I,38567,86.8244074
2024,3,02113,"G. S. Mandal's Maharashtra Institute of Technology, Aurangabad",0211324210,Computer Science and Engineering,OBC,Ladies,State,I,100778,60.8485656
2024,3,02113,"G. S. Mandal's Maharashtra Institute of Technology, Aurangabad",0211324210,Computer Science and Engineering,OPEN,PWD,State,I,22737,92.4273158
2024,3,02113,"G. S. Mandal's Maharashtra Institute of Technology, Aurangabad",0211324210,Computer Science and Engineering,OPEN,TFWS,State,I,36505,87.5123219
2024,3,02113,"G. S. Mandal's Maharashtra Institute of Technology, Aurangabad",0211325710,Computer Science and Design,OPEN,General,State,I,54830,81.0378274
2024,3,02113,"G. S. Mandal's Maharashtra Institute of Technology, Aurangabad",0211325710,Computer Science and Design,VJ,General,State,I,72130,74.2767378
2024,3,02113,"G. S. Mandal's Maharashtra Institute of Technology, Aurangabad",0211325710,Computer Science and Design,SEBC,General,State,I,76074,72.6095528
2024,3,02113,"G. S. Mandal's Maharashtra Institute of Technology, Aurangabad",0211325710,Computer Science and Design,OPEN,Ladies,State,I,67148,76.2466193
2024,3,02113,"G. S. Mandal's Maharashtra Institute of Technology, Aurangabad",0211325710,Computer Science and Design,OBC,PWD,State,I,24812,91.6680519
2024,3,02113,"G. S. Mandal's Maharashtra Institute of Technology, Aurangabad",0211325710,Computer Science and Design,OPEN,TFWS,State,I,86031,68.2901694
2024,3,02113,"G. S. Mandal's Maharashtra Institute of Technology, Aurangabad",0211326310,Artificial Intelligence (AI) and Data Science,OPEN,General,State,I,47201,83.7440631
2024,3,02113,"G. S. Mandal's Maharashtra Institute of Technology, Aurangabad",0211326310,Artificial Intelligence (AI) and Data Science,SC,General,State,I,55457,80.7413807
2024,3,02113,"G. S. Mandal's Maharashtra Institute of Technology, Aurangabad",0211326310,Artificial Intelligence (AI) and Data Science,NT2,General,State,I,76019,72.7750912
2024,3,02113,"G. S. Mandal's Maharashtra Institute of Technology, Aurangabad",0211326310,Artificial Intelligence (AI) and Data Science,OBC,General,State,I,60027,79.0646435
2024,3,02113,"G. S. Mandal's Maharashtra Institute of Technology, Aurangabad",0211326310,Artificial Intelligence (AI) and Data Science,OPEN,Ladies,State,I,57253,80.0921435
2024,3,02113,"G. S. Mandal's Maharashtra Institute of Technology, Aurangabad",0211326310,Artificial Intelligence (AI) and Data Science,OBC,Ladies,State,I,65100,76.8897938
2024,3,02113,"G. S. Mandal's Maharashtra Institute of Technology, Aurangabad",0211326310,Artificial Intelligence (AI) and Data Science,OPEN,TFWS,State,I,41137,85.9711131
2024,3,02113,"G. S. Mandal's Maharashtra Institute of Technology, Aurangabad",0211326310,Artificial Intelligence (AI) and Data Science,EWS,General,State,I,75339,73.112247
2024,3,02113,"G. S. Mandal's Maharashtra Institute of Technology, Aurangabad",0211329310,Electrical Engineering,OPEN,General,State,I,88261,67.5033807
2024,3,02113,"G. S. Mandal's Maharashtra Institute of Technology, Aurangabad",0211329310,Electrical Engineering,SC,General,State,I,101555,60.596742
2024,3,02113,"G. S. Mandal's Maharashtra Institute of Technology, Aurangabad",0211329310,Electrical Engineering,ST,General,State,I,101755,60.546705
2024,3,02113,"G. S. Mandal's Maharashtra Institute of Technology, Aurangabad",0211329310,Electrical Engineering,OBC,General,State,I,87053,67.8440824
2024,3,02113,"G. S. Mandal's Maharashtra Institute of Technology, Aurangabad",0211329310,Electrical Engineering,OPEN,Ladies,State,I,119770,51.1396363
2024,3,02113,"G. S. Mandal's Maharashtra Institute of Technology, Aurangabad",0211329310,Electrical Engineering,SC,Ladies,State,I,152049,28.7732713
2024,3,02113,"G. S. Mandal's Maharashtra Institute of Technology, Aurangabad",0211329310,Electrical Engineering,NT2,Ladies,State,I,98435,62.8351694
2024,3,02113,"G. S. Mandal's Maharashtra Institute of Technology, Aurangabad",0211329310,Electrical Engineering,OBC,Ladies,State,I,144905,34.8002089
2024,3,02113,"G. S. Mandal's Maharashtra Institute of Technology, Aurangabad",0211329310,Electrical Engineering,OPEN,PWD,State,I,174849,6.4656331
2024,3,02113,"G. S. Mandal's Maharashtra Institute of Technology, Aurangabad",0211337210,Electronics and Telecommunication Engg,OPEN,General,State,I,55621,80.6344635
2024,3,02113,"G. S. Mandal's Maharashtra Institute of Technology, Aurangabad",0211337210,Electronics and Telecommunication Engg,SC,General,State,I,82809,69.7639628
2024,3,02113,"G. S. Mandal's Maharashtra Institute of Technology, Aurangabad",0211337210,Electronics and Telecommunication Engg,ST,General,State,I,73711,73.5848302
2024,3,02113,"G. S. Mandal's Maharashtra Institute of Technology, Aurangabad",0211337210,Electronics and Telecommunication Engg,NT3,General,State,I,67891,76.0337773
2024,3,02113,"G. S. Mandal's Maharashtra Institute of Technology, Aurangabad",0211337210,Electronics and Telecommunication Engg,OBC,General,State,I,56392,80.4298831
2024,3,02113,"G. S. Mandal's Maharashtra Institute of Technology, Aurangabad",0211337210,Electronics and Telecommunication Engg,OPEN,Ladies,State,I,100423,61.3261708
2024,3,02113,"G. S. Mandal's Maharashtra Institute of Technology, Aurangabad",0211337210,Electronics and Telecommunication Engg,SC,Ladies,State,I,70866,74.6830629
2024,3,02113,"G. S. Mandal's Maharashtra Institute of Technology, Aurangabad",0211337210,Electronics and Telecommunication Engg,OBC,Ladies,State,I,95153,63.7045846
2024,3,02113,"G. S. Mandal's Maharashtra Institute of Technology, Aurangabad",0211350110,Plastic and Polymer Engineering,OPEN,General,State,I,147717,32.1785112
2024,3,02113,"G. S. Mandal's Maharashtra Institute of Technology, Aurangabad",0211350110,Plastic and Polymer Engineering,SC,General,State,I,176027,5.0055145
2024,3,02113,"G. S. Mandal's Maharashtra Institute of Technology, Aurangabad",0211350110,Plastic and Polymer Engineering,NT1,General,State,I,174778,6.5004331
2024,3,02113,"G. S. Mandal's Maharashtra Institute of Technology, Aurangabad",0211350110,Plastic and Polymer Engineering,NT2,General,State,I,163238,19.1157452
2024,3,02113,"G. S. Mandal's Maharashtra Institute of Technology, Aurangabad",0211350110,Plastic and Polymer Engineering,NT3,General,State,I,174713,6.7863525
2024,3,02113,"G. S. Mandal's Maharashtra Institute of Technology, Aurangabad",0211350110,Plastic and Polymer Engineering,OBC,General,State,I,154254,27.4155342
2024,3,02113,"G. S. Mandal's Maharashtra Institute of Technology, Aurangabad",0211350110,Plastic and Polymer Engineering,OPEN,Ladies,State,I,164830,17.776617
2024,3,02113,"G. S. Mandal's Maharashtra Institute of Technology, Aurangabad",0211361210,Mechanical Engineering,OPEN,General,State,I,108376,57.2537563
2024,3,02113,"G. S. Mandal's Maharashtra Institute of Technology, Aurangabad",0211361210,Mechanical Engineering,SC,General,State,I,112394,55.1151268
2024,3,02113,"G. S. Mandal's Maharashtra Institute of Technology, Aurangabad",0211361210,Mechanical Engineering,NT3,General,State,I,111718,55.3559436
2024,3,02113,"G. S. Mandal's Maharashtra Institute of Technology, Aurangabad",0211361210,Mechanical Engineering,OBC,General,State,I,112060,55.2318816
2024,3,02113,"G. S. Mandal's Maharashtra Institute of Technology, Aurangabad",0211361210,Mechanical Engineering,SEBC,General,State,I,116642,52.9935209
2024,3,02113,"G. S. Mandal's Maharashtra Institute of Technology, Aurangabad",0211361210,Mechanical Engineering,OPEN,Ladies,State,I,123021,49.513096
2024,3,02113,"G. S. Mandal's Maharashtra Institute of Technology, Aurangabad",0211361210,Mechanical Engineering,ST,Ladies,State,I,101089,60.6237408
2024,3,02113,"G. S. Mandal's Maharashtra Institute of Technology, Aurangabad",0211361210,Mechanical Engineering,OPEN,Defence,State,I,114301,54.0859766
2024,3,02113,"G. S. Mandal's Maharashtra Institute of Technology, Aurangabad",0211362410,Mechatronics Engineering,OPEN,General,State,I,89710,66.8404462
2024,3,02113,"G. S. Mandal's Maharashtra Institute of Technology, Aurangabad",0211362410,Mechatronics Engineering,ST,General,State,I,81111,70.5008347
2024,3,02113,"G. S. Mandal's Maharashtra Institute of Technology, Aurangabad",0211362410,Mechatronics Engineering,OPEN,TFWS,State,I,143965,35.2166182
2024,3,02113,"G. S. Mandal's Maharashtra Institute of Technology, Aurangabad",0211384410,Electronics and Computer Engineering,OPEN,General,State,I,71801,74.3785526
2024,3,02113,"G. S. Mandal's Maharashtra Institute of Technology, Aurangabad",0211384410,Electronics and Computer Engineering,NT3,General,State,I,73082,73.8486985
2024,3,02113,"G. S. Mandal's Maharashtra Institute of Technology, Aurangabad",0211384410,Electronics and Computer Engineering,OBC,General,State,I,78422,71.7115
2024,3,02113,"G. S. Mandal's Maharashtra Institute of Technology, Aurangabad",0211384410,Electronics and Computer Engineering,SEBC,General,State,I,74811,73.1237323
2024,3,02113,"G. S. Mandal's Maharashtra Institute of Technology, Aurangabad",0211384410,Electronics and Computer Engineering,OPEN,Ladies,State,I,71203,74.5088207
2024,3,02113,"G. S. Mandal's Maharashtra Institute of Technology, Aurangabad",0211384410,Electronics and Computer Engineering,OPEN,PWD,State,I,91422,65.722735
2024,3,02113,"G. S. Mandal's Maharashtra Institute of Technology, Aurangabad",0211384410,Electronics and Computer Engineering,OPEN,Defence,State,I,47484,83.639399
2024,3,02113,"G. S. Mandal's Maharashtra Institute of Technology, Aurangabad",0211384410,Electronics and Computer Engineering,OBC,Defence,State,I,88136,67.5881106
2024,3,02114,"Deogiri Institute of Engineering and Management Studies, Aurangabad",0211424210,Computer Science and Engineering,OPEN,General,Other,I,18804,93.7520868
2024,3,02114,"Deogiri Institute of Engineering and Management Studies, Aurangabad",0211424210,Computer Science and Engineering,SC,General,Other,I,51841,82.0158422
2024,3,02114,"Deogiri Institute of Engineering and Management Studies, Aurangabad",0211461210,Mechanical Engineering,OPEN,General,Other,I,72342,74.1162962
2024,3,02114,"Deogiri Institute of Engineering and Management Studies, Aurangabad",0211461210,Mechanical Engineering,OBC,General,Other,I,112622,55.0733859
2024,3,02114,"Deogiri Institute of Engineering and Management Studies, Aurangabad",0211461210,Mechanical Engineering,OPEN,General,Other,I,148435,31.6884901
2024,3,02114,"Deogiri Institute of Engineering and Management Studies, Aurangabad",0211461210,Mechanical Engineering,OPEN,Defence,State,I,132104,43.5298862
2024,3,02114,"Deogiri Institute of Engineering and Management Studies, Aurangabad",0211461210,Mechanical Engineering,OPEN,Orphan,State,I,165876,16.2979967
2024,3,02116,"Matoshri Pratishan's Group of Institutions (Integrated Campus), Kupsarwadi , Nanded",0211624210,Computer Science and Engineering,OPEN,General,Other,I,108465,57.2537563
2024,3,02116,"Matoshri Pratishan's Group of Institutions (Integrated Campus), Kupsarwadi , Nanded",0211624210,Computer Science and Engineering,OBC,General,Other,I,126854,46.5102928
2024,3,02116,"Matoshri Pratishan's Group of Institutions (Integrated Campus), Kupsarwadi , Nanded",0211624210,Computer Science and Engineering,OPEN,Ladies,Other,I,161175,21.3531102
2024,3,02116,"Matoshri Pratishan's Group of Institutions (Integrated Campus), Kupsarwadi , Nanded",0211624210,Computer Science and Engineering,OPEN,General,Other,I,131313,43.9565943
2024,3,02116,"Matoshri Pratishan's Group of Institutions (Integrated Campus), Kupsarwadi , Nanded",0211624210,Computer Science and Engineering,OPEN,General,Other,I,124586,48.0648514
2024,3,02116,"Matoshri Pratishan's Group of Institutions (Integrated Campus), Kupsarwadi , Nanded",0211626310,Artificial Intelligence (AI) and Data Science,OPEN,General,Other,I,130735,44.4778985
2024,3,02116,"Matoshri Pratishan's Group of Institutions (Integrated Campus), Kupsarwadi , Nanded",0211626310,Artificial Intelligence (AI) and Data Science,OPEN,Ladies,Other,I,111871,55.3559436
2024,3,02116,"Matoshri Pratishan's Group of Institutions (Integrated Campus), Kupsarwadi , Nanded",0211626310,Artificial Intelligence (AI) and Data Science,OPEN,General,Other,I,154709,27.1532908
2024,3,02127,"Mahatma Gandhi Missions College of Engineering, Hingoli Rd, Nanded.",0212724210,Computer Science and Engineering,OPEN,General,Other,I,48285,83.5013309
2024,3,02127,"Mahatma Gandhi Missions College of Engineering, Hingoli Rd, Nanded.",0212724210,Computer Science and Engineering,OBC,General,Other,I,82549,69.800376
2024,3,02127,"Mahatma Gandhi Missions College of Engineering, Hingoli Rd, Nanded.",0212724210,Computer Science and Engineering,OPEN,Ladies,Other,I,37957,87.0844527
2024,3,02127,"Mahatma Gandhi Missions College of Engineering, Hingoli Rd, Nanded.",0212724610,Information Technology,OPEN,General,Other,I,99576,62.2534756
2024,3,02127,"Mahatma Gandhi Missions College of Engineering, Hingoli Rd, Nanded.",0212724610,Information Technology,OBC,General,Other,I,104456,60.0743746
2024,3,02127,"Mahatma Gandhi Missions College of Engineering, Hingoli Rd, Nanded.",0212724610,Information Technology,OPEN,Ladies,Other,I,109725,57.0470967
2024,3,02127,"Mahatma Gandhi Missions College of Engineering, Hingoli Rd, Nanded.",0212724610,Information Technology,OPEN,General,Other,I,70830,74.9324465
2024,3,02127,"Mahatma Gandhi Missions College of Engineering, Hingoli Rd, Nanded.",0212761210,Mechanical Engineering,OPEN,General,Other,I,129111,45.4574846
2024,3,02127,"Mahatma Gandhi Missions College of Engineering, Hingoli Rd, Nanded.",0212761210,Mechanical Engineering,OBC,General,Other,I,151144,29.6395567
2024,3,02127,"Mahatma Gandhi Missions College of Engineering, Hingoli Rd, Nanded.",0212761210,Mechanical Engineering,OPEN,Ladies,Other,I,156859,24.7657909
2024,3,02127,"Mahatma Gandhi Missions College of Engineering, Hingoli Rd, Nanded.",0212761210,Mechanical Engineering,OPEN,General,Other,I,113216,54.7526673
2024,3,02127,"Mahatma Gandhi Missions College of Engineering, Hingoli Rd, Nanded.",0212761210,Mechanical Engineering,OBC,General,Other,I,128239,46.2784017
2024,3,02127,"Mahatma Gandhi Missions College of Engineering, Hingoli Rd, Nanded.",0212791610,Automation and Robotics,OPEN,General,Other,I,146585,33.099972
2024,3,02127,"Mahatma Gandhi Missions College of Engineering, Hingoli Rd, Nanded.",0212791610,Automation and Robotics,OBC,General,Other,I,159034,22.5662265
2024,3,02127,"Mahatma Gandhi Missions College of Engineering, Hingoli Rd, Nanded.",0212791610,Automation and Robotics,OPEN,General,Other,II,159052,22.5662265
2024,3,02127,"Mahatma Gandhi Missions College of Engineering, Hingoli Rd, Nanded.",0212791610,Automation and Robotics,OPEN,General,Other,I,96452,63.2340107
2024,3,02129,"M.S. Bidve Engineering College, Latur",0212919110,Civil Engineering,OBC,General,Other,I,151172,29.3071786
2024,3,02129,"M.S. Bidve Engineering College, Latur",0212919110,Civil Engineering,OBC,General,Other,II,177117,3.7972607
2024,3,02129,"M.S. Bidve Engineering College, Latur",0212924210,Computer Science and Engineering,OPEN,General,Other,I,78831,71.5965758
2024,3,02129,"M.S. Bidve Engineering College, Latur",0212924210,Computer Science and Engineering,SC,General,Other,I,104541,60.0743746
2024,3,02129,"M.S. Bidve Engineering College, Latur",0212924210,Computer Science and Engineering,OBC,General,Other,I,96202,63.2687832
2024,3,02129,"M.S. Bidve Engineering College, Latur",0212924610,Information Technology,OPEN,General,Other,I,92153,65.5460439
2024,3,02129,"M.S. Bidve Engineering College, Latur",0212924610,Information Technology,OBC,General,Other,I,163984,18.5574725
2024,3,02130,"Terna Public Charitable Trust's College of Engineering, Osmanabad",0213037210,Electronics and Telecommunication Engg,OPEN,Defence,State,I,125068,47.9842799
2024,3,02130,"Terna Public Charitable Trust's College of Engineering, Osmanabad",0213037210,Electronics and Telecommunication Engg,OBC,Defence,State,I,158773,22.974757
2024,3,02130,"Terna Public Charitable Trust's College of Engineering, Osmanabad",0213099510,Artificial Intelligence and Data Science,OPEN,Defence,State,I,125043,47.9842799
2024,3,02131,"Shree Tuljabhavani College of Engineering, Tuljapur",0213124210,Computer Science and Engineering,OPEN,General,Other,I,129512,45.3423263
2024,3,02131,"Shree Tuljabhavani College of Engineering, Tuljapur",0213124210,Computer Science and Engineering,SC,General,Other,I,158388,23.9858471
2024,3,02131,"Shree Tuljabhavani College of Engineering, Tuljapur",0213124210,Computer Science and Engineering,OBC,General,Other,I,105310,59.3445914
2024,3,02131,"Shree Tuljabhavani College of Engineering, Tuljapur",0213124210,Computer Science and Engineering,OPEN,General,Other,I,121710,50.0957604
2024,3,02131,"Shree Tuljabhavani College of Engineering, Tuljapur",0213124210,Computer Science and Engineering,OPEN,Defence,State,I,68708,75.6212581
2024,3,02131,"Shree Tuljabhavani College of Engineering, Tuljapur",0213124210,Computer Science and Engineering,OPEN,TFWS,State,I,164512,18.1477824
2024,3,02133,"Mahatma Basaweshwar Education Society's College of Engineering, Ambejogai",0213324210,Computer Science and Engineering,OPEN,General,Other,I,36544,87.5123219
2024,3,02133,"Mahatma Basaweshwar Education Society's College of Engineering, Ambejogai",0213324210,Computer Science and Engineering,OBC,General,Other,I,133531,42.725346
2024,3,02133,"Mahatma Basaweshwar Education Society's College of Engineering, Ambejogai",0213324210,Computer Science and Engineering,OPEN,Defence,State,I,111630,55.3559436
2024,3,02134,"Peoples Education Society's College of Engineering, Aurangabad",0213419110,Civil Engineering,OPEN,General,Other,I,144684,34.805294
2024,3,02134,"Peoples Education Society's College of Engineering, Aurangabad",0213419110,Civil Engineering,OBC,General,Other,I,166942,15.5975889
2024,3,02134,"Peoples Education Society's College of Engineering, Aurangabad",0213419110,Civil Engineering,OPEN,General,Other,I,163227,19.1157452
2024,3,02134,"Peoples Education Society's College of Engineering, Aurangabad",0213424210,Computer Science and Engineering,OPEN,General,Other,I,65824,76.7300255
2024,3,02134,"Peoples Education Society's College of Engineering, Aurangabad",0213424210,Computer Science and Engineering,OPEN,Ladies,Other,I,69154,75.3516004
2024,3,02134,"Peoples Education Society's College of Engineering, Aurangabad",0213424210,Computer Science and Engineering,OPEN,General,Other,I,43167,85.2572473
2024,3,02134,"Peoples Education Society's College of Engineering, Aurangabad",0213491210,Computer Science and Engineering(Data Science),SC,General,Other,I,117800,52.0861037
2024,3,02134,"Peoples Education Society's College of Engineering, Aurangabad",0213491210,Computer Science and Engineering(Data Science),OBC,General,Other,I,100178,61.6354671
2024,3,02134,"Peoples Education Society's College of Engineering, Aurangabad",0213491210,Computer Science and Engineering(Data Science),OPEN,Ladies,Other,I,97405,63.0701676
2024,3,02135,"Hi-Tech Institute of Technology, Aurangabad",0213519110,Civil Engineering,OPEN,General,Other,I,159453,22.4081803
2024,3,02135,"Hi-Tech Institute of Technology, Aurangabad",0213519110,Civil Engineering,OPEN,General,Other,I,145624,34.2191386
2024,3,02135,"Hi-Tech Institute of Technology, Aurangabad",0213524210,Computer Science and Engineering,OPEN,General,Other,I,98759,62.795808
2024,3,02135,"Hi-Tech Institute of Technology, Aurangabad",0213524210,Computer Science and Engineering,SC,General,Other,I,116383,53.517849
2024,3,02135,"Hi-Tech Institute of Technology, Aurangabad",0213524210,Computer Science and Engineering,OBC,General,Other,I,131408,43.9565943
2024,3,02135,"Hi-Tech Institute of Technology, Aurangabad",0213524210,Computer Science and Engineering,OPEN,Ladies,Other,I,121592,50.0957604
2024,3,02135,"Hi-Tech Institute of Technology, Aurangabad",0213524210,Computer Science and Engineering,OPEN,Defence,State,I,75797,72.8176141
2024,3,02135,"Hi-Tech Institute of Technology, Aurangabad",0213524210,Computer Science and Engineering,OBC,Defence,State,I,156304,25.5139718
2024,3,02135,"Hi-Tech Institute of Technology, Aurangabad",0213561210,Mechanical Engineering,OPEN,General,Other,I,136817,40.1585977
2024,3,02135,"Hi-Tech Institute of Technology, Aurangabad",0213561210,Mechanical Engineering,SC,General,Other,I,157117,24.5948927
2024,3,02135,"Hi-Tech Institute of Technology, Aurangabad",0213561210,Mechanical Engineering,OPEN,General,Other,II,162093,20.7289199
2024,3,02135,"Hi-Tech Institute of Technology, Aurangabad",0213561210,Mechanical Engineering,OPEN,General,Other,I,172808,9.2050034
2024,3,02135,"Hi-Tech Institute of Technology, Aurangabad",0213561210,Mechanical Engineering,OPEN,General,Other,I,144204,34.8626522
2024,3,02135,"Hi-Tech Institute of Technology, Aurangabad",0213591110,Computer Science and Engineering(Artificial Intelligence and Machine Learning),OBC,General,Other,I,73493,73.7743452
2024,3,02135,"Hi-Tech Institute of Technology, Aurangabad",0213591110,Computer Science and Engineering(Artificial Intelligence and Machine Learning),OPEN,Ladies,Other,I,116750,52.9935209
2024,3,02135,"Hi-Tech Institute of Technology, Aurangabad",0213591110,Computer Science and Engineering(Artificial Intelligence and Machine Learning),OBC,General,Other,I,173528,8.059443
2024,3,02138,"Matsyodari Shikshan Sansatha's College of Engineering and Technology, Jalna",0213824210,Computer Science and Engineering,OPEN,General,Other,I,128955,45.521922
2024,3,02138,"Matsyodari Shikshan Sansatha's College of Engineering and Technology, Jalna",0213824210,Computer Science and Engineering,SC,General,Other,I,145892,34.1954023
2024,3,02138,"Matsyodari Shikshan Sansatha's College of Engineering and Technology, Jalna",0213824210,Computer Science and Engineering,OPEN,General,Other,I,173440,8.4112538
2024,3,02138,"Matsyodari Shikshan Sansatha's College of Engineering and Technology, Jalna",0213829310,Electrical Engineering,SC,General,Other,I,153851,27.5123271
2024,3,02138,"Matsyodari Shikshan Sansatha's College of Engineering and Technology, Jalna",0213829310,Electrical Engineering,OPEN,Ladies,Other,I,139353,38.7773761
2024,3,02138,"Matsyodari Shikshan Sansatha's College of Engineering and Technology, Jalna",0213829310,Electrical Engineering,SC,General,Other,II,139042,38.8659877
2024,3,02250,"Aurangabad College of Engineering, Naygaon Savangi, Aurangabad",0225024210,Computer Science and Engineering,SC,General,Other,I,92313,65.4406319
2024,3,02250,"Aurangabad College of Engineering, Naygaon Savangi, Aurangabad",0225024210,Computer Science and Engineering,OBC,General,Other,I,130928,44.3676458
2024,3,02250,"Aurangabad College of Engineering, Naygaon Savangi, Aurangabad",0225024210,Computer Science and Engineering,OPEN,Defence,State,I,82763,69.7639628
2024,3,02250,"Aurangabad College of Engineering, Naygaon Savangi, Aurangabad",0225024210,Computer Science and Engineering,OPEN,TFWS,State,I,118661,51.7862916
2024,3,02252,"Marathwada Shikshan Prasarak Mandal's Shri Shivaji Institute of Engineering and Management Studies, Parbhani",0225229710,Electrical and Electronics Engineering,OPEN,General,Other,I,78168,71.716606
2024,3,02252,"Marathwada Shikshan Prasarak Mandal's Shri Shivaji Institute of Engineering and Management Studies, Parbhani",0225229710,Electrical and Electronics Engineering,OPEN,Ladies,Other,I,125931,47.4576949
2024,3,02252,"Marathwada Shikshan Prasarak Mandal's Shri Shivaji Institute of Engineering and Management Studies, Parbhani",0225229710,Electrical and Electronics Engineering,OPEN,General,Other,I,156312,25.5139718
2024,3,02254,"Vilasrao Deshmukh Foundation Group of Institutions, Latur",0225424510,Computer Engineering,OPEN,General,Other,I,113056,54.7526673
2024,3,02254,"Vilasrao Deshmukh Foundation Group of Institutions, Latur",0225424510,Computer Engineering,OBC,General,Other,I,138628,38.8849565
2024,3,02254,"Vilasrao Deshmukh Foundation Group of Institutions, Latur",0225424510,Computer Engineering,OPEN,General,Other,I,104333,60.0743746
2024,3,02254,"Vilasrao Deshmukh Foundation Group of Institutions, Latur",0225424610,Information Technology,OPEN,General,Other,I,108718,57.2163252
2024,3,02254,"Vilasrao Deshmukh Foundation Group of Institutions, Latur",0225424610,Information Technology,SC,General,Other,I,171328,11.0205778
2024,3,02254,"Vilasrao Deshmukh Foundation Group of Institutions, Latur",0225424610,Information Technology,OBC,General,Other,I,173586,8.032746
2024,3,02254,"Vilasrao Deshmukh Foundation Group of Institutions, Latur",0225424610,Information Technology,OPEN,Defence,State,I,97642,62.902955
2024,3,02254,"Vilasrao Deshmukh Foundation Group of Institutions, Latur",0225424610,Information Technology,OPEN,TFWS,State,I,109089,57.1959853
2024,3,02254,"Vilasrao Deshmukh Foundation Group of Institutions, Latur",0225437210,Electronics and Telecommunication Engg,OPEN,General,Other,I,153872,27.5123271
2024,3,02254,"Vilasrao Deshmukh Foundation Group of Institutions, Latur",0225437210,Electronics and Telecommunication Engg,SC,General,Other,I,170175,11.9971742
2024,3,02254,"Vilasrao Deshmukh Foundation Group of Institutions, Latur",0225437210,Electronics and Telecommunication Engg,OPEN,General,Other,I,178241,2.1202544
2024,3,02282,"Aditya Education Trust's Mitthulalji Sarada Polytechnic, Nalwandi Road, Beed",0228224510,Computer Engineering,OPEN,General,Other,I,142478,36.2134011
2024,3,02282,"Aditya Education Trust's Mitthulalji Sarada Polytechnic, Nalwandi Road, Beed",0228224510,Computer Engineering,OPEN,General,Other,I,167512,15.1214416
2024,3,02508,GRAMIN TECHNICAL AND MANAGEMENT CAMPUS NANDED.,0250824510,Computer Engineering,OPEN,General,Other,I,160039,22.0578726
2024,3,02508,GRAMIN TECHNICAL AND MANAGEMENT CAMPUS NANDED.,0250824510,Computer Engineering,SC,General,Other,I,162488,19.5522021
2024,3,02508,GRAMIN TECHNICAL AND MANAGEMENT CAMPUS NANDED.,0250824510,Computer Engineering,OBC,General,Other,I,160920,21.3858708
2024,3,02508,GRAMIN TECHNICAL AND MANAGEMENT CAMPUS NANDED.,0250824510,Computer Engineering,OPEN,Ladies,Other,I,86377,68.1767082
2024,3,02508,GRAMIN TECHNICAL AND MANAGEMENT CAMPUS NANDED.,0250824510,Computer Engineering,OPEN,General,Other,I,103898,60.1291862
2024,3,02508,GRAMIN TECHNICAL AND MANAGEMENT CAMPUS NANDED.,0250824510,Computer Engineering,SC,General,Other,I,119198,51.2783205
2024,3,02508,GRAMIN TECHNICAL AND MANAGEMENT CAMPUS NANDED.,0250824510,Computer Engineering,OPEN,General,Other,I,96374,63.2687832
2024,3,02508,GRAMIN TECHNICAL AND MANAGEMENT CAMPUS NANDED.,0250824510,Computer Engineering,SC,General,Other,I,81869,70.2544031
2024,3,02508,GRAMIN TECHNICAL AND MANAGEMENT CAMPUS NANDED.,0250850310,Food Technology,OPEN,General,Other,I,64593,78.9456075
2024,3,02508,GRAMIN TECHNICAL AND MANAGEMENT CAMPUS NANDED.,0250850310,Food Technology,OBC,General,Other,I,80780,72.8075065
2024,3,02508,GRAMIN TECHNICAL AND MANAGEMENT CAMPUS NANDED.,0250890710,Food Engineering,OPEN,General,State,I,114533,54.0859766
2024,3,02508,GRAMIN TECHNICAL AND MANAGEMENT CAMPUS NANDED.,0250890710,Food Engineering,OPEN,Ladies,State,I,145228,34.5790896
2024,3,02508,GRAMIN TECHNICAL AND MANAGEMENT CAMPUS NANDED.,0250890710,Food Engineering,OPEN,TFWS,State,I,156915,24.7657909
2024,3,02516,International Centre Of Excellence In Engineering and Management (ICEEM),0251624210,Computer Science and Engineering,OPEN,General,Other,I,115336,53.7694785
2024,3,02516,International Centre Of Excellence In Engineering and Management (ICEEM),0251624210,Computer Science and Engineering,SC,General,Other,I,138864,38.8849565
2024,3,02516,International Centre Of Excellence In Engineering and Management (ICEEM),0251624210,Computer Science and Engineering,OPEN,Ladies,Other,I,131992,43.5298862
2024,3,02516,International Centre Of Excellence In Engineering and Management (ICEEM),0251624210,Computer Science and Engineering,OPEN,Defence,State,I,113185,54.7526673
2024,3,02516,International Centre Of Excellence In Engineering and Management (ICEEM),0251624210,Computer Science and Engineering,OPEN,TFWS,State,I,161072,21.3531102
2024,3,02516,International Centre Of Excellence In Engineering and Management (ICEEM),0251692110,Artificial Intelligence and Machine Learning,OPEN,General,Other,I,130235,44.5064233
2024,3,02516,International Centre Of Excellence In Engineering and Management (ICEEM),0251692110,Artificial Intelligence and Machine Learning,SC,General,Other,I,167150,15.4906838
2024,3,02516,International Centre Of Excellence In Engineering and Management (ICEEM),0251692110,Artificial Intelligence and Machine Learning,OPEN,Ladies,Other,I,117057,52.814879
2024,3,02516,International Centre Of Excellence In Engineering and Management (ICEEM),0251692110,Artificial Intelligence and Machine Learning,OPEN,General,Other,I,126565,47.0113809
2024,3,02522,"STMEI's Sandipani Technical Campus-Faculty of Engineering, Latur.",0252224510,Computer Engineering,OPEN,General,Other,I,120903,50.6340761
2024,3,02522,"STMEI's Sandipani Technical Campus-Faculty of Engineering, Latur.",0252224510,Computer Engineering,OBC,General,Other,I,166201,16.2423214
2024,3,02522,"STMEI's Sandipani Technical Campus-Faculty of Engineering, Latur.",0252224510,Computer Engineering,OPEN,General,Other,I,146394,33.5585964
2024,3,02522,"STMEI's Sandipani Technical Campus-Faculty of Engineering, Latur.",0252224510,Computer Engineering,OPEN,General,Other,I,101263,60.6237408
2024,3,02522,"STMEI's Sandipani Technical Campus-Faculty of Engineering, Latur.",0252299510,Artificial Intelligence and Data Science,OPEN,General,Other,I,139369,38.7773761
2024,3,02522,"STMEI's Sandipani Technical Campus-Faculty of Engineering, Latur.",0252299510,Artificial Intelligence and Data Science,SC,General,Other,I,162158,20.1344161
2024,3,02522,"STMEI's Sandipani Technical Campus-Faculty of Engineering, Latur.",0252299510,Artificial Intelligence and Data Science,OBC,General,Other,I,160416,21.6221843
2024,3,02522,"STMEI's Sandipani Technical Campus-Faculty of Engineering, Latur.",0252299510,Artificial Intelligence and Data Science,OPEN,General,Other,I,175862,5.2422847
2024,3,02522,"STMEI's Sandipani Technical Campus-Faculty of Engineering, Latur.",0252299510,Artificial Intelligence and Data Science,OPEN,Defence,State,I,141003,37.6014199
2024,3,02522,"STMEI's Sandipani Technical Campus-Faculty of Engineering, Latur.",0252299510,Artificial Intelligence and Data Science,OPEN,TFWS,State,I,162422,19.5522021
2024,3,02533,"CSMSS Chh. Shahu College of Engineering, Aurangabad",0253319110,Civil Engineering,OPEN,General,Other,I,112195,55.2318816
2024,3,02533,"CSMSS Chh. Shahu College of Engineering, Aurangabad",0253319110,Civil Engineering,OBC,General,Other,I,137834,39.5390798
2024,3,02533,"CSMSS Chh. Shahu College of Engineering, Aurangabad",0253319110,Civil Engineering,OPEN,Ladies,Other,I,135150,41.3261276
2024,3,02533,"CSMSS Chh. Shahu College of Engineering, Aurangabad",0253319110,Civil Engineering,OPEN,General,Other,I,65972,76.6199764
2024,3,02533,"CSMSS Chh. Shahu College of Engineering, Aurangabad",0253324210,Computer Science and Engineering,OPEN,General,Other,I,30943,89.541677
2024,3,02533,"CSMSS Chh. Shahu College of Engineering, Aurangabad",0253324210,Computer Science and Engineering,OBC,General,Other,I,34776,88.157541
2024,3,02533,"CSMSS Chh. Shahu College of Engineering, Aurangabad",0253324210,Computer Science and Engineering,OBC,Defence,State,I,140390,38.0295157
2024,3,02533,"CSMSS Chh. Shahu College of Engineering, Aurangabad",0253324210,Computer Science and Engineering,OBC,Defence,State,I,78106,71.716606
2024,3,02533,"CSMSS Chh. Shahu College of Engineering, Aurangabad",0253361210,Mechanical Engineering,OPEN,General,Other,I,74351,73.4250332
2024,3,02533,"CSMSS Chh. Shahu College of Engineering, Aurangabad",0253361210,Mechanical Engineering,OBC,General,Other,I,171434,10.8656299
2024,3,02533,"CSMSS Chh. Shahu College of Engineering, Aurangabad",0253361210,Mechanical Engineering,OPEN,Ladies,Other,I,115198,53.8203081
2024,3,02533,"CSMSS Chh. Shahu College of Engineering, Aurangabad",0253361210,Mechanical Engineering,OPEN,Defence,State,I,115632,53.7694785
2024,3,02533,"CSMSS Chh. Shahu College of Engineering, Aurangabad",0253361210,Mechanical Engineering,OBC,Defence,State,I,79164,71.3988776
2024,3,02533,"CSMSS Chh. Shahu College of Engineering, Aurangabad",0253384410,Electronics and Computer Engineering,OPEN,Defence,State,I,128660,45.5784574
2024,3,02641,Dr. V.K. Patil College of Engineering & Technology,0264124210,Computer Science and Engineering,OPEN,General,Other,I,146315,33.5585964
2024,3,02641,Dr. V.K. Patil College of Engineering & Technology,0264124210,Computer Science and Engineering,OBC,General,Other,I,116394,53.517849
2024,3,02641,Dr. V.K. Patil College of Engineering & Technology,0264124210,Computer Science and Engineering,OPEN,General,Other,I,109061,57.1959853
2024,3,02641,Dr. V.K. Patil College of Engineering & Technology,0264199710,Artificial Intelligence,OBC,General,Other,I,71718,74.3785526
2024,3,02641,Dr. V.K. Patil College of Engineering & Technology,0264199710,Artificial Intelligence,OPEN,Ladies,Other,I,117998,52.0861037
2024,3,02641,Dr. V.K. Patil College of Engineering & Technology,0264199710,Artificial Intelligence,OBC,General,Other,I,149447,30.9687071
2024,3,02666,Mangaldeep College of Engineering,0266624210,Computer Science and Engineering,OPEN,General,Other,I,153013,27.9969458
2024,3,02666,Mangaldeep College of Engineering,0266624210,Computer Science and Engineering,OBC,General,Other,I,176214,4.9090228
2024,3,02666,Mangaldeep College of Engineering,0266624210,Computer Science and Engineering,OPEN,Ladies,Other,I,130548,44.4778985
2024,3,02666,Mangaldeep College of Engineering,0266624210,Computer Science and Engineering,OPEN,General,Other,I,164516,18.1477824
2024,3,02666,Mangaldeep College of Engineering,0266624610,Information Technology,OPEN,General,Other,I,106304,58.1588042
2024,3,02666,Mangaldeep College of Engineering,0266624610,Information Technology,OBC,General,Other,I,132445,43.4393889
2024,3,02666,Mangaldeep College of Engineering,0266624610,Information Technology,OPEN,General,Other,I,88480,67.5033807
2024,3,02666,Mangaldeep College of Engineering,0266656610,Computer Science,OPEN,General,Other,I,155073,26.1271353
2024,3,02666,Mangaldeep College of Engineering,0266656610,Computer Science,OBC,General,Other,I,176458,4.6975681
2024,3,02666,Mangaldeep College of Engineering,0266656610,Computer Science,OPEN,Ladies,Other,I,165881,16.2979967
2024,3,02666,Mangaldeep College of Engineering,0266656610,Computer Science,OPEN,General,Other,I,174508,7.151896
2024,3,03012,"Veermata Jijabai Technological Institute(VJTI), Matunga, Mumbai",0301219110,Civil Engineering,OPEN,General,State,I,4617,98.4208777
2024,3,03012,"Veermata Jijabai Technological Institute(VJTI), Matunga, Mumbai",0301219110,Civil Engineering,OBC,General,State,I,5807,98.0461443
2024,3,03012,"Veermata Jijabai Technological Institute(VJTI), Matunga, Mumbai",0301219110,Civil Engineering,SEBC,General,State,I,11621,96.1687682
2024,3,03012,"Veermata Jijabai Technological Institute(VJTI), Matunga, Mumbai",0301219110,Civil Engineering,SC,Ladies,State,I,25120,91.6275203
2024,3,03012,"Veermata Jijabai Technological Institute(VJTI), Matunga, Mumbai",0301219110,Civil Engineering,OPEN,Defence,State,I,10735,96.4249493
2024,3,03012,"Veermata Jijabai Technological Institute(VJTI), Matunga, Mumbai",0301219110,Civil Engineering,OPEN,TFWS,State,I,6704,97.7560024
2024,3,03012,"Veermata Jijabai Technological Institute(VJTI), Matunga, Mumbai",0301219110,Civil Engineering,OPEN,Orphan,State,I,115494,53.7694785
2024,3,03012,"Veermata Jijabai Technological Institute(VJTI), Matunga, Mumbai",0301237210,Electronics and Telecommunication Engg,OPEN,General,State,I,23535,99.6869783
2024,3,03012,"Veermata Jijabai Technological Institute(VJTI), Matunga, Mumbai",0301237210,Electronics and Telecommunication Engg,ST,General,State,I,1092,92.1947909
2024,3,03012,"Veermata Jijabai Technological Institute(VJTI), Matunga, Mumbai",0301237210,Electronics and Telecommunication Engg,OBC,General,State,I,1454,99.5636454
2024,3,03012,"Veermata Jijabai Technological Institute(VJTI), Matunga, Mumbai",0301237210,Electronics and Telecommunication Engg,SEBC,General,State,I,12816,99.4464037
2024,3,03012,"Veermata Jijabai Technological Institute(VJTI), Matunga, Mumbai",0301261210,Mechanical Engineering,OPEN,General,State,I,3875,99.6281927
2024,3,03012,"Veermata Jijabai Technological Institute(VJTI), Matunga, Mumbai",0301261210,Mechanical Engineering,OBC,General,State,I,29549,98.6602671
2024,3,03012,"Veermata Jijabai Technological Institute(VJTI), Matunga, Mumbai",0301261210,Mechanical Engineering,NT2,Ladies,State,I,6740,90.0185936
2024,3,03012,"Veermata Jijabai Technological Institute(VJTI), Matunga, Mumbai",0301262610,Production Engineering[Sandwich],OPEN,General,State,I,4803,98.35843
2024,3,03012,"Veermata Jijabai Technological Institute(VJTI), Matunga, Mumbai",0301262610,Production Engineering[Sandwich],OBC,General,State,I,9590,96.8156011
2024,3,03012,"Veermata Jijabai Technological Institute(VJTI), Matunga, Mumbai",0301262610,Production Engineering[Sandwich],SC,Ladies,State,I,25573,91.4391389
2024,3,03012,"Veermata Jijabai Technological Institute(VJTI), Matunga, Mumbai",0301262610,Production Engineering[Sandwich],OBC,PWD,State,I,9204,96.9431416
2024,3,03012,"Veermata Jijabai Technological Institute(VJTI), Matunga, Mumbai",0301262610,Production Engineering[Sandwich],OPEN,TFWS,State,I,13058,95.6719533
2024,3,03012,"Veermata Jijabai Technological Institute(VJTI), Matunga, Mumbai",0301289610,Textile Technology,OPEN,General,State,I,10028,96.6898447
2024,3,03012,"Veermata Jijabai Technological Institute(VJTI), Matunga, Mumbai",0301289610,Textile Technology,ST,General,State,I,51808,82.1493863
2024,3,03012,"Veermata Jijabai Technological Institute(VJTI), Matunga, Mumbai",0301289610,Textile Technology,SEBC,General,State,I,29312,90.1066152
2024,3,03012,"Veermata Jijabai Technological Institute(VJTI), Matunga, Mumbai",0301289610,Textile Technology,OPEN,Ladies,State,I,11908,96.0561858
2024,3,03012,"Veermata Jijabai Technological Institute(VJTI), Matunga, Mumbai",0301289610,Textile Technology,OBC,Ladies,State,I,15457,94.8378933
2024,3,03012,"Veermata Jijabai Technological Institute(VJTI), Matunga, Mumbai",0301289610,Textile Technology,SEBC,Ladies,State,I,25801,91.3560438
2024,3,03012,"Veermata Jijabai Technological Institute(VJTI), Matunga, Mumbai",0301289610,Textile Technology,OBC,PWD,State,I,6567,97.7963272
2024,3,03012,"Veermata Jijabai Technological Institute(VJTI), Matunga, Mumbai",0301289610,Textile Technology,OPEN,TFWS,State,I,27940,90.6140311
2024,3,03014,"Sardar Patel College of Engineering, Andheri",0301419110,Civil Engineering,OPEN,General,State,I,6640,97.7724112
2024,3,03014,"Sardar Patel College of Engineering, Andheri",0301419110,Civil Engineering,ST,General,State,I,50267,82.7090241
2024,3,03014,"Sardar Patel College of Engineering, Andheri",0301419110,Civil Engineering,OBC,General,State,I,11753,96.1463313
2024,3,03014,"Sardar Patel College of Engineering, Andheri",0301419110,Civil Engineering,SEBC,General,State,I,15130,95.0008395
2024,3,03014,"Sardar Patel College of Engineering, Andheri",0301419110,Civil Engineering,OPEN,Ladies,State,I,12764,95.7978793
2024,3,03014,"Sardar Patel College of Engineering, Andheri",0301419110,Civil Engineering,SC,Ladies,State,I,32332,89.0644285
2024,3,03014,"Sardar Patel College of Engineering, Andheri",0301419110,Civil Engineering,OPEN,TFWS,State,I,8554,97.1769996
2024,3,03014,"Sardar Patel College of Engineering, Andheri",0301429310,Electrical Engineering,OPEN,General,State,I,4544,98.4493868
2024,3,03014,"Sardar Patel College of Engineering, Andheri",0301429310,Electrical Engineering,SC,General,State,I,17737,94.0958488
2024,3,03014,"Sardar Patel College of Engineering, Andheri",0301429310,Electrical Engineering,ST,General,State,I,113789,54.3568289
2024,3,03014,"Sardar Patel College of Engineering, Andheri",0301429310,Electrical Engineering,OBC,General,State,I,8529,97.1776516
2024,3,03014,"Sardar Patel College of Engineering, Andheri",0301429310,Electrical Engineering,SEBC,General,State,I,12507,95.8553634
2024,3,03014,"Sardar Patel College of Engineering, Andheri",0301429310,Electrical Engineering,SEBC,Ladies,State,I,10236,96.6084697
2024,3,03014,"Sardar Patel College of Engineering, Andheri",0301429310,Electrical Engineering,OBC,PWD,State,I,25023,91.6309281
2024,3,03014,"Sardar Patel College of Engineering, Andheri",0301429310,Electrical Engineering,OBC,Defence,State,I,9066,97.0033389
2024,3,03014,"Sardar Patel College of Engineering, Andheri",0301429310,Electrical Engineering,OPEN,TFWS,State,I,57707,79.9360013
2024,3,03014,"Sardar Patel College of Engineering, Andheri",0301429310,Electrical Engineering,OBC,Defence,State,I,12861,95.7445909
2024,3,03014,"Sardar Patel College of Engineering, Andheri",0301461210,Mechanical Engineering,OBC,General,State,I,8801,97.067679
2024,3,03014,"Sardar Patel College of Engineering, Andheri",0301461210,Mechanical Engineering,SEBC,General,State,I,13798,95.4078524
2024,3,03014,"Sardar Patel College of Engineering, Andheri",0301461210,Mechanical Engineering,OPEN,Ladies,State,I,6471,97.8356678
2024,3,03014,"Sardar Patel College of Engineering, Andheri",0301461210,Mechanical Engineering,SC,Ladies,State,I,31047,89.4824361
2024,3,03014,"Sardar Patel College of Engineering, Andheri",0301461210,Mechanical Engineering,SEBC,Ladies,State,I,20610,93.1282478
2024,3,03014,"Sardar Patel College of Engineering, Andheri",0301461210,Mechanical Engineering,OPEN,PWD,State,I,130510,44.4778985
2024,3,03014,"Sardar Patel College of Engineering, Andheri",0301461210,Mechanical Engineering,OPEN,TFWS,State,I,6173,97.9171969
2024,3,03014,"Sardar Patel College of Engineering, Andheri",0301461210,Mechanical Engineering,OPEN,Orphan,State,I,14389,95.2450348
2024,3,03033,"Dr. Babasaheb Ambedkar Technological University, Lonere",0303319110,Civil Engineering,OPEN,General,State,I,139769,38.5392182
2024,3,03033,"Dr. Babasaheb Ambedkar Technological University, Lonere",0303319110,Civil Engineering,SC,General,State,I,168697,13.647753
2024,3,03033,"Dr. Babasaheb Ambedkar Technological University, Lonere",0303319110,Civil Engineering,ST,General,State,I,142707,36.0381755
2024,3,03033,"Dr. Babasaheb Ambedkar Technological University, Lonere",0303319110,Civil Engineering,NT2,General,State,I,147408,32.2475132
2024,3,03033,"Dr. Babasaheb Ambedkar Technological University, Lonere",0303319110,Civil Engineering,OBC,General,State,I,136222,40.7306838
2024,3,03033,"Dr. Babasaheb Ambedkar Technological University, Lonere",0303319110,Civil Engineering,SEBC,General,State,I,130459,44.4778985
2024,3,03033,"Dr. Babasaheb Ambedkar Technological University, Lonere",0303319110,Civil Engineering,SC,Ladies,State,I,155789,25.6482713
2024,3,03033,"Dr. Babasaheb Ambedkar Technological University, Lonere",0303319110,Civil Engineering,OPEN,General,State,I,147854,32.1785112
2024,3,03033,"Dr. Babasaheb Ambedkar Technological University, Lonere",0303324510,Computer Engineering,SC,General,State,I,76319,72.5041736
2024,3,03033,"Dr. Babasaheb Ambedkar Technological University, Lonere",0303324510,Computer Engineering,ST,General,State,I,57123,80.0921435
2024,3,03033,"Dr. Babasaheb Ambedkar Technological University, Lonere",0303324510,Computer Engineering,VJ,General,State,I,48485,83.4009466
2024,3,03033,"Dr. Babasaheb Ambedkar Technological University, Lonere",0303324510,Computer Engineering,OBC,General,State,I,61433,78.4440843
2024,3,03033,"Dr. Babasaheb Ambedkar Technological University, Lonere",0303324510,Computer Engineering,SEBC,General,State,I,36020,87.8152279
2024,3,03033,"Dr. Babasaheb Ambedkar Technological University, Lonere",0303324510,Computer Engineering,OPEN,Ladies,State,I,62055,78.1973837
2024,3,03033,"Dr. Babasaheb Ambedkar Technological University, Lonere",0303324510,Computer Engineering,SC,Ladies,State,I,82159,70.2544031
2024,3,03033,"Dr. Babasaheb Ambedkar Technological University, Lonere",0303324510,Computer Engineering,NT3,Ladies,State,I,52823,81.7658119
2024,3,03033,"Dr. Babasaheb Ambedkar Technological University, Lonere",0303324510,Computer Engineering,OBC,Ladies,State,I,171229,11.047683
2024,3,03033,"Dr. Babasaheb Ambedkar Technological University, Lonere",0303324510,Computer Engineering,OPEN,Defence,State,I,44632,84.6087386
2024,3,03033,"Dr. Babasaheb Ambedkar Technological University, Lonere",0303324610,Information Technology,OPEN,General,State,I,62078,78.1973837
2024,3,03033,"Dr. Babasaheb Ambedkar Technological University, Lonere",0303324610,Information Technology,SC,General,State,I,78299,71.7115
2024,3,03033,"Dr. Babasaheb Ambedkar Technological University, Lonere",0303324610,Information Technology,ST,General,State,I,92690,65.3627105
2024,3,03033,"Dr. Babasaheb Ambedkar Technological University, Lonere",0303324610,Information Technology,NT2,General,State,I,63605,77.7634641
2024,3,03033,"Dr. Babasaheb Ambedkar Technological University, Lonere",0303324610,Information Technology,OBC,General,State,I,68979,75.3591206
2024,3,03033,"Dr. Babasaheb Ambedkar Technological University, Lonere",0303324610,Information Technology,OPEN,Ladies,State,I,71557,74.4421543
2024,3,03033,"Dr. Babasaheb Ambedkar Technological University, Lonere",0303324610,Information Technology,OBC,Ladies,State,I,69938,75.1972801
2024,3,03033,"Dr. Babasaheb Ambedkar Technological University, Lonere",0303324610,Information Technology,SEBC,Ladies,State,I,45866,84.3179513
2024,3,03033,"Dr. Babasaheb Ambedkar Technological University, Lonere",0303324610,Information Technology,OPEN,TFWS,State,I,92753,65.3627105
2024,3,03033,"Dr. Babasaheb Ambedkar Technological University, Lonere",0303329310,Electrical Engineering,OPEN,General,State,I,76102,72.6095528
2024,3,03033,"Dr. Babasaheb Ambedkar Technological University, Lonere",0303329310,Electrical Engineering,SC,General,State,I,107918,57.3310702
2024,3,03033,"Dr. Babasaheb Ambedkar Technological University, Lonere",0303329310,Electrical Engineering,VJ,General,State,I,123000,49.513096
2024,3,03033,"Dr. Babasaheb Ambedkar Technological University, Lonere",0303329310,Electrical Engineering,OBC,General,State,I,102471,60.2951569
2024,3,03033,"Dr. Babasaheb Ambedkar Technological University, Lonere",0303329310,Electrical Engineering,SC,Ladies,State,I,130119,44.5064233
2024,3,03033,"Dr. Babasaheb Ambedkar Technological University, Lonere",0303329310,Electrical Engineering,OPEN,General,State,II,143939,35.2166182
2024,3,03033,"Dr. Babasaheb Ambedkar Technological University, Lonere",0303329310,Electrical Engineering,SC,General,State,II,177085,3.8658496
2024,3,03033,"Dr. Babasaheb Ambedkar Technological University, Lonere",0303337210,Electronics and Telecommunication Engg,OPEN,General,State,I,83333,69.627936
2024,3,03033,"Dr. Babasaheb Ambedkar Technological University, Lonere",0303337210,Electronics and Telecommunication Engg,SC,General,State,I,97047,63.0759599
2024,3,03033,"Dr. Babasaheb Ambedkar Technological University, Lonere",0303337210,Electronics and Telecommunication Engg,ST,General,State,I,90429,66.1855163
2024,3,03033,"Dr. Babasaheb Ambedkar Technological University, Lonere",0303337210,Electronics and Telecommunication Engg,OBC,General,State,I,76463,72.5041736
2024,3,03033,"Dr. Babasaheb Ambedkar Technological University, Lonere",0303337210,Electronics and Telecommunication Engg,OBC,Ladies,State,I,109656,57.0470967
2024,3,03033,"Dr. Babasaheb Ambedkar Technological University, Lonere",0303337210,Electronics and Telecommunication Engg,SEBC,Ladies,State,I,91542,65.722735
2024,3,03033,"Dr. Babasaheb Ambedkar Technological University, Lonere",0303337210,Electronics and Telecommunication Engg,OPEN,PWD,State,I,149976,30.8566205
2024,3,03033,"Dr. Babasaheb Ambedkar Technological University, Lonere",0303337210,Electronics and Telecommunication Engg,OPEN,General,State,I,103950,60.1291862
2024,3,03033,"Dr. Babasaheb Ambedkar Technological University, Lonere",0303337210,Electronics and Telecommunication Engg,SC,General,State,I,135463,41.0394031
2024,3,03033,"Dr. Babasaheb Ambedkar Technological University, Lonere",0303337210,Electronics and Telecommunication Engg,OBC,General,State,I,126439,47.4207012
2024,3,03033,"Dr. Babasaheb Ambedkar Technological University, Lonere",0303337210,Electronics and Telecommunication Engg,SEBC,General,State,I,157157,24.5948927
2024,3,03033,"Dr. Babasaheb Ambedkar Technological University, Lonere",0303337210,Electronics and Telecommunication Engg,OPEN,Ladies,State,I,94104,64.9513096
2024,3,03033,"Dr. Babasaheb Ambedkar Technological University, Lonere",0303337210,Electronics and Telecommunication Engg,SC,Ladies,State,I,127952,46.3188381
2024,3,03033,"Dr. Babasaheb Ambedkar Technological University, Lonere",0303337810,Electronics Engineering ( VLSI Design and Technology),SC,General,State,I,130760,44.4778985
2024,3,03033,"Dr. Babasaheb Ambedkar Technological University, Lonere",0303337810,Electronics Engineering ( VLSI Design and Technology),OBC,General,State,I,122439,49.7949643
2024,3,03033,"Dr. Babasaheb Ambedkar Technological University, Lonere",0303337810,Electronics Engineering ( VLSI Design and Technology),SEBC,General,State,I,135565,41.0394031
2024,3,03033,"Dr. Babasaheb Ambedkar Technological University, Lonere",0303337810,Electronics Engineering ( VLSI Design and Technology),SEBC,Ladies,State,I,103111,60.2921536
2024,3,03033,"Dr. Babasaheb Ambedkar Technological University, Lonere",0303337810,Electronics Engineering ( VLSI Design and Technology),SC,General,State,I,126149,47.4207012
2024,3,03033,"Dr. Babasaheb Ambedkar Technological University, Lonere",0303350710,Chemical Engineering,OPEN,General,State,I,106813,58.1158577
2024,3,03033,"Dr. Babasaheb Ambedkar Technological University, Lonere",0303350710,Chemical Engineering,SC,General,State,I,174379,7.2451247
2024,3,03033,"Dr. Babasaheb Ambedkar Technological University, Lonere",0303350710,Chemical Engineering,OBC,General,State,I,113496,54.3920183
2024,3,03033,"Dr. Babasaheb Ambedkar Technological University, Lonere",0303350710,Chemical Engineering,SEBC,General,State,I,150633,30.3265615
2024,3,03033,"Dr. Babasaheb Ambedkar Technological University, Lonere",0303350710,Chemical Engineering,ST,Ladies,State,I,104709,59.9791975
2024,3,03033,"Dr. Babasaheb Ambedkar Technological University, Lonere",0303350710,Chemical Engineering,OBC,Ladies,State,I,95009,63.9612515
2024,3,03033,"Dr. Babasaheb Ambedkar Technological University, Lonere",0303352710,Petro Chemical Engineering,OPEN,General,State,I,145232,34.5790896
2024,3,03033,"Dr. Babasaheb Ambedkar Technological University, Lonere",0303352710,Petro Chemical Engineering,OPEN,Ladies,State,I,164637,18.1287777
2024,3,03033,"Dr. Babasaheb Ambedkar Technological University, Lonere",0303352710,Petro Chemical Engineering,OBC,Ladies,State,I,169117,13.2387508
2024,3,03033,"Dr. Babasaheb Ambedkar Technological University, Lonere",0303352710,Petro Chemical Engineering,OPEN,General,State,I,137030,40.1585977
2024,3,03033,"Dr. Babasaheb Ambedkar Technological University, Lonere",0303361210,Mechanical Engineering,OPEN,General,State,I,69749,75.2159961
2024,3,03033,"Dr. Babasaheb Ambedkar Technological University, Lonere",0303361210,Mechanical Engineering,SC,General,State,I,147703,32.1785112
2024,3,03033,"Dr. Babasaheb Ambedkar Technological University, Lonere",0303361210,Mechanical Engineering,ST,General,State,I,122993,49.513096
2024,3,03033,"Dr. Babasaheb Ambedkar Technological University, Lonere",0303361210,Mechanical Engineering,OBC,General,State,I,148531,31.6234334
2024,3,03033,"Dr. Babasaheb Ambedkar Technological University, Lonere",0303361210,Mechanical Engineering,OPEN,General,State,II,153940,27.5123271
2024,3,03033,"Dr. Babasaheb Ambedkar Technological University, Lonere",0303361210,Mechanical Engineering,OPEN,General,State,I,130034,44.8929536
2024,3,03033,"Dr. Babasaheb Ambedkar Technological University, Lonere",0303390510,Computer Science and Engineering,OPEN,General,State,I,56608,80.3003309
2024,3,03033,"Dr. Babasaheb Ambedkar Technological University, Lonere",0303390510,Computer Science and Engineering,SC,General,State,I,69532,75.3410409
2024,3,03033,"Dr. Babasaheb Ambedkar Technological University, Lonere",0303390510,Computer Science and Engineering,ST,General,State,I,124416,48.6138054
2024,3,03033,"Dr. Babasaheb Ambedkar Technological University, Lonere",0303390510,Computer Science and Engineering,VJ,General,State,I,65449,76.7776254
2024,3,03033,"Dr. Babasaheb Ambedkar Technological University, Lonere",0303390510,Computer Science and Engineering,OBC,General,State,I,90644,66.0164943
2024,3,03033,"Dr. Babasaheb Ambedkar Technological University, Lonere",0303390510,Computer Science and Engineering,NT2,Ladies,State,I,74760,73.3652047
2024,3,03033,"Dr. Babasaheb Ambedkar Technological University, Lonere",0303390510,Computer Science and Engineering,NT3,Ladies,State,I,82488,69.800376
2024,3,03033,"Dr. Babasaheb Ambedkar Technological University, Lonere",0303390510,Computer Science and Engineering,OPEN,General,State,II,117280,52.5184688
2024,3,03036,"Institute of Chemical Technology, Matunga, Mumbai",0303651110,Dyestuff Technology,SC,General,State,I,20529,93.1559091
2024,3,03036,"Institute of Chemical Technology, Matunga, Mumbai",0303651110,Dyestuff Technology,ST,Ladies,State,I,40216,86.1969983
2024,3,03036,"Institute of Chemical Technology, Matunga, Mumbai",0303651310,Pharmaceuticals Chemistry and Technology,OPEN,General,State,I,16598,99.6843766
2024,3,03036,"Institute of Chemical Technology, Matunga, Mumbai",0303651310,Pharmaceuticals Chemistry and Technology,SC,General,State,I,138635,94.8523562
2024,3,03036,"Institute of Chemical Technology, Matunga, Mumbai",0303651410,Fibres and Textile Processing Technology,OPEN,General,State,I,10052,96.6700602
2024,3,03036,"Institute of Chemical Technology, Matunga, Mumbai",0303651410,Fibres and Textile Processing Technology,OBC,General,State,I,14939,95.0382314
2024,3,03036,"Institute of Chemical Technology, Matunga, Mumbai",0303651410,Fibres and Textile Processing Technology,OPEN,Ladies,State,I,7151,97.6103421
2024,3,03036,"Institute of Chemical Technology, Matunga, Mumbai",0303651410,Fibres and Textile Processing Technology,OPEN,PWD,State,I,31937,89.2602313
2024,3,03036,"Institute of Chemical Technology, Matunga, Mumbai",0303653410,Food Engineering and Technology,OBC,General,State,I,5754,98.1937755
2024,3,03036,"Institute of Chemical Technology, Matunga, Mumbai",0303653410,Food Engineering and Technology,OPEN,Ladies,State,I,1381,99.4978719
2024,3,03036,"Institute of Chemical Technology, Matunga, Mumbai",0303653410,Food Engineering and Technology,OPEN,TFWS,State,I,5776,0.0
2024,3,03042,"Loknete Shamrao Peje Government College of Engineering, Ratnagiri",0304229310,Electrical Engineering,OPEN,General,Other,I,97117,63.0759599
2024,3,03042,"Loknete Shamrao Peje Government College of Engineering, Ratnagiri",0304229310,Electrical Engineering,SC,General,Other,I,158061,24.0053974
2024,3,03042,"Loknete Shamrao Peje Government College of Engineering, Ratnagiri",0304229310,Electrical Engineering,OBC,General,Other,I,106500,58.1588042
2024,3,03042,"Loknete Shamrao Peje Government College of Engineering, Ratnagiri",0304229310,Electrical Engineering,OPEN,Ladies,Other,I,159951,22.1725851
2024,3,03042,"Loknete Shamrao Peje Government College of Engineering, Ratnagiri",0304229310,Electrical Engineering,OPEN,General,Other,II,109338,57.1543272
2024,3,03042,"Loknete Shamrao Peje Government College of Engineering, Ratnagiri",0304229310,Electrical Engineering,OBC,Defence,State,I,134551,42.1597155
2024,3,03042,"Loknete Shamrao Peje Government College of Engineering, Ratnagiri",0304250410,Food Technology And Management,OPEN,General,Other,I,18824,94.1982534
2024,3,03042,"Loknete Shamrao Peje Government College of Engineering, Ratnagiri",0304250410,Food Technology And Management,SC,General,Other,I,36951,88.3075893
2024,3,03042,"Loknete Shamrao Peje Government College of Engineering, Ratnagiri",0304250410,Food Technology And Management,OBC,General,Other,I,163707,22.511009
2024,3,03042,"Loknete Shamrao Peje Government College of Engineering, Ratnagiri",0304250410,Food Technology And Management,OPEN,Ladies,Other,I,36428,88.5410684
2024,3,03042,"Loknete Shamrao Peje Government College of Engineering, Ratnagiri",0304250410,Food Technology And Management,OPEN,General,Other,II,170044,16.1364215
2024,3,03042,"Loknete Shamrao Peje Government College of Engineering, Ratnagiri",0304250410,Food Technology And Management,OBC,Defence,State,I,127958,50.0957604
2024,3,03042,"Loknete Shamrao Peje Government College of Engineering, Ratnagiri",0304262410,Mechatronics Engineering,OPEN,General,Other,I,131764,43.8452614
2024,3,03042,"Loknete Shamrao Peje Government College of Engineering, Ratnagiri",0304262410,Mechatronics Engineering,OBC,General,Other,I,147113,32.8344132
2024,3,03042,"Loknete Shamrao Peje Government College of Engineering, Ratnagiri",0304299510,Artificial Intelligence and Data Science,OPEN,General,Other,I,43403,85.2125768
2024,3,03042,"Loknete Shamrao Peje Government College of Engineering, Ratnagiri",0304299510,Artificial Intelligence and Data Science,SC,General,Other,I,68562,75.6212581
2024,3,03042,"Loknete Shamrao Peje Government College of Engineering, Ratnagiri",0304299510,Artificial Intelligence and Data Science,OBC,General,Other,I,55956,80.5929134
2024,3,03042,"Loknete Shamrao Peje Government College of Engineering, Ratnagiri",0304299510,Artificial Intelligence and Data Science,OPEN,Ladies,Other,I,59443,79.3458895
2024,3,03135,"Manjara Charitable Trust's Rajiv Gandhi Institute of Technology, Mumbai",0313524510,Computer Engineering,OPEN,General,Other,I,19752,93.4175138
2024,3,03135,"Manjara Charitable Trust's Rajiv Gandhi Institute of Technology, Mumbai",0313524510,Computer Engineering,OPEN,Ladies,Other,I,19165,93.6707809
2024,3,03135,"Manjara Charitable Trust's Rajiv Gandhi Institute of Technology, Mumbai",0313524510,Computer Engineering,OPEN,General,Other,I,94689,64.4664266
2024,3,03135,"Manjara Charitable Trust's Rajiv Gandhi Institute of Technology, Mumbai",0313524510,Computer Engineering,OPEN,Defence,State,I,28624,90.3886926
2024,3,03135,"Manjara Charitable Trust's Rajiv Gandhi Institute of Technology, Mumbai",0313524510,Computer Engineering,OPEN,TFWS,State,I,12519,95.8528758
2024,3,03135,"Manjara Charitable Trust's Rajiv Gandhi Institute of Technology, Mumbai",0313524510,Computer Engineering,OPEN,Orphan,State,I,30028,89.8898358
2024,3,03135,"Manjara Charitable Trust's Rajiv Gandhi Institute of Technology, Mumbai",0313524610,Information Technology,OPEN,General,Other,I,22314,92.5934223
2024,3,03135,"Manjara Charitable Trust's Rajiv Gandhi Institute of Technology, Mumbai",0313524610,Information Technology,SC,General,Other,I,36191,87.6007466
2024,3,03135,"Manjara Charitable Trust's Rajiv Gandhi Institute of Technology, Mumbai",0313524610,Information Technology,OPEN,Ladies,Other,I,55227,80.7858869
2024,3,03135,"Manjara Charitable Trust's Rajiv Gandhi Institute of Technology, Mumbai",0313524610,Information Technology,OPEN,General,Other,I,14658,95.1705464
2024,3,03135,"Manjara Charitable Trust's Rajiv Gandhi Institute of Technology, Mumbai",0313524610,Information Technology,SC,General,Other,I,35553,88.0194481
2024,3,03135,"Manjara Charitable Trust's Rajiv Gandhi Institute of Technology, Mumbai",0313537210,Electronics and Telecommunication Engg,OPEN,General,Other,I,27507,90.7979989
2024,3,03135,"Manjara Charitable Trust's Rajiv Gandhi Institute of Technology, Mumbai",0313537210,Electronics and Telecommunication Engg,OBC,General,Other,I,80991,70.5215521
2024,3,03135,"Manjara Charitable Trust's Rajiv Gandhi Institute of Technology, Mumbai",0313537210,Electronics and Telecommunication Engg,OPEN,Ladies,Other,I,37885,87.0844527
2024,3,03135,"Manjara Charitable Trust's Rajiv Gandhi Institute of Technology, Mumbai",0313537210,Electronics and Telecommunication Engg,OPEN,General,Other,I,88998,67.0458361
2024,3,03135,"Manjara Charitable Trust's Rajiv Gandhi Institute of Technology, Mumbai",0313537210,Electronics and Telecommunication Engg,OPEN,General,Other,I,101945,60.546705
2024,3,03135,"Manjara Charitable Trust's Rajiv Gandhi Institute of Technology, Mumbai",0313561210,Mechanical Engineering,OPEN,General,Other,I,55254,80.7858869
2024,3,03135,"Manjara Charitable Trust's Rajiv Gandhi Institute of Technology, Mumbai",0313561210,Mechanical Engineering,OBC,General,Other,I,89977,66.4751458
2024,3,03135,"Manjara Charitable Trust's Rajiv Gandhi Institute of Technology, Mumbai",0313561210,Mechanical Engineering,OPEN,General,Other,II,82554,69.800376
2024,3,03139,"Vidyalankar Institute of Technology,Wadala, Mumbai",0313924510,Computer Engineering,OPEN,General,State,I,8280,97.2402198
2024,3,03139,"Vidyalankar Institute of Technology,Wadala, Mumbai",0313924510,Computer Engineering,OBC,General,State,I,10404,96.5648238
2024,3,03139,"Vidyalankar Institute of Technology,Wadala, Mumbai",0313924510,Computer Engineering,SEBC,General,State,I,12986,95.70302
2024,3,03139,"Vidyalankar Institute of Technology,Wadala, Mumbai",0313924510,Computer Engineering,OPEN,Ladies,State,I,10277,96.6007314
2024,3,03139,"Vidyalankar Institute of Technology,Wadala, Mumbai",0313924510,Computer Engineering,SC,Ladies,State,I,18642,93.833949
2024,3,03139,"Vidyalankar Institute of Technology,Wadala, Mumbai",0313924510,Computer Engineering,OPEN,Defence,State,I,10954,96.3844907
2024,3,03139,"Vidyalankar Institute of Technology,Wadala, Mumbai",0313924510,Computer Engineering,EWS,General,State,I,16271,94.5914991
2024,3,03139,"Vidyalankar Institute of Technology,Wadala, Mumbai",0313924610,Information Technology,OPEN,General,State,I,10764,96.4241778
2024,3,03139,"Vidyalankar Institute of Technology,Wadala, Mumbai",0313924610,Information Technology,SC,General,State,I,18871,93.7458444
2024,3,03139,"Vidyalankar Institute of Technology,Wadala, Mumbai",0313924610,Information Technology,OPEN,Ladies,State,I,10447,96.5548768
2024,3,03139,"Vidyalankar Institute of Technology,Wadala, Mumbai",0313924610,Information Technology,OBC,Ladies,State,I,14402,95.2450348
2024,3,03139,"Vidyalankar Institute of Technology,Wadala, Mumbai",0313924610,Information Technology,EWS,General,State,I,63188,77.8250739
2024,3,03139,"Vidyalankar Institute of Technology,Wadala, Mumbai",0313937210,Electronics and Telecommunication Engg,OPEN,General,State,I,17929,94.0591659
2024,3,03139,"Vidyalankar Institute of Technology,Wadala, Mumbai",0313937210,Electronics and Telecommunication Engg,ST,General,State,I,53396,81.4941569
2024,3,03139,"Vidyalankar Institute of Technology,Wadala, Mumbai",0313937210,Electronics and Telecommunication Engg,NT2,General,State,I,28611,90.3886926
2024,3,03139,"Vidyalankar Institute of Technology,Wadala, Mumbai",0313937210,Electronics and Telecommunication Engg,OBC,General,State,I,18814,93.7520868
2024,3,03139,"Vidyalankar Institute of Technology,Wadala, Mumbai",0313937210,Electronics and Telecommunication Engg,SEBC,General,State,I,28270,90.4876606
2024,3,03139,"Vidyalankar Institute of Technology,Wadala, Mumbai",0313937210,Electronics and Telecommunication Engg,OPEN,Ladies,State,I,20221,93.2798858
2024,3,03139,"Vidyalankar Institute of Technology,Wadala, Mumbai",0313937210,Electronics and Telecommunication Engg,SEBC,Ladies,State,I,24220,91.9365609
2024,3,03139,"Vidyalankar Institute of Technology,Wadala, Mumbai",0313937210,Electronics and Telecommunication Engg,OPEN,PWD,State,I,34127,88.506349
2024,3,03139,"Vidyalankar Institute of Technology,Wadala, Mumbai",0313937210,Electronics and Telecommunication Engg,OPEN,Defence,State,I,61584,78.4440843
2024,3,03139,"Vidyalankar Institute of Technology,Wadala, Mumbai",0313937210,Electronics and Telecommunication Engg,OBC,Defence,State,I,15422,94.8397684
2024,3,03139,"Vidyalankar Institute of Technology,Wadala, Mumbai",0313937210,Electronics and Telecommunication Engg,OPEN,TFWS,State,I,22367,92.5598125
2024,3,03139,"Vidyalankar Institute of Technology,Wadala, Mumbai",0313946110,Bio Medical Engineering,OPEN,General,State,I,24138,91.9393058
2024,3,03139,"Vidyalankar Institute of Technology,Wadala, Mumbai",0313946110,Bio Medical Engineering,SC,General,State,I,65166,76.8897938
2024,3,03139,"Vidyalankar Institute of Technology,Wadala, Mumbai",0313946110,Bio Medical Engineering,ST,General,State,I,152400,28.7003692
2024,3,03139,"Vidyalankar Institute of Technology,Wadala, Mumbai",0313946110,Bio Medical Engineering,SEBC,General,State,I,33985,88.5172385
2024,3,03139,"Vidyalankar Institute of Technology,Wadala, Mumbai",0313946110,Bio Medical Engineering,OPEN,Ladies,State,I,52322,81.8420405
2024,3,03139,"Vidyalankar Institute of Technology,Wadala, Mumbai",0313946110,Bio Medical Engineering,SC,Ladies,State,I,75790,72.8176141
2024,3,03139,"Vidyalankar Institute of Technology,Wadala, Mumbai",0313946110,Bio Medical Engineering,ST,Ladies,State,I,81518,70.4817329
2024,3,03139,"Vidyalankar Institute of Technology,Wadala, Mumbai",0313990010,Electronics and Computer Science,OPEN,General,State,I,14187,95.2921536
2024,3,03139,"Vidyalankar Institute of Technology,Wadala, Mumbai",0313990010,Electronics and Computer Science,SC,General,State,I,22895,92.3371011
2024,3,03139,"Vidyalankar Institute of Technology,Wadala, Mumbai",0313990010,Electronics and Computer Science,ST,General,State,I,76081,72.6095528
2024,3,03139,"Vidyalankar Institute of Technology,Wadala, Mumbai",0313990010,Electronics and Computer Science,OBC,General,State,I,14802,95.054719
2024,3,03139,"Vidyalankar Institute of Technology,Wadala, Mumbai",0313990010,Electronics and Computer Science,OPEN,Ladies,State,I,10661,96.4916874
2024,3,03139,"Vidyalankar Institute of Technology,Wadala, Mumbai",0313990010,Electronics and Computer Science,OPEN,PWD,State,I,11726,96.1463313
2024,3,03139,"Vidyalankar Institute of Technology,Wadala, Mumbai",0313990010,Electronics and Computer Science,OPEN,TFWS,State,I,28059,90.52636
2024,3,03146,"Jawahar Education Society's Annasaheb Chudaman Patil College of Engineering,Kharghar, Navi Mumbai",0314624510,Computer Engineering,OPEN,General,Other,I,48836,83.1469549
2024,3,03146,"Jawahar Education Society's Annasaheb Chudaman Patil College of Engineering,Kharghar, Navi Mumbai",0314624510,Computer Engineering,SC,General,Other,I,74259,73.4250332
2024,3,03146,"Jawahar Education Society's Annasaheb Chudaman Patil College of Engineering,Kharghar, Navi Mumbai",0314624510,Computer Engineering,OBC,General,Other,I,61518,78.4440843
2024,3,03146,"Jawahar Education Society's Annasaheb Chudaman Patil College of Engineering,Kharghar, Navi Mumbai",0314624510,Computer Engineering,OPEN,Ladies,Other,I,59368,79.3458895
2024,3,03146,"Jawahar Education Society's Annasaheb Chudaman Patil College of Engineering,Kharghar, Navi Mumbai",0314624510,Computer Engineering,OBC,Defence,State,I,33045,88.7794539
2024,3,03146,"Jawahar Education Society's Annasaheb Chudaman Patil College of Engineering,Kharghar, Navi Mumbai",0314624510,Computer Engineering,OPEN,TFWS,State,I,144875,34.8002089
2024,3,03146,"Jawahar Education Society's Annasaheb Chudaman Patil College of Engineering,Kharghar, Navi Mumbai",0314629310,Electrical Engineering,OPEN,General,Other,I,59626,79.1872032
2024,3,03146,"Jawahar Education Society's Annasaheb Chudaman Patil College of Engineering,Kharghar, Navi Mumbai",0314629310,Electrical Engineering,OPEN,General,Other,I,151150,29.3071786
2024,3,03146,"Jawahar Education Society's Annasaheb Chudaman Patil College of Engineering,Kharghar, Navi Mumbai",0314637210,Electronics and Telecommunication Engg,OPEN,General,Other,I,61982,78.1973837
2024,3,03146,"Jawahar Education Society's Annasaheb Chudaman Patil College of Engineering,Kharghar, Navi Mumbai",0314637210,Electronics and Telecommunication Engg,SC,General,Other,I,113194,54.7526673
2024,3,03146,"Jawahar Education Society's Annasaheb Chudaman Patil College of Engineering,Kharghar, Navi Mumbai",0314637210,Electronics and Telecommunication Engg,OPEN,Ladies,Other,I,81119,70.5008347
2024,3,03146,"Jawahar Education Society's Annasaheb Chudaman Patil College of Engineering,Kharghar, Navi Mumbai",0314637210,Electronics and Telecommunication Engg,OPEN,General,Other,I,170942,11.4128678
2024,3,03146,"Jawahar Education Society's Annasaheb Chudaman Patil College of Engineering,Kharghar, Navi Mumbai",0314692010,Computer Science and Engineering (Internet of Things and Cyber Security Including Block Chain,OPEN,General,Other,I,83831,69.275473
2024,3,03146,"Jawahar Education Society's Annasaheb Chudaman Patil College of Engineering,Kharghar, Navi Mumbai",0314692010,Computer Science and Engineering (Internet of Things and Cyber Security Including Block Chain,OPEN,General,Other,I,38751,86.8242361
2024,3,03146,"Jawahar Education Society's Annasaheb Chudaman Patil College of Engineering,Kharghar, Navi Mumbai",0314699510,Artificial Intelligence and Data Science,OPEN,General,Other,I,66857,76.3630319
2024,3,03146,"Jawahar Education Society's Annasaheb Chudaman Patil College of Engineering,Kharghar, Navi Mumbai",0314699510,Artificial Intelligence and Data Science,OBC,General,Other,I,82453,69.8140377
2024,3,03146,"Jawahar Education Society's Annasaheb Chudaman Patil College of Engineering,Kharghar, Navi Mumbai",0314699510,Artificial Intelligence and Data Science,OPEN,General,Other,I,165879,16.2979967
2024,3,03147,"Saraswati Education Society, Yadavrao Tasgaonkar Institute of Engineering & Technology, Karjat",0314724510,Computer Engineering,OPEN,General,Other,I,114241,54.1800379
2024,3,03147,"Saraswati Education Society, Yadavrao Tasgaonkar Institute of Engineering & Technology, Karjat",0314724510,Computer Engineering,SC,General,Other,I,125413,47.9076668
2024,3,03147,"Saraswati Education Society, Yadavrao Tasgaonkar Institute of Engineering & Technology, Karjat",0314724510,Computer Engineering,OBC,General,Other,I,157439,24.3094646
2024,3,03147,"Saraswati Education Society, Yadavrao Tasgaonkar Institute of Engineering & Technology, Karjat",0314724510,Computer Engineering,OPEN,Ladies,Other,I,116971,52.814879
2024,3,03147,"Saraswati Education Society, Yadavrao Tasgaonkar Institute of Engineering & Technology, Karjat",0314724610,Information Technology,OPEN,General,Other,I,128517,45.5784574
2024,3,03147,"Saraswati Education Society, Yadavrao Tasgaonkar Institute of Engineering & Technology, Karjat",0314724610,Information Technology,SC,General,Other,I,139895,38.5392182
2024,3,03147,"Saraswati Education Society, Yadavrao Tasgaonkar Institute of Engineering & Technology, Karjat",0314724610,Information Technology,OPEN,Ladies,Other,I,178365,1.8820002
2024,3,03147,"Saraswati Education Society, Yadavrao Tasgaonkar Institute of Engineering & Technology, Karjat",0314724610,Information Technology,OPEN,General,Other,I,99485,62.2534756
2024,3,03147,"Saraswati Education Society, Yadavrao Tasgaonkar Institute of Engineering & Technology, Karjat",0314791710,Data Science,OPEN,General,Other,I,119634,51.1396363
2024,3,03147,"Saraswati Education Society, Yadavrao Tasgaonkar Institute of Engineering & Technology, Karjat",0314791710,Data Science,SC,General,Other,I,131219,43.9565943
2024,3,03147,"Saraswati Education Society, Yadavrao Tasgaonkar Institute of Engineering & Technology, Karjat",0314791710,Data Science,OBC,General,Other,I,130439,44.4778985
2024,3,03147,"Saraswati Education Society, Yadavrao Tasgaonkar Institute of Engineering & Technology, Karjat",0314791710,Data Science,OPEN,General,Other,I,162225,20.1344161
2024,3,03147,"Saraswati Education Society, Yadavrao Tasgaonkar Institute of Engineering & Technology, Karjat",0314792110,Artificial Intelligence and Machine Learning,OPEN,General,Other,I,138384,39.0541888
2024,3,03147,"Saraswati Education Society, Yadavrao Tasgaonkar Institute of Engineering & Technology, Karjat",0314792110,Artificial Intelligence and Machine Learning,OBC,General,Other,I,142606,36.2134011
2024,3,03147,"Saraswati Education Society, Yadavrao Tasgaonkar Institute of Engineering & Technology, Karjat",0314792110,Artificial Intelligence and Machine Learning,OPEN,Ladies,Other,I,128282,46.2784017
2024,3,03148,"Mahavir Education Trust's Shah & Anchor Kutchhi Engineering College, Mumbai",0314825210,Cyber Security,OPEN,General,State,I,16277,94.5914991
2024,3,03148,"Mahavir Education Trust's Shah & Anchor Kutchhi Engineering College, Mumbai",0314825210,Cyber Security,OPEN,Ladies,State,I,24624,91.7923783
2024,3,03148,"Mahavir Education Trust's Shah & Anchor Kutchhi Engineering College, Mumbai",0314825210,Cyber Security,OPEN,TFWS,State,I,72197,74.2767378
2024,3,03154,"Saraswati Education Society's Saraswati College of Engineering,Kharghar Navi Mumbai",0315419110,Civil Engineering,SC,General,Other,I,149597,30.954192
2024,3,03154,"Saraswati Education Society's Saraswati College of Engineering,Kharghar Navi Mumbai",0315419110,Civil Engineering,OBC,General,Other,I,123963,48.6637821
2024,3,03154,"Saraswati Education Society's Saraswati College of Engineering,Kharghar Navi Mumbai",0315424510,Computer Engineering,OPEN,General,Other,I,50295,82.7090241
2024,3,03154,"Saraswati Education Society's Saraswati College of Engineering,Kharghar Navi Mumbai",0315424510,Computer Engineering,SC,General,Other,I,74945,73.1237323
2024,3,03154,"Saraswati Education Society's Saraswati College of Engineering,Kharghar Navi Mumbai",0315424510,Computer Engineering,OBC,General,Other,I,66742,76.4789025
2024,3,03154,"Saraswati Education Society's Saraswati College of Engineering,Kharghar Navi Mumbai",0315424510,Computer Engineering,OPEN,TFWS,State,I,25857,91.3238751
2024,3,03154,"Saraswati Education Society's Saraswati College of Engineering,Kharghar Navi Mumbai",0315424510,Computer Engineering,OPEN,Orphan,State,I,129296,45.4574846
2024,3,03154,"Saraswati Education Society's Saraswati College of Engineering,Kharghar Navi Mumbai",0315424610,Information Technology,OPEN,General,Other,I,69107,75.3591206
2024,3,03154,"Saraswati Education Society's Saraswati College of Engineering,Kharghar Navi Mumbai",0315424610,Information Technology,SC,General,Other,I,92570,65.4406319
2024,3,03154,"Saraswati Education Society's Saraswati College of Engineering,Kharghar Navi Mumbai",0315424610,Information Technology,OBC,General,Other,I,74378,73.4250332
2024,3,03154,"Saraswati Education Society's Saraswati College of Engineering,Kharghar Navi Mumbai",0315424610,Information Technology,OPEN,Ladies,Other,I,68832,75.5247196
2024,3,03154,"Saraswati Education Society's Saraswati College of Engineering,Kharghar Navi Mumbai",0315424610,Information Technology,OPEN,General,Other,I,38026,86.9701586
2024,3,03154,"Saraswati Education Society's Saraswati College of Engineering,Kharghar Navi Mumbai",0315424610,Information Technology,SC,General,Other,I,160350,21.6221843
2024,3,03154,"Saraswati Education Society's Saraswati College of Engineering,Kharghar Navi Mumbai",0315461210,Mechanical Engineering,OPEN,General,Other,I,85861,68.2901694
2024,3,03154,"Saraswati Education Society's Saraswati College of Engineering,Kharghar Navi Mumbai",0315461210,Mechanical Engineering,OBC,General,Other,I,155568,25.6745674
2024,3,03154,"Saraswati Education Society's Saraswati College of Engineering,Kharghar Navi Mumbai",0315461210,Mechanical Engineering,OPEN,General,Other,I,139396,38.7773761
2024,3,03154,"Saraswati Education Society's Saraswati College of Engineering,Kharghar Navi Mumbai",0315461210,Mechanical Engineering,OPEN,General,Other,I,130999,44.3676458
2024,3,03154,"Saraswati Education Society's Saraswati College of Engineering,Kharghar Navi Mumbai",0315491110,Computer Science and Engineering(Artificial Intelligence and Machine Learning),OPEN,General,Other,I,75614,72.8176141
2024,3,03154,"Saraswati Education Society's Saraswati College of Engineering,Kharghar Navi Mumbai",0315491110,Computer Science and Engineering(Artificial Intelligence and Machine Learning),SC,General,Other,I,90043,66.4751458
2024,3,03154,"Saraswati Education Society's Saraswati College of Engineering,Kharghar Navi Mumbai",0315491110,Computer Science and Engineering(Artificial Intelligence and Machine Learning),OPEN,Ladies,Other,I,74063,73.4468855
2024,3,03154,"Saraswati Education Society's Saraswati College of Engineering,Kharghar Navi Mumbai",0315491110,Computer Science and Engineering(Artificial Intelligence and Machine Learning),OPEN,General,Other,I,148668,31.6234334
2024,3,03154,"Saraswati Education Society's Saraswati College of Engineering,Kharghar Navi Mumbai",0315491210,Computer Science and Engineering(Data Science),OPEN,General,Other,I,76454,72.5041736
2024,3,03154,"Saraswati Education Society's Saraswati College of Engineering,Kharghar Navi Mumbai",0315491210,Computer Science and Engineering(Data Science),SC,General,Other,I,97993,62.8733646
2024,3,03154,"Saraswati Education Society's Saraswati College of Engineering,Kharghar Navi Mumbai",0315491210,Computer Science and Engineering(Data Science),OPEN,General,Other,I,101310,60.6237408
2024,3,03154,"Saraswati Education Society's Saraswati College of Engineering,Kharghar Navi Mumbai",0315491210,Computer Science and Engineering(Data Science),OPEN,General,Other,I,86990,67.8622856
2024,3,03175,"M.G.M.'s College of Engineering and Technology, Kamothe, Navi Mumbai",0317519110,Civil Engineering,OPEN,General,Other,I,124666,48.0648514
2024,3,03175,"M.G.M.'s College of Engineering and Technology, Kamothe, Navi Mumbai",0317519110,Civil Engineering,OBC,General,Other,I,157664,24.3027383
2024,3,03175,"M.G.M.'s College of Engineering and Technology, Kamothe, Navi Mumbai",0317519110,Civil Engineering,OPEN,Ladies,Other,I,117925,52.0861037
2024,3,03175,"M.G.M.'s College of Engineering and Technology, Kamothe, Navi Mumbai",0317524510,Computer Engineering,OPEN,General,Other,I,58657,79.5290328
2024,3,03175,"M.G.M.'s College of Engineering and Technology, Kamothe, Navi Mumbai",0317524510,Computer Engineering,SC,General,Other,I,78294,71.7115
2024,3,03175,"M.G.M.'s College of Engineering and Technology, Kamothe, Navi Mumbai",0317524510,Computer Engineering,OBC,General,Other,I,67380,76.1358545
2024,3,03175,"M.G.M.'s College of Engineering and Technology, Kamothe, Navi Mumbai",0317524510,Computer Engineering,OPEN,General,Other,I,154758,27.1532908
2024,3,03175,"M.G.M.'s College of Engineering and Technology, Kamothe, Navi Mumbai",0317524510,Computer Engineering,OPEN,TFWS,State,I,29735,89.9513776
2024,3,03175,"M.G.M.'s College of Engineering and Technology, Kamothe, Navi Mumbai",0317524510,Computer Engineering,OPEN,Orphan,State,I,131414,43.9565943
2024,3,03175,"M.G.M.'s College of Engineering and Technology, Kamothe, Navi Mumbai",0317524610,Information Technology,OPEN,General,Other,I,46467,84.0259309
2024,3,03175,"M.G.M.'s College of Engineering and Technology, Kamothe, Navi Mumbai",0317524610,Information Technology,SC,General,Other,I,78150,71.716606
2024,3,03175,"M.G.M.'s College of Engineering and Technology, Kamothe, Navi Mumbai",0317524610,Information Technology,OPEN,General,Other,I,23979,92.0088098
2024,3,03175,"M.G.M.'s College of Engineering and Technology, Kamothe, Navi Mumbai",0317524610,Information Technology,SC,General,Other,I,154674,27.1532908
2024,3,03175,"M.G.M.'s College of Engineering and Technology, Kamothe, Navi Mumbai",0317529310,Electrical Engineering,OPEN,General,Other,I,123720,48.777949
2024,3,03175,"M.G.M.'s College of Engineering and Technology, Kamothe, Navi Mumbai",0317529310,Electrical Engineering,OBC,General,Other,I,134676,42.1597155
2024,3,03175,"M.G.M.'s College of Engineering and Technology, Kamothe, Navi Mumbai",0317537210,Electronics and Telecommunication Engg,OPEN,General,Other,I,70383,75.0114283
2024,3,03175,"M.G.M.'s College of Engineering and Technology, Kamothe, Navi Mumbai",0317537210,Electronics and Telecommunication Engg,SC,General,Other,I,94255,64.6500162
2024,3,03175,"M.G.M.'s College of Engineering and Technology, Kamothe, Navi Mumbai",0317537210,Electronics and Telecommunication Engg,OBC,General,Other,I,77016,72.2338818
2024,3,03175,"M.G.M.'s College of Engineering and Technology, Kamothe, Navi Mumbai",0317537210,Electronics and Telecommunication Engg,OPEN,Ladies,Other,I,85630,68.4737144
2024,3,03175,"M.G.M.'s College of Engineering and Technology, Kamothe, Navi Mumbai",0317537210,Electronics and Telecommunication Engg,OPEN,General,Other,I,177686,2.9443123
2024,3,03175,"M.G.M.'s College of Engineering and Technology, Kamothe, Navi Mumbai",0317550710,Chemical Engineering,OPEN,General,Other,I,36071,87.8152279
2024,3,03175,"M.G.M.'s College of Engineering and Technology, Kamothe, Navi Mumbai",0317550710,Chemical Engineering,OBC,General,Other,I,102077,60.546705
2024,3,03175,"M.G.M.'s College of Engineering and Technology, Kamothe, Navi Mumbai",0317550710,Chemical Engineering,OPEN,Ladies,Other,I,99421,62.7216425
2024,3,03175,"M.G.M.'s College of Engineering and Technology, Kamothe, Navi Mumbai",0317550710,Chemical Engineering,OPEN,General,Other,II,105680,59.0509185
2024,3,03175,"M.G.M.'s College of Engineering and Technology, Kamothe, Navi Mumbai",0317561210,Mechanical Engineering,OPEN,General,Other,I,79316,71.3988776
2024,3,03175,"M.G.M.'s College of Engineering and Technology, Kamothe, Navi Mumbai",0317561210,Mechanical Engineering,SC,General,Other,I,126169,47.4207012
2024,3,03175,"M.G.M.'s College of Engineering and Technology, Kamothe, Navi Mumbai",0317561210,Mechanical Engineering,OBC,General,Other,I,126942,46.5102928
2024,3,03175,"M.G.M.'s College of Engineering and Technology, Kamothe, Navi Mumbai",0317561210,Mechanical Engineering,OPEN,Ladies,Other,I,127416,46.3828235
2024,3,03175,"M.G.M.'s College of Engineering and Technology, Kamothe, Navi Mumbai",0317591210,Computer Science and Engineering(Data Science),OPEN,General,Other,I,25375,91.5477593
2024,3,03175,"M.G.M.'s College of Engineering and Technology, Kamothe, Navi Mumbai",0317591210,Computer Science and Engineering(Data Science),SC,General,Other,I,85644,68.4737144
2024,3,03175,"M.G.M.'s College of Engineering and Technology, Kamothe, Navi Mumbai",0317591210,Computer Science and Engineering(Data Science),OPEN,General,Other,I,159722,22.2282247
2024,3,03175,"M.G.M.'s College of Engineering and Technology, Kamothe, Navi Mumbai",0317591610,Automation and Robotics,OBC,General,Other,I,99565,62.2534756
2024,3,03176,"Thakur College of Engineering and Technology, Kandivali, Mumbai",0317624510,Computer Engineering,OPEN,General,State,I,9282,96.9076289
2024,3,03176,"Thakur College of Engineering and Technology, Kandivali, Mumbai",0317624510,Computer Engineering,OPEN,Ladies,State,I,11988,96.0392321
2024,3,03176,"Thakur College of Engineering and Technology, Kandivali, Mumbai",0317624510,Computer Engineering,OPEN,TFWS,State,I,11747,96.1463313
2024,3,03176,"Thakur College of Engineering and Technology, Kandivali, Mumbai",0317625310,Internet of Things (IoT),OPEN,General,State,I,18019,94.0242686
2024,3,03176,"Thakur College of Engineering and Technology, Kandivali, Mumbai",0317625310,Internet of Things (IoT),OPEN,Ladies,State,I,17679,94.115178
2024,3,03176,"Thakur College of Engineering and Technology, Kandivali, Mumbai",0317625310,Internet of Things (IoT),OPEN,TFWS,State,I,33293,88.7353399
2024,3,03176,"Thakur College of Engineering and Technology, Kandivali, Mumbai",0317625910,Mechanical and Mechatronics Engineering (Additive Manufacturing),OPEN,General,State,I,35362,88.0525374
2024,3,03176,"Thakur College of Engineering and Technology, Kandivali, Mumbai",0317625910,Mechanical and Mechatronics Engineering (Additive Manufacturing),OPEN,Ladies,State,I,54606,81.0485225
2024,3,03176,"Thakur College of Engineering and Technology, Kandivali, Mumbai",0317625910,Mechanical and Mechatronics Engineering (Additive Manufacturing),OPEN,TFWS,State,I,80545,70.6178643
2024,3,03176,"Thakur College of Engineering and Technology, Kandivali, Mumbai",0317637210,Electronics and Telecommunication Engg,OPEN,General,State,I,20624,93.1282478
2024,3,03176,"Thakur College of Engineering and Technology, Kandivali, Mumbai",0317637210,Electronics and Telecommunication Engg,OPEN,Ladies,State,I,19245,93.6359026
2024,3,03176,"Thakur College of Engineering and Technology, Kandivali, Mumbai",0317637210,Electronics and Telecommunication Engg,OPEN,TFWS,State,I,42230,85.4541675
2024,3,03176,"Thakur College of Engineering and Technology, Kandivali, Mumbai",0317661210,Mechanical Engineering,OPEN,General,State,I,28933,90.2977118
2024,3,03176,"Thakur College of Engineering and Technology, Kandivali, Mumbai",0317661210,Mechanical Engineering,OPEN,Ladies,State,I,39932,86.2657912
2024,3,03176,"Thakur College of Engineering and Technology, Kandivali, Mumbai",0317661210,Mechanical Engineering,OPEN,TFWS,State,I,74690,73.3652047
2024,3,03176,"Thakur College of Engineering and Technology, Kandivali, Mumbai",0317692110,Artificial Intelligence and Machine Learning,OPEN,General,State,I,13722,95.4632721
2024,3,03176,"Thakur College of Engineering and Technology, Kandivali, Mumbai",0317692110,Artificial Intelligence and Machine Learning,OPEN,Ladies,State,I,15589,94.8243232
2024,3,03176,"Thakur College of Engineering and Technology, Kandivali, Mumbai",0317692110,Artificial Intelligence and Machine Learning,OPEN,TFWS,State,I,22824,92.4262209
2024,3,03184,"Fr. Conceicao Rodrigues College of Engineering, Bandra,Mumbai",0318490010,Electronics and Computer Science,OPEN,General,State,I,10387,96.5648238
2024,3,03184,"Fr. Conceicao Rodrigues College of Engineering, Bandra,Mumbai",0318490010,Electronics and Computer Science,OPEN,Ladies,State,I,9309,96.9066937
2024,3,03184,"Fr. Conceicao Rodrigues College of Engineering, Bandra,Mumbai",0318490010,Electronics and Computer Science,OPEN,TFWS,State,I,51852,82.0158422
2024,3,03187,"N.Y.S.S.'s Datta Meghe College of Engineering, Airoli, Navi Mumbai",0318719110,Civil Engineering,OPEN,General,Other,I,94047,64.9513096
2024,3,03187,"N.Y.S.S.'s Datta Meghe College of Engineering, Airoli, Navi Mumbai",0318719110,Civil Engineering,OPEN,Ladies,Other,I,171179,11.047683
2024,3,03187,"N.Y.S.S.'s Datta Meghe College of Engineering, Airoli, Navi Mumbai",0318719110,Civil Engineering,OPEN,General,Other,I,166917,15.5975889
2024,3,03187,"N.Y.S.S.'s Datta Meghe College of Engineering, Airoli, Navi Mumbai",0318724510,Computer Engineering,OPEN,General,Other,I,34799,88.157541
2024,3,03187,"N.Y.S.S.'s Datta Meghe College of Engineering, Airoli, Navi Mumbai",0318724510,Computer Engineering,SC,General,Other,I,42306,85.4541675
2024,3,03187,"N.Y.S.S.'s Datta Meghe College of Engineering, Airoli, Navi Mumbai",0318724510,Computer Engineering,OBC,General,Other,I,47652,83.5806009
2024,3,03187,"N.Y.S.S.'s Datta Meghe College of Engineering, Airoli, Navi Mumbai",0318724510,Computer Engineering,OPEN,Ladies,Other,I,40423,86.1764583
2024,3,03187,"N.Y.S.S.'s Datta Meghe College of Engineering, Airoli, Navi Mumbai",0318724510,Computer Engineering,OBC,Defence,State,I,69137,75.3516004
2024,3,03187,"N.Y.S.S.'s Datta Meghe College of Engineering, Airoli, Navi Mumbai",0318724510,Computer Engineering,OPEN,TFWS,State,I,10238,96.6084697
2024,3,03187,"N.Y.S.S.'s Datta Meghe College of Engineering, Airoli, Navi Mumbai",0318724510,Computer Engineering,OBC,Defence,State,I,143246,35.6703287
2024,3,03187,"N.Y.S.S.'s Datta Meghe College of Engineering, Airoli, Navi Mumbai",0318724510,Computer Engineering,EWS,General,State,I,29049,90.2921536
2024,3,03187,"N.Y.S.S.'s Datta Meghe College of Engineering, Airoli, Navi Mumbai",0318724610,Information Technology,OPEN,General,Other,I,41948,85.5352459
2024,3,03187,"N.Y.S.S.'s Datta Meghe College of Engineering, Airoli, Navi Mumbai",0318724610,Information Technology,SC,General,Other,I,62456,78.1496564
2024,3,03187,"N.Y.S.S.'s Datta Meghe College of Engineering, Airoli, Navi Mumbai",0318724610,Information Technology,OBC,General,Other,I,42171,85.455686
2024,3,03187,"N.Y.S.S.'s Datta Meghe College of Engineering, Airoli, Navi Mumbai",0318724610,Information Technology,OPEN,Ladies,Other,I,44269,84.8060392
2024,3,03187,"N.Y.S.S.'s Datta Meghe College of Engineering, Airoli, Navi Mumbai",0318724610,Information Technology,OBC,Defence,State,I,79224,71.3988776
2024,3,03187,"N.Y.S.S.'s Datta Meghe College of Engineering, Airoli, Navi Mumbai",0318737210,Electronics and Telecommunication Engg,OPEN,General,Other,I,72992,73.8486985
2024,3,03187,"N.Y.S.S.'s Datta Meghe College of Engineering, Airoli, Navi Mumbai",0318737210,Electronics and Telecommunication Engg,OPEN,Ladies,Other,I,76180,72.6095528
2024,3,03187,"N.Y.S.S.'s Datta Meghe College of Engineering, Airoli, Navi Mumbai",0318737210,Electronics and Telecommunication Engg,OPEN,General,Other,I,145823,34.1954023
2024,3,03187,"N.Y.S.S.'s Datta Meghe College of Engineering, Airoli, Navi Mumbai",0318750710,Chemical Engineering,OPEN,General,Other,I,63099,77.8410928
2024,3,03187,"N.Y.S.S.'s Datta Meghe College of Engineering, Airoli, Navi Mumbai",0318799510,Artificial Intelligence and Data Science,OPEN,General,Other,I,42158,85.455686
2024,3,03187,"N.Y.S.S.'s Datta Meghe College of Engineering, Airoli, Navi Mumbai",0318799510,Artificial Intelligence and Data Science,SC,General,Other,I,83192,69.7604398
2024,3,03187,"N.Y.S.S.'s Datta Meghe College of Engineering, Airoli, Navi Mumbai",0318799510,Artificial Intelligence and Data Science,OBC,General,Other,I,63325,77.8250739
2024,3,03187,"N.Y.S.S.'s Datta Meghe College of Engineering, Airoli, Navi Mumbai",0318799510,Artificial Intelligence and Data Science,OPEN,Ladies,Other,I,51860,82.0158422
2024,3,03187,"N.Y.S.S.'s Datta Meghe College of Engineering, Airoli, Navi Mumbai",0318799510,Artificial Intelligence and Data Science,OPEN,TFWS,State,I,25076,91.6309281
2024,3,03187,"N.Y.S.S.'s Datta Meghe College of Engineering, Airoli, Navi Mumbai",0318799510,Artificial Intelligence and Data Science,OPEN,Orphan,State,I,95705,63.5370419
2024,3,03188,"Vasantdada Patil Pratishthan's College Of Engineering and Visual Arts, Sion, Mumbai",0318824510,Computer Engineering,OPEN,General,Other,I,38704,86.8242361
2024,3,03188,"Vasantdada Patil Pratishthan's College Of Engineering and Visual Arts, Sion, Mumbai",0318824510,Computer Engineering,SC,General,Other,I,53205,81.658825
2024,3,03188,"Vasantdada Patil Pratishthan's College Of Engineering and Visual Arts, Sion, Mumbai",0318824510,Computer Engineering,OBC,General,Other,I,51582,82.1766955
2024,3,03188,"Vasantdada Patil Pratishthan's College Of Engineering and Visual Arts, Sion, Mumbai",0318824510,Computer Engineering,OPEN,General,Other,I,59103,79.4055287
2024,3,03188,"Vasantdada Patil Pratishthan's College Of Engineering and Visual Arts, Sion, Mumbai",0318824610,Information Technology,OPEN,General,Other,I,50826,82.4751693
2024,3,03188,"Vasantdada Patil Pratishthan's College Of Engineering and Visual Arts, Sion, Mumbai",0318824610,Information Technology,OBC,General,Other,I,56162,80.5896708
2024,3,03188,"Vasantdada Patil Pratishthan's College Of Engineering and Visual Arts, Sion, Mumbai",0318824610,Information Technology,OPEN,Ladies,Other,I,56701,80.3003309
2024,3,03188,"Vasantdada Patil Pratishthan's College Of Engineering and Visual Arts, Sion, Mumbai",0318824610,Information Technology,OPEN,General,Other,I,69383,75.3410409
2024,3,03188,"Vasantdada Patil Pratishthan's College Of Engineering and Visual Arts, Sion, Mumbai",0318862410,Mechatronics Engineering,OPEN,General,Other,I,69721,75.2159961
2024,3,03188,"Vasantdada Patil Pratishthan's College Of Engineering and Visual Arts, Sion, Mumbai",0318862410,Mechatronics Engineering,OPEN,General,Other,I,89264,66.8505265
2024,3,03188,"Vasantdada Patil Pratishthan's College Of Engineering and Visual Arts, Sion, Mumbai",0318891110,Computer Science and Engineering(Artificial Intelligence and Machine Learning),OPEN,General,Other,I,42845,85.3426422
2024,3,03188,"Vasantdada Patil Pratishthan's College Of Engineering and Visual Arts, Sion, Mumbai",0318891110,Computer Science and Engineering(Artificial Intelligence and Machine Learning),SC,General,Other,I,54136,81.2928705
2024,3,03188,"Vasantdada Patil Pratishthan's College Of Engineering and Visual Arts, Sion, Mumbai",0318891110,Computer Science and Engineering(Artificial Intelligence and Machine Learning),OPEN,Ladies,Other,I,70091,75.1972801
2024,3,03188,"Vasantdada Patil Pratishthan's College Of Engineering and Visual Arts, Sion, Mumbai",0318891110,Computer Science and Engineering(Artificial Intelligence and Machine Learning),OPEN,Defence,State,I,74308,73.4250332
2024,3,03188,"Vasantdada Patil Pratishthan's College Of Engineering and Visual Arts, Sion, Mumbai",0318891110,Computer Science and Engineering(Artificial Intelligence and Machine Learning),OPEN,TFWS,State,I,28800,90.3485031
2024,3,03188,"Vasantdada Patil Pratishthan's College Of Engineering and Visual Arts, Sion, Mumbai",0318891110,Computer Science and Engineering(Artificial Intelligence and Machine Learning),EWS,General,State,I,72009,74.3614357
2024,3,03189,"Bharati Vidyapeeth College of Engineering, Navi Mumbai",0318924510,Computer Engineering,OPEN,General,Other,I,10183,96.6210121
2024,3,03189,"Bharati Vidyapeeth College of Engineering, Navi Mumbai",0318924510,Computer Engineering,OBC,General,Other,I,23164,92.2993808
2024,3,03189,"Bharati Vidyapeeth College of Engineering, Navi Mumbai",0318924510,Computer Engineering,OPEN,Defence,State,I,49174,82.9978985
2024,3,03189,"Bharati Vidyapeeth College of Engineering, Navi Mumbai",0318924510,Computer Engineering,EWS,General,State,I,39964,86.2308451
2024,3,03189,"Bharati Vidyapeeth College of Engineering, Navi Mumbai",0318924610,Information Technology,OPEN,General,Other,I,24129,91.9393058
2024,3,03189,"Bharati Vidyapeeth College of Engineering, Navi Mumbai",0318924610,Information Technology,OBC,General,Other,I,75019,73.1237323
2024,3,03189,"Bharati Vidyapeeth College of Engineering, Navi Mumbai",0318924610,Information Technology,OPEN,Defence,State,I,50592,82.6959019
2024,3,03189,"Bharati Vidyapeeth College of Engineering, Navi Mumbai",0318924610,Information Technology,OPEN,TFWS,State,I,14411,95.2450348
2024,3,03189,"Bharati Vidyapeeth College of Engineering, Navi Mumbai",0318924610,Information Technology,EWS,General,State,I,52487,81.8151897
2024,3,03189,"Bharati Vidyapeeth College of Engineering, Navi Mumbai",0318937210,Electronics and Telecommunication Engg,OPEN,General,Other,I,47974,83.5369475
2024,3,03189,"Bharati Vidyapeeth College of Engineering, Navi Mumbai",0318937210,Electronics and Telecommunication Engg,SC,General,Other,I,50995,82.4751693
2024,3,03189,"Bharati Vidyapeeth College of Engineering, Navi Mumbai",0318937210,Electronics and Telecommunication Engg,OBC,General,Other,I,58830,79.5235744
2024,3,03189,"Bharati Vidyapeeth College of Engineering, Navi Mumbai",0318937210,Electronics and Telecommunication Engg,OPEN,Ladies,Other,I,54768,81.0378274
2024,3,03189,"Bharati Vidyapeeth College of Engineering, Navi Mumbai",0318937210,Electronics and Telecommunication Engg,OPEN,Defence,State,I,79560,71.353144
2024,3,03189,"Bharati Vidyapeeth College of Engineering, Navi Mumbai",0318937210,Electronics and Telecommunication Engg,OBC,Defence,State,I,133776,42.2216419
2024,3,03189,"Bharati Vidyapeeth College of Engineering, Navi Mumbai",0318937210,Electronics and Telecommunication Engg,OPEN,Orphan,State,I,107101,57.9919409
2024,3,03189,"Bharati Vidyapeeth College of Engineering, Navi Mumbai",0318946610,Instrumentation Engineering,OPEN,General,Other,I,30606,89.6994627
2024,3,03189,"Bharati Vidyapeeth College of Engineering, Navi Mumbai",0318946610,Instrumentation Engineering,SC,General,Other,I,121306,50.6004122
2024,3,03189,"Bharati Vidyapeeth College of Engineering, Navi Mumbai",0318946610,Instrumentation Engineering,OBC,General,Other,I,96466,63.2340107
2024,3,03189,"Bharati Vidyapeeth College of Engineering, Navi Mumbai",0318961210,Mechanical Engineering,OPEN,General,Other,I,98094,62.8733646
2024,3,03189,"Bharati Vidyapeeth College of Engineering, Navi Mumbai",0318961210,Mechanical Engineering,OBC,General,Other,I,117816,52.0861037
2024,3,03189,"Bharati Vidyapeeth College of Engineering, Navi Mumbai",0318961210,Mechanical Engineering,OPEN,Ladies,Other,I,76802,72.3242844
2024,3,03189,"Bharati Vidyapeeth College of Engineering, Navi Mumbai",0318961210,Mechanical Engineering,OPEN,General,Other,II,148541,31.6234334
2024,3,03190,"Terna Engineering College, Nerul, Navi Mumbai",0319019110,Civil Engineering,OPEN,General,Other,I,113529,54.3920183
2024,3,03190,"Terna Engineering College, Nerul, Navi Mumbai",0319019110,Civil Engineering,OPEN,Ladies,Other,I,134250,42.2200941
2024,3,03190,"Terna Engineering College, Nerul, Navi Mumbai",0319019110,Civil Engineering,OPEN,General,Other,I,126234,47.4207012
2024,3,03190,"Terna Engineering College, Nerul, Navi Mumbai",0319019110,Civil Engineering,OPEN,General,Other,I,103101,60.2921536
2024,3,03190,"Terna Engineering College, Nerul, Navi Mumbai",0319024510,Computer Engineering,OPEN,Orphan,State,I,51327,82.1878954
2024,3,03190,"Terna Engineering College, Nerul, Navi Mumbai",0319024610,Information Technology,SC,General,Other,I,34498,88.2040568
2024,3,03190,"Terna Engineering College, Nerul, Navi Mumbai",0319024610,Information Technology,OPEN,Ladies,Other,I,32533,89.0036224
2024,3,03190,"Terna Engineering College, Nerul, Navi Mumbai",0319024610,Information Technology,SC,General,Other,I,53190,81.658825
2024,3,03190,"Terna Engineering College, Nerul, Navi Mumbai",0319037210,Electronics and Telecommunication Engg,OPEN,General,Other,I,55126,80.7858869
2024,3,03190,"Terna Engineering College, Nerul, Navi Mumbai",0319037210,Electronics and Telecommunication Engg,SC,General,Other,I,60943,78.81049
2024,3,03190,"Terna Engineering College, Nerul, Navi Mumbai",0319037210,Electronics and Telecommunication Engg,OPEN,Defence,State,I,102367,60.5030966
2024,3,03190,"Terna Engineering College, Nerul, Navi Mumbai",0319037210,Electronics and Telecommunication Engg,OPEN,TFWS,State,I,28960,90.2977118
2024,3,03190,"Terna Engineering College, Nerul, Navi Mumbai",0319037210,Electronics and Telecommunication Engg,EWS,General,State,I,130061,44.8929536
2024,3,03190,"Terna Engineering College, Nerul, Navi Mumbai",0319037610,Electronics Engineering,OPEN,General,Other,I,78559,71.7115
2024,3,03190,"Terna Engineering College, Nerul, Navi Mumbai",0319037610,Electronics Engineering,OBC,General,Other,I,106109,58.5786927
2024,3,03190,"Terna Engineering College, Nerul, Navi Mumbai",0319037610,Electronics Engineering,OPEN,Ladies,Other,I,112641,55.0733859
2024,3,03190,"Terna Engineering College, Nerul, Navi Mumbai",0319037610,Electronics Engineering,OPEN,General,Other,I,79086,71.4038201
2024,3,03190,"Terna Engineering College, Nerul, Navi Mumbai",0319037610,Electronics Engineering,OBC,General,Other,I,98212,62.8351694
2024,3,03190,"Terna Engineering College, Nerul, Navi Mumbai",0319062410,Mechatronics Engineering,OPEN,General,Other,I,91670,65.5509182
2024,3,03190,"Terna Engineering College, Nerul, Navi Mumbai",0319062410,Mechatronics Engineering,OPEN,Ladies,Other,I,153662,27.6622718
2024,3,03190,"Terna Engineering College, Nerul, Navi Mumbai",0319062410,Mechatronics Engineering,OPEN,General,Other,I,115351,53.7694785
2024,3,03190,"Terna Engineering College, Nerul, Navi Mumbai",0319062410,Mechatronics Engineering,OPEN,General,Other,I,173964,7.7921536
2024,3,03192,"Smt. Indira Gandhi College of Engineering, Navi Mumbai",0319224510,Computer Engineering,OPEN,General,Other,I,57726,79.9360013
2024,3,03192,"Smt. Indira Gandhi College of Engineering, Navi Mumbai",0319224510,Computer Engineering,OBC,General,Other,I,68819,75.5247196
2024,3,03192,"Smt. Indira Gandhi College of Engineering, Navi Mumbai",0319224510,Computer Engineering,OPEN,General,Other,I,71000,74.6830629
2024,3,03192,"Smt. Indira Gandhi College of Engineering, Navi Mumbai",0319224510,Computer Engineering,OPEN,Defence,State,I,72546,74.1162962
2024,3,03192,"Smt. Indira Gandhi College of Engineering, Navi Mumbai",0319224510,Computer Engineering,OBC,Defence,State,I,92728,65.3627105
2024,3,03192,"Smt. Indira Gandhi College of Engineering, Navi Mumbai",0319229310,Electrical Engineering,OPEN,General,Other,I,99531,62.2534756
2024,3,03192,"Smt. Indira Gandhi College of Engineering, Navi Mumbai",0319229310,Electrical Engineering,OBC,General,Other,I,131277,43.9565943
2024,3,03192,"Smt. Indira Gandhi College of Engineering, Navi Mumbai",0319229310,Electrical Engineering,OPEN,Ladies,Other,I,143401,35.5925864
2024,3,03192,"Smt. Indira Gandhi College of Engineering, Navi Mumbai",0319261210,Mechanical Engineering,OPEN,General,Other,I,132168,43.5298862
2024,3,03192,"Smt. Indira Gandhi College of Engineering, Navi Mumbai",0319261210,Mechanical Engineering,SC,General,Other,I,171797,10.3145909
2024,3,03192,"Smt. Indira Gandhi College of Engineering, Navi Mumbai",0319292010,Computer Science and Engineering (Internet of Things and Cyber Security Including Block Chain,OPEN,General,Other,I,78058,71.716606
2024,3,03192,"Smt. Indira Gandhi College of Engineering, Navi Mumbai",0319292010,Computer Science and Engineering (Internet of Things and Cyber Security Including Block Chain,SC,General,Other,I,80520,70.6178643
2024,3,03192,"Smt. Indira Gandhi College of Engineering, Navi Mumbai",0319292010,Computer Science and Engineering (Internet of Things and Cyber Security Including Block Chain,OBC,General,Other,I,79488,71.353144
2024,3,03192,"Smt. Indira Gandhi College of Engineering, Navi Mumbai",0319292010,Computer Science and Engineering (Internet of Things and Cyber Security Including Block Chain,OPEN,Ladies,Other,I,62235,78.1946121
2024,3,03192,"Smt. Indira Gandhi College of Engineering, Navi Mumbai",0319292010,Computer Science and Engineering (Internet of Things and Cyber Security Including Block Chain,OPEN,General,Other,I,147010,32.8923205
2024,3,03192,"Smt. Indira Gandhi College of Engineering, Navi Mumbai",0319299510,Artificial Intelligence and Data Science,OPEN,General,Other,I,73096,73.8486985
2024,3,03192,"Smt. Indira Gandhi College of Engineering, Navi Mumbai",0319299510,Artificial Intelligence and Data Science,OBC,General,Other,I,77152,72.1467831
2024,3,03192,"Smt. Indira Gandhi College of Engineering, Navi Mumbai",0319299510,Artificial Intelligence and Data Science,OPEN,Ladies,Other,I,84510,69.0659616
2024,3,03192,"Smt. Indira Gandhi College of Engineering, Navi Mumbai",0319299510,Artificial Intelligence and Data Science,OPEN,General,Other,I,33407,88.6997043
2024,3,03192,"Smt. Indira Gandhi College of Engineering, Navi Mumbai",0319299510,Artificial Intelligence and Data Science,OBC,General,Other,I,155476,25.7846411
2024,3,03193,"Shivajirao S. Jondhale College of Engineering, Dombivali,Mumbai",0319324510,Computer Engineering,OPEN,General,Other,I,85002,68.7156482
2024,3,03193,"Shivajirao S. Jondhale College of Engineering, Dombivali,Mumbai",0319324510,Computer Engineering,OBC,General,Other,I,95343,63.5370419
2024,3,03193,"Shivajirao S. Jondhale College of Engineering, Dombivali,Mumbai",0319324510,Computer Engineering,OPEN,General,Other,I,30239,89.8015148
2024,3,03193,"Shivajirao S. Jondhale College of Engineering, Dombivali,Mumbai",0319324510,Computer Engineering,OBC,General,Other,I,69572,75.3410409
2024,3,03193,"Shivajirao S. Jondhale College of Engineering, Dombivali,Mumbai",0319324610,Information Technology,OPEN,General,Other,I,86679,68.0717863
2024,3,03193,"Shivajirao S. Jondhale College of Engineering, Dombivali,Mumbai",0319324610,Information Technology,OPEN,Ladies,Other,I,98570,62.795808
2024,3,03193,"Shivajirao S. Jondhale College of Engineering, Dombivali,Mumbai",0319324610,Information Technology,OPEN,General,Other,I,72377,74.1162962
2024,3,03193,"Shivajirao S. Jondhale College of Engineering, Dombivali,Mumbai",0319324610,Information Technology,OPEN,Ladies,Other,I,82442,69.8140377
2024,3,03193,"Shivajirao S. Jondhale College of Engineering, Dombivali,Mumbai",0319324610,Information Technology,OPEN,General,Other,I,160958,21.3858708
2024,3,03193,"Shivajirao S. Jondhale College of Engineering, Dombivali,Mumbai",0319350710,Chemical Engineering,OPEN,General,Other,I,135980,40.99476
2024,3,03193,"Shivajirao S. Jondhale College of Engineering, Dombivali,Mumbai",0319350710,Chemical Engineering,OBC,General,Other,I,157307,24.4231968
2024,3,03193,"Shivajirao S. Jondhale College of Engineering, Dombivali,Mumbai",0319350710,Chemical Engineering,OPEN,Ladies,Other,I,172986,8.946165
2024,3,03194,"Vidyavardhini's College of Engineering and Technology, Vasai",0319419110,Civil Engineering,OPEN,General,Other,I,71156,74.5088207
2024,3,03194,"Vidyavardhini's College of Engineering and Technology, Vasai",0319419110,Civil Engineering,OPEN,Ladies,Other,I,172423,9.6053076
2024,3,03194,"Vidyavardhini's College of Engineering and Technology, Vasai",0319424510,Computer Engineering,OPEN,General,Other,I,41068,86.0755637
2024,3,03194,"Vidyavardhini's College of Engineering and Technology, Vasai",0319424510,Computer Engineering,SC,General,Other,I,43583,85.0982359
2024,3,03194,"Vidyavardhini's College of Engineering and Technology, Vasai",0319424510,Computer Engineering,OBC,General,Other,I,52188,81.934184
2024,3,03194,"Vidyavardhini's College of Engineering and Technology, Vasai",0319424510,Computer Engineering,OPEN,Ladies,Other,I,74940,73.1237323
2024,3,03194,"Vidyavardhini's College of Engineering and Technology, Vasai",0319424510,Computer Engineering,OPEN,General,Other,I,18126,93.9913601
2024,3,03194,"Vidyavardhini's College of Engineering and Technology, Vasai",0319424510,Computer Engineering,SC,General,Other,I,34922,88.1366358
2024,3,03194,"Vidyavardhini's College of Engineering and Technology, Vasai",0319424610,Information Technology,OPEN,General,Other,I,27908,90.6140311
2024,3,03194,"Vidyavardhini's College of Engineering and Technology, Vasai",0319424610,Information Technology,SC,General,Other,I,62298,78.1946121
2024,3,03194,"Vidyavardhini's College of Engineering and Technology, Vasai",0319424610,Information Technology,OBC,General,Other,I,149756,30.954192
2024,3,03194,"Vidyavardhini's College of Engineering and Technology, Vasai",0319424610,Information Technology,OPEN,Ladies,Other,I,56263,80.5358903
2024,3,03194,"Vidyavardhini's College of Engineering and Technology, Vasai",0319424610,Information Technology,OPEN,General,Other,II,107847,57.414259
2024,3,03194,"Vidyavardhini's College of Engineering and Technology, Vasai",0319424610,Information Technology,OPEN,General,Other,I,56141,80.5896708
2024,3,03194,"Vidyavardhini's College of Engineering and Technology, Vasai",0319437210,Electronics and Telecommunication Engg,OPEN,General,Other,I,85454,68.4785771
2024,3,03194,"Vidyavardhini's College of Engineering and Technology, Vasai",0319437210,Electronics and Telecommunication Engg,SC,General,Other,I,103008,60.2921536
2024,3,03194,"Vidyavardhini's College of Engineering and Technology, Vasai",0319437210,Electronics and Telecommunication Engg,OBC,General,Other,I,98705,62.795808
2024,3,03194,"Vidyavardhini's College of Engineering and Technology, Vasai",0319437210,Electronics and Telecommunication Engg,OPEN,Ladies,Other,I,93672,65.0377535
2024,3,03194,"Vidyavardhini's College of Engineering and Technology, Vasai",0319437210,Electronics and Telecommunication Engg,OPEN,Defence,State,I,161901,20.7289199
2024,3,03194,"Vidyavardhini's College of Engineering and Technology, Vasai",0319437210,Electronics and Telecommunication Engg,OPEN,TFWS,State,I,37917,87.0844527
2024,3,03194,"Vidyavardhini's College of Engineering and Technology, Vasai",0319437210,Electronics and Telecommunication Engg,EWS,General,State,I,151082,29.6395567
2024,3,03194,"Vidyavardhini's College of Engineering and Technology, Vasai",0319437810,Electronics Engineering ( VLSI Design and Technology),OPEN,General,Other,I,72584,74.1162962
2024,3,03194,"Vidyavardhini's College of Engineering and Technology, Vasai",0319437810,Electronics Engineering ( VLSI Design and Technology),SC,General,Other,I,147380,32.2475132
2024,3,03194,"Vidyavardhini's College of Engineering and Technology, Vasai",0319437810,Electronics Engineering ( VLSI Design and Technology),OBC,General,Other,I,113019,54.7526673
2024,3,03194,"Vidyavardhini's College of Engineering and Technology, Vasai",0319437810,Electronics Engineering ( VLSI Design and Technology),OPEN,Ladies,Other,I,157049,24.5948927
2024,3,03194,"Vidyavardhini's College of Engineering and Technology, Vasai",0319437810,Electronics Engineering ( VLSI Design and Technology),OPEN,General,Other,I,122002,50.0353239
2024,3,03194,"Vidyavardhini's College of Engineering and Technology, Vasai",0319461210,Mechanical Engineering,OPEN,General,Other,I,56809,80.2743712
2024,3,03194,"Vidyavardhini's College of Engineering and Technology, Vasai",0319461210,Mechanical Engineering,OPEN,Ladies,Other,I,108867,57.2163252
2024,3,03194,"Vidyavardhini's College of Engineering and Technology, Vasai",0319491210,Computer Science and Engineering(Data Science),OPEN,General,Other,I,57582,80.003358
2024,3,03194,"Vidyavardhini's College of Engineering and Technology, Vasai",0319491210,Computer Science and Engineering(Data Science),SC,General,Other,I,100059,61.8908693
2024,3,03194,"Vidyavardhini's College of Engineering and Technology, Vasai",0319491210,Computer Science and Engineering(Data Science),OPEN,Ladies,Other,I,70060,75.1972801
2024,3,03194,"Vidyavardhini's College of Engineering and Technology, Vasai",0319491210,Computer Science and Engineering(Data Science),OPEN,General,Other,I,128569,45.5784574
2024,3,03197,"Agnel Charities' FR. C. Rodrigues Institute of Technology, Vashi, Navi Mumbai",0319761210,Mechanical Engineering,OPEN,General,State,I,32940,88.7813022
2024,3,03197,"Agnel Charities' FR. C. Rodrigues Institute of Technology, Vashi, Navi Mumbai",0319761210,Mechanical Engineering,OPEN,Ladies,State,I,17959,94.0591659
2024,3,03197,"Agnel Charities' FR. C. Rodrigues Institute of Technology, Vashi, Navi Mumbai",0319761210,Mechanical Engineering,OPEN,TFWS,State,I,41893,85.5352459
2024,3,03198,"Konkan Gyanpeeth College of Engineering, Karjat",0319824210,Computer Science and Engineering,OPEN,Ladies,Other,I,121495,50.0957604
2024,3,03198,"Konkan Gyanpeeth College of Engineering, Karjat",0319824510,Computer Engineering,SC,General,Other,I,154862,27.1291039
2024,3,03198,"Konkan Gyanpeeth College of Engineering, Karjat",0319824510,Computer Engineering,OPEN,Ladies,Other,I,157640,24.3027383
2024,3,03198,"Konkan Gyanpeeth College of Engineering, Karjat",0319824510,Computer Engineering,SC,General,Other,I,72926,73.8486985
2024,3,03198,"Konkan Gyanpeeth College of Engineering, Karjat",0319899510,Artificial Intelligence and Data Science,OPEN,General,Other,I,95577,63.5370419
2024,3,03198,"Konkan Gyanpeeth College of Engineering, Karjat",0319899510,Artificial Intelligence and Data Science,SC,General,Other,I,161090,21.3531102
2024,3,03198,"Konkan Gyanpeeth College of Engineering, Karjat",0319899510,Artificial Intelligence and Data Science,OBC,General,Other,I,134930,41.8427081
2024,3,03199,"Shri Vile Parle Kelvani Mandal's Dwarkadas J. Sanghvi College of Engineering, Vile Parle,Mumbai",0319937210,Electronics and Telecommunication Engg,OPEN,General,State,I,5038,98.2804674
2024,3,03199,"Shri Vile Parle Kelvani Mandal's Dwarkadas J. Sanghvi College of Engineering, Vile Parle,Mumbai",0319937210,Electronics and Telecommunication Engg,OPEN,Ladies,State,I,4032,98.6114738
2024,3,03199,"Shri Vile Parle Kelvani Mandal's Dwarkadas J. Sanghvi College of Engineering, Vile Parle,Mumbai",0319937210,Electronics and Telecommunication Engg,OPEN,TFWS,State,I,17353,94.2401197
2024,3,03199,"Shri Vile Parle Kelvani Mandal's Dwarkadas J. Sanghvi College of Engineering, Vile Parle,Mumbai",0319961210,Mechanical Engineering,OPEN,General,State,I,8712,97.1271873
2024,3,03199,"Shri Vile Parle Kelvani Mandal's Dwarkadas J. Sanghvi College of Engineering, Vile Parle,Mumbai",0319961210,Mechanical Engineering,OPEN,Ladies,State,I,8474,97.1866689
2024,3,03199,"Shri Vile Parle Kelvani Mandal's Dwarkadas J. Sanghvi College of Engineering, Vile Parle,Mumbai",0319961210,Mechanical Engineering,OPEN,TFWS,State,I,27813,90.6756878
2024,3,03200,"Hope Foundation and research center's Finolex Academy of Management and Technology, Ratnagiri",0320024610,Information Technology,OPEN,General,Other,I,123904,48.6637821
2024,3,03200,"Hope Foundation and research center's Finolex Academy of Management and Technology, Ratnagiri",0320024610,Information Technology,OBC,General,Other,I,151501,29.1560732
2024,3,03200,"Hope Foundation and research center's Finolex Academy of Management and Technology, Ratnagiri",0320024610,Information Technology,OPEN,General,Other,I,39579,86.5260265
2024,3,03200,"Hope Foundation and research center's Finolex Academy of Management and Technology, Ratnagiri",0320037210,Electronics and Telecommunication Engg,OPEN,General,Other,I,65975,76.6199764
2024,3,03200,"Hope Foundation and research center's Finolex Academy of Management and Technology, Ratnagiri",0320037210,Electronics and Telecommunication Engg,OBC,General,Other,I,80730,70.5215521
2024,3,03200,"Hope Foundation and research center's Finolex Academy of Management and Technology, Ratnagiri",0320037210,Electronics and Telecommunication Engg,OPEN,General,Other,I,173801,7.8389114
2024,3,03200,"Hope Foundation and research center's Finolex Academy of Management and Technology, Ratnagiri",0320091010,Computer Science and Engineering(Cyber Security),OPEN,General,Other,I,96937,63.0759599
2024,3,03202,Rajendra Mane College of Engineering & Technology Ambav Deorukh,0320224510,Computer Engineering,OPEN,General,Other,I,141279,37.2130338
2024,3,03202,Rajendra Mane College of Engineering & Technology Ambav Deorukh,0320224510,Computer Engineering,OPEN,General,Other,I,125103,47.9076668
2024,3,03203,"Atharva College of Engineering,Malad(West),Mumbai",0320324510,Computer Engineering,OPEN,General,Other,I,33416,88.6997043
2024,3,03203,"Atharva College of Engineering,Malad(West),Mumbai",0320324510,Computer Engineering,SC,General,Other,I,43410,85.1704164
2024,3,03203,"Atharva College of Engineering,Malad(West),Mumbai",0320324510,Computer Engineering,OBC,General,Other,I,39635,86.450638
2024,3,03203,"Atharva College of Engineering,Malad(West),Mumbai",0320324510,Computer Engineering,OPEN,Ladies,Other,I,47587,83.639399
2024,3,03203,"Atharva College of Engineering,Malad(West),Mumbai",0320324510,Computer Engineering,OPEN,General,Other,II,108266,57.2537563
2024,3,03203,"Atharva College of Engineering,Malad(West),Mumbai",0320324510,Computer Engineering,OPEN,General,Other,I,44684,84.6087386
2024,3,03203,"Atharva College of Engineering,Malad(West),Mumbai",0320324610,Information Technology,OPEN,General,Other,I,39452,86.5601955
2024,3,03203,"Atharva College of Engineering,Malad(West),Mumbai",0320324610,Information Technology,OBC,General,Other,I,43161,85.2572473
2024,3,03203,"Atharva College of Engineering,Malad(West),Mumbai",0320324610,Information Technology,OPEN,Ladies,Other,I,36156,87.6637005
2024,3,03203,"Atharva College of Engineering,Malad(West),Mumbai",0320324610,Information Technology,OPEN,General,Other,II,58842,79.5235744
2024,3,03203,"Atharva College of Engineering,Malad(West),Mumbai",0320324610,Information Technology,OPEN,Defence,State,I,65575,76.7776254
2024,3,03203,"Atharva College of Engineering,Malad(West),Mumbai",0320324610,Information Technology,OBC,Defence,State,I,20063,93.2978364
2024,3,03203,"Atharva College of Engineering,Malad(West),Mumbai",0320324610,Information Technology,OPEN,TFWS,State,I,60574,78.9173428
2024,3,03203,"Atharva College of Engineering,Malad(West),Mumbai",0320337210,Electronics and Telecommunication Engg,OPEN,General,Other,I,54869,81.0378274
2024,3,03203,"Atharva College of Engineering,Malad(West),Mumbai",0320337210,Electronics and Telecommunication Engg,OBC,General,Other,I,67158,76.2466193
2024,3,03203,"Atharva College of Engineering,Malad(West),Mumbai",0320337210,Electronics and Telecommunication Engg,OPEN,Ladies,Other,I,64187,77.5959933
2024,3,03203,"Atharva College of Engineering,Malad(West),Mumbai",0320337210,Electronics and Telecommunication Engg,OPEN,General,Other,I,41852,85.5352459
2024,3,03203,"Atharva College of Engineering,Malad(West),Mumbai",0320337210,Electronics and Telecommunication Engg,OBC,General,Other,I,156542,25.0606208
2024,3,03203,"Atharva College of Engineering,Malad(West),Mumbai",0320390010,Electronics and Computer Science,OPEN,General,Other,I,36232,87.6007466
2024,3,03203,"Atharva College of Engineering,Malad(West),Mumbai",0320390010,Electronics and Computer Science,OBC,General,Other,I,47083,83.7447544
2024,3,03203,"Atharva College of Engineering,Malad(West),Mumbai",0320390010,Electronics and Computer Science,OPEN,Ladies,Other,I,51510,82.1766955
2024,3,03203,"Atharva College of Engineering,Malad(West),Mumbai",0320390010,Electronics and Computer Science,OPEN,Defence,State,I,91042,65.8812284
2024,3,03203,"Atharva College of Engineering,Malad(West),Mumbai",0320390010,Electronics and Computer Science,OPEN,TFWS,State,I,23015,92.3221052
2024,3,03203,"Atharva College of Engineering,Malad(West),Mumbai",0320390010,Electronics and Computer Science,EWS,General,State,I,96657,63.2340107
2024,3,03206,"S.S.P.M.'s College of Engineering, Kankavli",0320624510,Computer Engineering,OBC,General,Other,I,146997,32.8923205
2024,3,03206,"S.S.P.M.'s College of Engineering, Kankavli",0320624510,Computer Engineering,OBC,General,Other,I,101502,60.596742
2024,3,03206,"S.S.P.M.'s College of Engineering, Kankavli",0320624510,Computer Engineering,OBC,General,Other,I,174726,6.7863525
2024,3,03206,"S.S.P.M.'s College of Engineering, Kankavli",0320656610,Computer Science,SC,General,Other,I,152590,28.3301002
2024,3,03206,"S.S.P.M.'s College of Engineering, Kankavli",0320690010,Electronics and Computer Science,OPEN,General,Other,I,117567,52.2046883
2024,3,03206,"S.S.P.M.'s College of Engineering, Kankavli",0320690010,Electronics and Computer Science,OBC,General,Other,I,119309,51.2170385
2024,3,03206,"S.S.P.M.'s College of Engineering, Kankavli",0320691110,Computer Science and Engineering(Artificial Intelligence and Machine Learning),OPEN,General,Other,I,99943,61.8908693
2024,3,03206,"S.S.P.M.'s College of Engineering, Kankavli",0320691110,Computer Science and Engineering(Artificial Intelligence and Machine Learning),OBC,General,Other,I,148261,31.6884901
2024,3,03206,"S.S.P.M.'s College of Engineering, Kankavli",0320691110,Computer Science and Engineering(Artificial Intelligence and Machine Learning),OPEN,General,Other,I,79405,71.353144
2024,3,03209,K J Somaiya Institute of Technology,0320924610,Information Technology,OPEN,General,State,I,9543,96.8407732
2024,3,03209,K J Somaiya Institute of Technology,0320924610,Information Technology,OPEN,Ladies,State,I,10570,96.5185052
2024,3,03209,K J Somaiya Institute of Technology,0320924610,Information Technology,OPEN,TFWS,State,I,21820,92.7108008
2024,3,03209,K J Somaiya Institute of Technology,0320937210,Electronics and Telecommunication Engg,OPEN,General,State,I,15946,94.6903844
2024,3,03209,K J Somaiya Institute of Technology,0320937210,Electronics and Telecommunication Engg,OPEN,Ladies,State,I,16797,94.4356715
2024,3,03209,K J Somaiya Institute of Technology,0320937210,Electronics and Telecommunication Engg,OPEN,TFWS,State,I,44719,84.6087386
2024,3,03211,"S.I.E.S. Graduate School of Technology, Nerul, Navi Mumbai",0321190010,Electronics and Computer Science,OPEN,General,State,I,24659,91.7849899
2024,3,03211,"S.I.E.S. Graduate School of Technology, Nerul, Navi Mumbai",0321190010,Electronics and Computer Science,OPEN,Ladies,State,I,25343,91.5509861
2024,3,03211,"S.I.E.S. Graduate School of Technology, Nerul, Navi Mumbai",0321190010,Electronics and Computer Science,OPEN,TFWS,State,I,22464,92.5368222
2024,3,03211,"S.I.E.S. Graduate School of Technology, Nerul, Navi Mumbai",0321192110,Artificial Intelligence and Machine Learning,OPEN,General,State,I,20294,93.2547779
2024,3,03211,"S.I.E.S. Graduate School of Technology, Nerul, Navi Mumbai",0321192110,Artificial Intelligence and Machine Learning,OPEN,Ladies,State,I,16936,94.3796484
2024,3,03211,"S.I.E.S. Graduate School of Technology, Nerul, Navi Mumbai",0321192110,Artificial Intelligence and Machine Learning,OPEN,TFWS,State,I,178428,1.8070756
2024,3,03215,"Bhartiya Vidya Bhavan's Sardar Patel Institute of Technology , Andheri, Mumbai",0321524210,Computer Science and Engineering,OPEN,General,State,I,5402,99.7007854
2024,3,03215,"Bhartiya Vidya Bhavan's Sardar Patel Institute of Technology , Andheri, Mumbai",0321524210,Computer Science and Engineering,VJ,General,State,I,1698,98.1699127
2024,3,03215,"Bhartiya Vidya Bhavan's Sardar Patel Institute of Technology , Andheri, Mumbai",0321524210,Computer Science and Engineering,OBC,General,State,I,2589,99.3618088
2024,3,03215,"Bhartiya Vidya Bhavan's Sardar Patel Institute of Technology , Andheri, Mumbai",0321524210,Computer Science and Engineering,SEBC,General,State,I,5110,99.0749225
2024,3,03215,"Bhartiya Vidya Bhavan's Sardar Patel Institute of Technology , Andheri, Mumbai",0321524210,Computer Science and Engineering,SEBC,Ladies,State,I,11038,98.2629654
2024,3,03215,"Bhartiya Vidya Bhavan's Sardar Patel Institute of Technology , Andheri, Mumbai",0321524510,Computer Engineering,OPEN,General,State,I,6080,99.8607121
2024,3,03215,"Bhartiya Vidya Bhavan's Sardar Patel Institute of Technology , Andheri, Mumbai",0321524510,Computer Engineering,VJ,General,State,I,2465,97.9388834
2024,3,03215,"Bhartiya Vidya Bhavan's Sardar Patel Institute of Technology , Andheri, Mumbai",0321537210,Electronics and Telecommunication Engg,OPEN,General,State,I,1871,99.3101729
2024,3,03215,"Bhartiya Vidya Bhavan's Sardar Patel Institute of Technology , Andheri, Mumbai",0321537210,Electronics and Telecommunication Engg,OBC,General,State,I,3375,98.8209939
2024,3,03215,"Bhartiya Vidya Bhavan's Sardar Patel Institute of Technology , Andheri, Mumbai",0321537210,Electronics and Telecommunication Engg,SEBC,General,State,I,5995,97.9810275
2024,3,03215,"Bhartiya Vidya Bhavan's Sardar Patel Institute of Technology , Andheri, Mumbai",0321537210,Electronics and Telecommunication Engg,ST,Ladies,State,I,94750,64.4664266
2024,3,03215,"Bhartiya Vidya Bhavan's Sardar Patel Institute of Technology , Andheri, Mumbai",0321537210,Electronics and Telecommunication Engg,OPEN,TFWS,State,I,2865,98.9880111
2024,3,03215,"Bhartiya Vidya Bhavan's Sardar Patel Institute of Technology , Andheri, Mumbai",0321537210,Electronics and Telecommunication Engg,OPEN,Orphan,State,I,3973,98.6285999
2024,3,03217,"Vighnaharata Trust's Shivajirao S. Jondhale College of Engineering & Technology, Shahapur, Asangaon, Dist Thane",0321737210,Electronics and Telecommunication Engg,OPEN,General,Other,I,93190,65.2878345
2024,3,03217,"Vighnaharata Trust's Shivajirao S. Jondhale College of Engineering & Technology, Shahapur, Asangaon, Dist Thane",0321737210,Electronics and Telecommunication Engg,OBC,General,Other,I,107223,57.8688386
2024,3,03217,"Vighnaharata Trust's Shivajirao S. Jondhale College of Engineering & Technology, Shahapur, Asangaon, Dist Thane",0321791610,Automation and Robotics,OPEN,General,Other,I,139844,38.5392182
2024,3,03217,"Vighnaharata Trust's Shivajirao S. Jondhale College of Engineering & Technology, Shahapur, Asangaon, Dist Thane",0321791610,Automation and Robotics,SC,General,Other,I,162771,19.3655345
2024,3,03217,"Vighnaharata Trust's Shivajirao S. Jondhale College of Engineering & Technology, Shahapur, Asangaon, Dist Thane",0321791610,Automation and Robotics,OBC,General,Other,I,141386,37.2130338
2024,3,03220,Yadavrao Tasgaonkar College of Engineering & Management,0322024510,Computer Engineering,OPEN,General,Other,I,116592,52.9935209
2024,3,03220,Yadavrao Tasgaonkar College of Engineering & Management,0322024510,Computer Engineering,SC,General,Other,I,133488,42.725346
2024,3,03220,Yadavrao Tasgaonkar College of Engineering & Management,0322024510,Computer Engineering,OBC,General,Other,I,116829,52.814879
2024,3,03221,"Vishnu Waman Thakur Charitable Trust's VIVA Institute of Technology, Virar",0322161210,Mechanical Engineering,OPEN,General,Other,I,129584,45.3423263
2024,3,03221,"Vishnu Waman Thakur Charitable Trust's VIVA Institute of Technology, Virar",0322161210,Mechanical Engineering,OPEN,Ladies,Other,I,140420,38.0295157
2024,3,03224,"Leela Education Society, G.V. Acharya Institute of Engineering and Technology, Shelu, Karjat",0322492010,Computer Science and Engineering (Internet of Things and Cyber Security Including Block Chain,OPEN,General,Other,I,100137,61.6354671
2024,3,03224,"Leela Education Society, G.V. Acharya Institute of Engineering and Technology, Shelu, Karjat",0322492010,Computer Science and Engineering (Internet of Things and Cyber Security Including Block Chain,OBC,General,Other,I,174116,7.5978015
2024,3,03224,"Leela Education Society, G.V. Acharya Institute of Engineering and Technology, Shelu, Karjat",0322492010,Computer Science and Engineering (Internet of Things and Cyber Security Including Block Chain,OPEN,Ladies,Other,I,163435,18.7034184
2024,3,03224,"Leela Education Society, G.V. Acharya Institute of Engineering and Technology, Shelu, Karjat",0322492010,Computer Science and Engineering (Internet of Things and Cyber Security Including Block Chain,OPEN,General,Other,II,176226,4.9090228
2024,3,03257,"Vidya Prasarak Mandal's College of Engineering, Thane",0325724510,Computer Engineering,OPEN,General,Other,I,57333,80.0615027
2024,3,03257,"Vidya Prasarak Mandal's College of Engineering, Thane",0325724510,Computer Engineering,SC,General,Other,I,92687,65.3627105
2024,3,03257,"Vidya Prasarak Mandal's College of Engineering, Thane",0325724510,Computer Engineering,OBC,General,Other,I,118400,52.0276576
2024,3,03257,"Vidya Prasarak Mandal's College of Engineering, Thane",0325724510,Computer Engineering,OPEN,General,Other,I,48767,83.1983982
2024,3,03277,Pravin Rohidas Patil College of Engineering & Technology,0327724510,Computer Engineering,OPEN,General,Other,I,110901,56.5649954
2024,3,03277,Pravin Rohidas Patil College of Engineering & Technology,0327724510,Computer Engineering,OBC,General,Other,I,125768,47.4576949
2024,3,03277,Pravin Rohidas Patil College of Engineering & Technology,0327724510,Computer Engineering,OPEN,Ladies,Other,I,176628,4.3427669
2024,3,03277,Pravin Rohidas Patil College of Engineering & Technology,0327724510,Computer Engineering,OPEN,General,Other,I,51570,82.1766955
2024,3,03277,Pravin Rohidas Patil College of Engineering & Technology,0327724510,Computer Engineering,OPEN,General,Other,I,90326,66.1855163
2024,3,03277,Pravin Rohidas Patil College of Engineering & Technology,0327724610,Information Technology,OPEN,General,Other,I,114320,54.0859766
2024,3,03277,Pravin Rohidas Patil College of Engineering & Technology,0327724610,Information Technology,OBC,General,Other,I,131124,44.3676458
2024,3,03351,"Bharat College of Engineering, Kanhor, Badlapur(W)",0335124510,Computer Engineering,OPEN,General,Other,I,127803,46.3188381
2024,3,03351,"Bharat College of Engineering, Kanhor, Badlapur(W)",0335124510,Computer Engineering,OBC,General,Other,I,166071,16.2423214
2024,3,03351,"Bharat College of Engineering, Kanhor, Badlapur(W)",0335124510,Computer Engineering,OPEN,Ladies,Other,I,165944,16.2979967
2024,3,03351,"Bharat College of Engineering, Kanhor, Badlapur(W)",0335124510,Computer Engineering,OPEN,General,Other,I,115772,53.7424491
2024,3,03351,"Bharat College of Engineering, Kanhor, Badlapur(W)",0335124510,Computer Engineering,OPEN,General,Other,I,167388,15.201762
2024,3,03351,"Bharat College of Engineering, Kanhor, Badlapur(W)",0335156810,Computer Science and Information Technology,OPEN,General,Other,I,134373,42.2200941
2024,3,03353,"Dilkap Research Institute Of Engineering and Management Studies, At.Mamdapur, Post- Neral, Tal- Karjat, Mumbai",0335324510,Computer Engineering,OPEN,General,Other,I,126047,47.4576949
2024,3,03353,"Dilkap Research Institute Of Engineering and Management Studies, At.Mamdapur, Post- Neral, Tal- Karjat, Mumbai",0335324510,Computer Engineering,SC,General,Other,I,166399,15.9989858
2024,3,03353,"Dilkap Research Institute Of Engineering and Management Studies, At.Mamdapur, Post- Neral, Tal- Karjat, Mumbai",0335324510,Computer Engineering,OPEN,Ladies,Other,I,139719,38.5392182
2024,3,03353,"Dilkap Research Institute Of Engineering and Management Studies, At.Mamdapur, Post- Neral, Tal- Karjat, Mumbai",0335324510,Computer Engineering,OPEN,General,Other,I,117258,52.5184688
2024,3,03353,"Dilkap Research Institute Of Engineering and Management Studies, At.Mamdapur, Post- Neral, Tal- Karjat, Mumbai",0335392010,Computer Science and Engineering (Internet of Things and Cyber Security Including Block Chain,OPEN,General,Other,I,149444,30.9687071
2024,3,03436,"B.R. Harne College of Engineering & Technology, Karav, Tal-Ambernath.",0343624510,Computer Engineering,SC,General,Other,I,127049,46.5102928
2024,3,03436,"B.R. Harne College of Engineering & Technology, Karav, Tal-Ambernath.",0343624510,Computer Engineering,OBC,General,Other,I,120357,50.8618056
2024,3,03436,"B.R. Harne College of Engineering & Technology, Karav, Tal-Ambernath.",0343624510,Computer Engineering,OPEN,Ladies,Other,I,106721,58.1158577
2024,3,03436,"B.R. Harne College of Engineering & Technology, Karav, Tal-Ambernath.",0343624510,Computer Engineering,SC,General,Other,I,84371,69.2652564
2024,3,03436,"B.R. Harne College of Engineering & Technology, Karav, Tal-Ambernath.",0343624610,Information Technology,OPEN,General,Other,I,102542,60.2951569
2024,3,03436,"B.R. Harne College of Engineering & Technology, Karav, Tal-Ambernath.",0343624610,Information Technology,OBC,General,Other,I,114016,54.1800379
2024,3,03436,"B.R. Harne College of Engineering & Technology, Karav, Tal-Ambernath.",0343624610,Information Technology,OPEN,Ladies,Other,I,102416,60.5030966
2024,3,03436,"B.R. Harne College of Engineering & Technology, Karav, Tal-Ambernath.",0343624610,Information Technology,OPEN,General,Other,II,145657,34.2191386
2024,3,03436,"B.R. Harne College of Engineering & Technology, Karav, Tal-Ambernath.",0343691110,Computer Science and Engineering(Artificial Intelligence and Machine Learning),OPEN,General,Other,I,100165,61.6354671
2024,3,03440,"Metropolitan Institute of Technology & Management, Sukhalwad, Sindhudurg.",0344024510,Computer Engineering,OPEN,General,Other,I,146836,32.8923205
2024,3,03440,"Metropolitan Institute of Technology & Management, Sukhalwad, Sindhudurg.",0344024510,Computer Engineering,SC,General,Other,I,164286,18.4142776
2024,3,03440,"Metropolitan Institute of Technology & Management, Sukhalwad, Sindhudurg.",0344024510,Computer Engineering,OBC,General,Other,I,175656,5.6508269
2024,3,03445,"Vishwatmak Jangli Maharaj Ashram Trust (Kokamthan), Atma Malik Institute Of Technology & Research",0344524510,Computer Engineering,SC,General,Other,I,153782,27.5123271
2024,3,03445,"Vishwatmak Jangli Maharaj Ashram Trust (Kokamthan), Atma Malik Institute Of Technology & Research",0344524510,Computer Engineering,OBC,General,Other,I,147758,32.1785112
2024,3,03445,"Vishwatmak Jangli Maharaj Ashram Trust (Kokamthan), Atma Malik Institute Of Technology & Research",0344524510,Computer Engineering,SC,General,Other,I,113260,54.3920183
2024,3,03465,"Ideal Institute of Technology, Wada, Dist.Thane",0346524210,Computer Science and Engineering,OPEN,General,Other,I,108855,57.2163252
2024,3,03465,"Ideal Institute of Technology, Wada, Dist.Thane",0346524210,Computer Science and Engineering,OBC,General,Other,I,139493,38.7773761
2024,3,03465,"Ideal Institute of Technology, Wada, Dist.Thane",0346537210,Electronics and Telecommunication Engg,OPEN,General,Other,I,86986,67.8622856
2024,3,03465,"Ideal Institute of Technology, Wada, Dist.Thane",0346537210,Electronics and Telecommunication Engg,SC,General,Other,I,103365,60.2294112
2024,3,03465,"Ideal Institute of Technology, Wada, Dist.Thane",0346537210,Electronics and Telecommunication Engg,OBC,General,Other,I,138344,39.0541888
2024,3,03467,"Vishwaniketan's Institute of Management Entrepreneurship and Engineering Technology(i MEET), Khalapur Dist Raigad",0346737210,Electronics and Telecommunication Engg,OPEN,General,Other,I,155158,26.1271353
2024,3,03467,"Vishwaniketan's Institute of Management Entrepreneurship and Engineering Technology(i MEET), Khalapur Dist Raigad",0346737210,Electronics and Telecommunication Engg,OBC,General,Other,I,161448,21.0368242
2024,3,03467,"Vishwaniketan's Institute of Management Entrepreneurship and Engineering Technology(i MEET), Khalapur Dist Raigad",0346737210,Electronics and Telecommunication Engg,OPEN,Ladies,Other,I,151351,29.3071786
2024,3,03467,"Vishwaniketan's Institute of Management Entrepreneurship and Engineering Technology(i MEET), Khalapur Dist Raigad",0346737210,Electronics and Telecommunication Engg,OPEN,General,Other,I,152082,28.7732713
2024,3,03467,"Vishwaniketan's Institute of Management Entrepreneurship and Engineering Technology(i MEET), Khalapur Dist Raigad",0346737210,Electronics and Telecommunication Engg,OBC,General,Other,I,139475,38.7773761
2024,3,03467,"Vishwaniketan's Institute of Management Entrepreneurship and Engineering Technology(i MEET), Khalapur Dist Raigad",0346737210,Electronics and Telecommunication Engg,OPEN,General,Other,I,101286,60.6237408
2024,3,03467,"Vishwaniketan's Institute of Management Entrepreneurship and Engineering Technology(i MEET), Khalapur Dist Raigad",0346791110,Computer Science and Engineering(Artificial Intelligence and Machine Learning),OPEN,General,Other,I,151364,29.3071786
2024,3,03467,"Vishwaniketan's Institute of Management Entrepreneurship and Engineering Technology(i MEET), Khalapur Dist Raigad",0346791110,Computer Science and Engineering(Artificial Intelligence and Machine Learning),OBC,General,Other,I,157150,24.5948927
2024,3,03467,"Vishwaniketan's Institute of Management Entrepreneurship and Engineering Technology(i MEET), Khalapur Dist Raigad",0346791110,Computer Science and Engineering(Artificial Intelligence and Machine Learning),OPEN,General,Other,I,74778,73.3652047
2024,3,03467,"Vishwaniketan's Institute of Management Entrepreneurship and Engineering Technology(i MEET), Khalapur Dist Raigad",0346791110,Computer Science and Engineering(Artificial Intelligence and Machine Learning),OBC,General,Other,I,116788,52.9935209
2024,3,03467,"Vishwaniketan's Institute of Management Entrepreneurship and Engineering Technology(i MEET), Khalapur Dist Raigad",0346791110,Computer Science and Engineering(Artificial Intelligence and Machine Learning),OPEN,General,Other,I,76331,72.5041736
2024,3,03470,YASHWANTRAO BHONSALE INSTITUTE OF TECHNOLOGY,0347024210,Computer Science and Engineering,OPEN,General,Other,I,120716,50.6340761
2024,3,03470,YASHWANTRAO BHONSALE INSTITUTE OF TECHNOLOGY,0347024210,Computer Science and Engineering,SC,General,Other,I,164759,17.776617
2024,3,03470,YASHWANTRAO BHONSALE INSTITUTE OF TECHNOLOGY,0347024210,Computer Science and Engineering,OBC,General,Other,I,145218,34.5790896
2024,3,03470,YASHWANTRAO BHONSALE INSTITUTE OF TECHNOLOGY,0347024210,Computer Science and Engineering,OPEN,General,Other,I,172005,9.9567819
2024,3,03470,YASHWANTRAO BHONSALE INSTITUTE OF TECHNOLOGY,0347024510,Computer Engineering,OPEN,General,Other,I,132210,43.5298862
2024,3,03470,YASHWANTRAO BHONSALE INSTITUTE OF TECHNOLOGY,0347024510,Computer Engineering,OPEN,Ladies,Other,I,177379,3.1992114
2024,3,03470,YASHWANTRAO BHONSALE INSTITUTE OF TECHNOLOGY,0347024510,Computer Engineering,OPEN,General,Other,I,171608,10.4465918
2024,3,03470,YASHWANTRAO BHONSALE INSTITUTE OF TECHNOLOGY,0347024510,Computer Engineering,OPEN,Ladies,Other,I,98852,62.7875345
2024,3,03471,"New Horizon Institute of Technology & Management, Thane",0347124510,Computer Engineering,OBC,General,Other,I,96605,63.2340107
2024,3,03471,"New Horizon Institute of Technology & Management, Thane",0347124510,Computer Engineering,OPEN,Ladies,Other,I,70733,74.9324465
2024,3,03471,"New Horizon Institute of Technology & Management, Thane",0347124510,Computer Engineering,OBC,General,Other,I,32626,88.9751421
2024,3,03471,"New Horizon Institute of Technology & Management, Thane",0347124510,Computer Engineering,OPEN,Ladies,Other,I,160209,22.0578726
2024,3,03471,"New Horizon Institute of Technology & Management, Thane",0347199510,Artificial Intelligence and Data Science,OPEN,General,Other,I,71627,74.3785526
2024,3,03471,"New Horizon Institute of Technology & Management, Thane",0347199510,Artificial Intelligence and Data Science,SC,General,Other,I,111556,55.8763225
2024,3,03471,"New Horizon Institute of Technology & Management, Thane",0347199510,Artificial Intelligence and Data Science,OPEN,General,Other,I,98171,62.8351694
2024,3,03477,"Chhartrapati Shivaji Maharaj Institute of Technology, Shedung, Panvel",0347724510,Computer Engineering,OPEN,General,Other,I,89887,66.4751458
2024,3,03477,"Chhartrapati Shivaji Maharaj Institute of Technology, Shedung, Panvel",0347724510,Computer Engineering,OBC,General,Other,I,144743,34.805294
2024,3,03477,"Chhartrapati Shivaji Maharaj Institute of Technology, Shedung, Panvel",0347724510,Computer Engineering,OPEN,Ladies,Other,I,91267,65.8812284
2024,3,03477,"Chhartrapati Shivaji Maharaj Institute of Technology, Shedung, Panvel",0347724510,Computer Engineering,OPEN,Ladies,Other,I,53952,81.3738935
2024,3,03503,"Indala College Of Engineering, Bapsai Tal.Kalyan",0350324510,Computer Engineering,OPEN,General,Other,I,107231,57.8688386
2024,3,03503,"Indala College Of Engineering, Bapsai Tal.Kalyan",0350324510,Computer Engineering,OBC,General,Other,I,161131,21.3531102
2024,3,03503,"Indala College Of Engineering, Bapsai Tal.Kalyan",0350324510,Computer Engineering,OPEN,Ladies,Other,I,152711,28.0884374
2024,3,03503,"Indala College Of Engineering, Bapsai Tal.Kalyan",0350324510,Computer Engineering,OPEN,General,Other,I,88857,67.0458361
2024,3,03503,"Indala College Of Engineering, Bapsai Tal.Kalyan",0350324510,Computer Engineering,OPEN,General,Other,I,98874,62.7875345
2024,3,03503,"Indala College Of Engineering, Bapsai Tal.Kalyan",0350324610,Information Technology,OBC,General,Other,I,84954,68.9053056
2024,3,03503,"Indala College Of Engineering, Bapsai Tal.Kalyan",0350324610,Information Technology,OPEN,Ladies,Other,I,95324,63.7045846
2024,3,03503,"Indala College Of Engineering, Bapsai Tal.Kalyan",0350324610,Information Technology,OBC,General,Other,I,80880,70.5215521
2024,3,03503,"Indala College Of Engineering, Bapsai Tal.Kalyan",0350326310,Artificial Intelligence (AI) and Data Science,OPEN,General,Other,I,85444,68.4785771
2024,3,03503,"Indala College Of Engineering, Bapsai Tal.Kalyan",0350326310,Artificial Intelligence (AI) and Data Science,OPEN,Ladies,Other,I,173343,8.4810177
2024,3,03503,"Indala College Of Engineering, Bapsai Tal.Kalyan",0350326310,Artificial Intelligence (AI) and Data Science,SC,General,Other,I,105684,59.0509185
2024,3,03503,"Indala College Of Engineering, Bapsai Tal.Kalyan",0350326310,Artificial Intelligence (AI) and Data Science,OBC,General,Other,I,119369,51.2170385
2024,3,03503,"Indala College Of Engineering, Bapsai Tal.Kalyan",0350326310,Artificial Intelligence (AI) and Data Science,OBC,Defence,State,I,58774,79.5235744
2024,3,03546,Devi Mahalaxmi College of Engineering and Technology,0354624510,Computer Engineering,OPEN,General,Other,I,116636,52.9935209
2024,3,03546,Devi Mahalaxmi College of Engineering and Technology,0354624510,Computer Engineering,SC,General,Other,I,151712,29.1560732
2024,3,03546,Devi Mahalaxmi College of Engineering and Technology,0354624510,Computer Engineering,OPEN,Defence,State,I,122488,49.7949643
2024,3,03546,Devi Mahalaxmi College of Engineering and Technology,0354691110,Computer Science and Engineering(Artificial Intelligence and Machine Learning),OPEN,General,Other,I,99499,62.2534756
2024,3,03546,Devi Mahalaxmi College of Engineering and Technology,0354691110,Computer Science and Engineering(Artificial Intelligence and Machine Learning),SC,General,Other,I,177796,2.7561837
2024,3,03546,Devi Mahalaxmi College of Engineering and Technology,0354691110,Computer Science and Engineering(Artificial Intelligence and Machine Learning),OPEN,General,Other,I,111832,55.3559436
2024,3,04004,"Government College of Engineering, Chandrapur",0400419110,Civil Engineering,OPEN,General,Other,I,71482,74.4421543
2024,3,04004,"Government College of Engineering, Chandrapur",0400419110,Civil Engineering,SC,General,Other,I,132018,43.5298862
2024,3,04004,"Government College of Engineering, Chandrapur",0400419110,Civil Engineering,OBC,General,Other,I,77849,71.7682877
2024,3,04004,"Government College of Engineering, Chandrapur",0400419110,Civil Engineering,OPEN,General,Other,I,99005,62.7875345
2024,3,04004,"Government College of Engineering, Chandrapur",0400424210,Computer Science and Engineering,OPEN,General,Other,I,29428,90.0772352
2024,3,04004,"Government College of Engineering, Chandrapur",0400424210,Computer Science and Engineering,SC,General,Other,I,46329,84.1570554
2024,3,04004,"Government College of Engineering, Chandrapur",0400424210,Computer Science and Engineering,OBC,General,Other,I,63884,77.7152332
2024,3,04004,"Government College of Engineering, Chandrapur",0400424210,Computer Science and Engineering,OPEN,General,Other,I,25576,91.4391389
2024,3,04004,"Government College of Engineering, Chandrapur",0400424210,Computer Science and Engineering,SC,General,Other,I,60247,78.9969285
2024,3,04004,"Government College of Engineering, Chandrapur",0400437210,Electronics and Telecommunication Engg,OPEN,General,Other,I,33917,88.553941
2024,3,04004,"Government College of Engineering, Chandrapur",0400437210,Electronics and Telecommunication Engg,SC,General,Other,I,74229,73.4468855
2024,3,04004,"Government College of Engineering, Chandrapur",0400437210,Electronics and Telecommunication Engg,OBC,General,Other,I,166721,15.6816655
2024,3,04004,"Government College of Engineering, Chandrapur",0400437210,Electronics and Telecommunication Engg,OPEN,Ladies,Other,I,61869,78.2152555
2024,3,04004,"Government College of Engineering, Chandrapur",0400437210,Electronics and Telecommunication Engg,OPEN,General,Other,I,81882,70.2544031
2024,3,04004,"Government College of Engineering, Chandrapur",0400446610,Instrumentation Engineering,OPEN,General,Other,I,85934,68.2901694
2024,3,04004,"Government College of Engineering, Chandrapur",0400446610,Instrumentation Engineering,SC,General,Other,I,155608,25.6745674
2024,3,04004,"Government College of Engineering, Chandrapur",0400461210,Mechanical Engineering,OPEN,General,Other,I,55652,80.6344635
2024,3,04004,"Government College of Engineering, Chandrapur",0400461210,Mechanical Engineering,OBC,General,Other,I,87581,67.6869909
2024,3,04004,"Government College of Engineering, Chandrapur",0400461210,Mechanical Engineering,OPEN,Ladies,Other,I,115370,53.7694785
2024,3,04004,"Government College of Engineering, Chandrapur",0400461210,Mechanical Engineering,OPEN,General,Other,I,98458,62.795808
2024,3,04025,"Government College of Engineering, Nagpur",0402529310,Electrical Engineering,OBC,General,Other,I,26147,91.2510363
2024,3,04025,"Government College of Engineering, Nagpur",0402529310,Electrical Engineering,OBC,General,Other,I,113549,54.3920183
2024,3,04025,"Government College of Engineering, Nagpur",0402537210,Electronics and Telecommunication Engg,OPEN,General,Other,I,18331,93.9014758
2024,3,04025,"Government College of Engineering, Nagpur",0402537210,Electronics and Telecommunication Engg,OBC,General,Other,I,75967,72.7750912
2024,3,04025,"Government College of Engineering, Nagpur",0402537210,Electronics and Telecommunication Engg,OPEN,Defence,State,I,51579,82.1766955
2024,3,04025,"Government College of Engineering, Nagpur",0402537210,Electronics and Telecommunication Engg,OPEN,Orphan,State,I,26662,91.0655077
2024,3,04025,"Government College of Engineering, Nagpur",0402561210,Mechanical Engineering,OPEN,General,Other,I,20087,93.2978364
2024,3,04025,"Government College of Engineering, Nagpur",0402561210,Mechanical Engineering,SC,General,Other,I,56742,80.2743712
2024,3,04025,"Government College of Engineering, Nagpur",0402561210,Mechanical Engineering,OBC,General,Other,I,41858,85.5352459
2024,3,04025,"Government College of Engineering, Nagpur",0402561210,Mechanical Engineering,OPEN,Ladies,Other,I,48698,83.1983982
2024,3,04025,"Government College of Engineering, Nagpur",0402561210,Mechanical Engineering,OPEN,General,Other,II,105070,59.8892661
2024,3,04025,"Government College of Engineering, Nagpur",0402561210,Mechanical Engineering,OPEN,General,Other,I,67806,76.0337773
2024,3,04104,"Kavi Kulguru Institute of Technology & Science, Ramtek",0410419110,Civil Engineering,OPEN,General,Other,I,149327,30.9687071
2024,3,04104,"Kavi Kulguru Institute of Technology & Science, Ramtek",0410419110,Civil Engineering,OBC,General,Other,I,156990,24.5948927
2024,3,04104,"Kavi Kulguru Institute of Technology & Science, Ramtek",0410419110,Civil Engineering,OPEN,Ladies,Other,I,145671,34.1954023
2024,3,04104,"Kavi Kulguru Institute of Technology & Science, Ramtek",0410424610,Information Technology,OPEN,General,Other,I,94354,64.6500162
2024,3,04104,"Kavi Kulguru Institute of Technology & Science, Ramtek",0410424610,Information Technology,OBC,General,Other,I,94913,63.9612515
2024,3,04104,"Kavi Kulguru Institute of Technology & Science, Ramtek",0410424610,Information Technology,OPEN,Ladies,Other,I,80627,70.6178643
2024,3,04104,"Kavi Kulguru Institute of Technology & Science, Ramtek",0410425110,Computer Technology,OPEN,General,Other,I,94992,63.9612515
2024,3,04104,"Kavi Kulguru Institute of Technology & Science, Ramtek",0410425110,Computer Technology,OBC,General,Other,I,106981,57.9919409
2024,3,04104,"Kavi Kulguru Institute of Technology & Science, Ramtek",0410425110,Computer Technology,OPEN,Ladies,Other,I,82593,69.800376
2024,3,04104,"Kavi Kulguru Institute of Technology & Science, Ramtek",0410429310,Electrical Engineering,OPEN,General,Other,I,144693,34.805294
2024,3,04104,"Kavi Kulguru Institute of Technology & Science, Ramtek",0410429310,Electrical Engineering,OBC,General,Other,I,149034,31.3198919
2024,3,04104,"Kavi Kulguru Institute of Technology & Science, Ramtek",0410437010,Electronics and Communication Engineering,OPEN,General,Other,I,120954,50.6340761
2024,3,04104,"Kavi Kulguru Institute of Technology & Science, Ramtek",0410437010,Electronics and Communication Engineering,OBC,General,Other,I,122289,49.7949643
2024,3,04104,"Kavi Kulguru Institute of Technology & Science, Ramtek",0410461210,Mechanical Engineering,SC,General,Other,I,157544,24.3094646
2024,3,04104,"Kavi Kulguru Institute of Technology & Science, Ramtek",0410461210,Mechanical Engineering,OBC,General,Other,I,112817,55.0733859
2024,3,04104,"Kavi Kulguru Institute of Technology & Science, Ramtek",0410461210,Mechanical Engineering,OPEN,Ladies,Other,I,173559,8.032746
2024,3,04104,"Kavi Kulguru Institute of Technology & Science, Ramtek",0410461210,Mechanical Engineering,SC,General,Other,I,156644,25.0606208
2024,3,04104,"Kavi Kulguru Institute of Technology & Science, Ramtek",0410461210,Mechanical Engineering,OBC,General,Other,I,137593,39.7481853
2024,3,04116,"Ankush Shikshan Sanstha's G.H.Raisoni College of Engineering, Nagpur",0411624610,Information Technology,OPEN,General,State,I,33441,88.6962727
2024,3,04116,"Ankush Shikshan Sanstha's G.H.Raisoni College of Engineering, Nagpur",0411624610,Information Technology,OPEN,Ladies,State,I,31661,89.3071786
2024,3,04116,"Ankush Shikshan Sanstha's G.H.Raisoni College of Engineering, Nagpur",0411624610,Information Technology,OPEN,TFWS,State,I,74486,73.4250332
2024,3,04116,"Ankush Shikshan Sanstha's G.H.Raisoni College of Engineering, Nagpur",0411626710,Computer Science and Engineering (IoT),OPEN,General,State,I,40271,86.1969983
2024,3,04116,"Ankush Shikshan Sanstha's G.H.Raisoni College of Engineering, Nagpur",0411626710,Computer Science and Engineering (IoT),OPEN,Ladies,State,I,39085,86.7139959
2024,3,04116,"Ankush Shikshan Sanstha's G.H.Raisoni College of Engineering, Nagpur",0411626710,Computer Science and Engineering (IoT),OPEN,TFWS,State,I,115992,53.7424491
2024,3,04116,"Ankush Shikshan Sanstha's G.H.Raisoni College of Engineering, Nagpur",0411691710,Data Science,OPEN,General,State,I,26293,91.2379211
2024,3,04116,"Ankush Shikshan Sanstha's G.H.Raisoni College of Engineering, Nagpur",0411691710,Data Science,OPEN,Ladies,State,I,37935,87.0844527
2024,3,04116,"Ankush Shikshan Sanstha's G.H.Raisoni College of Engineering, Nagpur",0411691710,Data Science,OPEN,TFWS,State,I,106453,58.1588042
2024,3,04116,"Ankush Shikshan Sanstha's G.H.Raisoni College of Engineering, Nagpur",0411699710,Artificial Intelligence,OPEN,General,State,I,32563,89.0036224
2024,3,04116,"Ankush Shikshan Sanstha's G.H.Raisoni College of Engineering, Nagpur",0411699710,Artificial Intelligence,OPEN,Ladies,State,I,39778,86.3062406
2024,3,04116,"Ankush Shikshan Sanstha's G.H.Raisoni College of Engineering, Nagpur",0411699710,Artificial Intelligence,OPEN,TFWS,State,I,115464,53.7694785
2024,3,04118,"Bapurao Deshmukh College of Engineering, Sevagram",0411819110,Civil Engineering,OPEN,General,Other,I,168107,14.0490445
2024,3,04118,"Bapurao Deshmukh College of Engineering, Sevagram",0411824510,Computer Engineering,OPEN,General,Other,I,128754,45.5784574
2024,3,04118,"Bapurao Deshmukh College of Engineering, Sevagram",0411824510,Computer Engineering,SC,General,Other,I,168070,14.1948203
2024,3,04118,"Bapurao Deshmukh College of Engineering, Sevagram",0411824510,Computer Engineering,OBC,General,Other,I,129656,45.3423263
2024,3,04118,"Bapurao Deshmukh College of Engineering, Sevagram",0411824510,Computer Engineering,OPEN,Ladies,Other,I,112982,54.7526673
2024,3,04118,"Bapurao Deshmukh College of Engineering, Sevagram",0411824510,Computer Engineering,OBC,Defence,State,I,128592,45.5784574
2024,3,04118,"Bapurao Deshmukh College of Engineering, Sevagram",0411824510,Computer Engineering,OPEN,TFWS,State,I,121734,50.0957604
2024,3,04118,"Bapurao Deshmukh College of Engineering, Sevagram",0411837210,Electronics and Telecommunication Engg,OPEN,General,Other,I,138921,38.8849565
2024,3,04118,"Bapurao Deshmukh College of Engineering, Sevagram",0411837210,Electronics and Telecommunication Engg,OPEN,Ladies,Other,I,114927,54.0550229
2024,3,04118,"Bapurao Deshmukh College of Engineering, Sevagram",0411837210,Electronics and Telecommunication Engg,OPEN,General,Other,II,172659,9.4599659
2024,3,04118,"Bapurao Deshmukh College of Engineering, Sevagram",0411837210,Electronics and Telecommunication Engg,OPEN,General,Other,I,163551,18.7034184
2024,3,04123,"Lokmanya Tilak Jankalyan Shikshan Sanstha, Priyadarshani College of Engineering, Nagpur",0412300210,Aeronautical Engineering,OPEN,General,State,I,69043,75.3591206
2024,3,04123,"Lokmanya Tilak Jankalyan Shikshan Sanstha, Priyadarshani College of Engineering, Nagpur",0412300210,Aeronautical Engineering,OPEN,Ladies,State,I,63611,77.7634641
2024,3,04123,"Lokmanya Tilak Jankalyan Shikshan Sanstha, Priyadarshani College of Engineering, Nagpur",0412300210,Aeronautical Engineering,OPEN,TFWS,State,I,162232,20.1344161
2024,3,04123,"Lokmanya Tilak Jankalyan Shikshan Sanstha, Priyadarshani College of Engineering, Nagpur",0412308210,Bio Technology,OPEN,General,State,I,40531,87.113911
2024,3,04123,"Lokmanya Tilak Jankalyan Shikshan Sanstha, Priyadarshani College of Engineering, Nagpur",0412308210,Bio Technology,OPEN,Ladies,State,I,29177,90.8768907
2024,3,04123,"Lokmanya Tilak Jankalyan Shikshan Sanstha, Priyadarshani College of Engineering, Nagpur",0412308210,Bio Technology,OPEN,TFWS,State,I,180881,1.368368
2024,3,04123,"Lokmanya Tilak Jankalyan Shikshan Sanstha, Priyadarshani College of Engineering, Nagpur",0412319110,Civil Engineering,OPEN,General,State,I,109085,57.1959853
2024,3,04123,"Lokmanya Tilak Jankalyan Shikshan Sanstha, Priyadarshani College of Engineering, Nagpur",0412319110,Civil Engineering,OPEN,Ladies,State,I,107527,57.414259
2024,3,04123,"Lokmanya Tilak Jankalyan Shikshan Sanstha, Priyadarshani College of Engineering, Nagpur",0412319110,Civil Engineering,OPEN,TFWS,State,I,85419,68.4785771
2024,3,04123,"Lokmanya Tilak Jankalyan Shikshan Sanstha, Priyadarshani College of Engineering, Nagpur",0412324210,Computer Science and Engineering,OPEN,General,State,I,40072,86.2308451
2024,3,04123,"Lokmanya Tilak Jankalyan Shikshan Sanstha, Priyadarshani College of Engineering, Nagpur",0412324210,Computer Science and Engineering,OPEN,Ladies,State,I,37705,87.1564824
2024,3,04123,"Lokmanya Tilak Jankalyan Shikshan Sanstha, Priyadarshani College of Engineering, Nagpur",0412324210,Computer Science and Engineering,OPEN,TFWS,State,I,112739,55.0733859
2024,3,04123,"Lokmanya Tilak Jankalyan Shikshan Sanstha, Priyadarshani College of Engineering, Nagpur",0412329310,Electrical Engineering,OPEN,General,State,I,78498,71.7115
2024,3,04123,"Lokmanya Tilak Jankalyan Shikshan Sanstha, Priyadarshani College of Engineering, Nagpur",0412329310,Electrical Engineering,OPEN,Ladies,State,I,75742,72.8176141
2024,3,04123,"Lokmanya Tilak Jankalyan Shikshan Sanstha, Priyadarshani College of Engineering, Nagpur",0412329310,Electrical Engineering,OPEN,TFWS,State,I,176831,3.9959277
2024,3,04123,"Lokmanya Tilak Jankalyan Shikshan Sanstha, Priyadarshani College of Engineering, Nagpur",0412337010,Electronics and Communication Engineering,OPEN,General,State,I,60238,78.9969285
2024,3,04123,"Lokmanya Tilak Jankalyan Shikshan Sanstha, Priyadarshani College of Engineering, Nagpur",0412337010,Electronics and Communication Engineering,OPEN,Ladies,State,I,57908,79.8240416
2024,3,04123,"Lokmanya Tilak Jankalyan Shikshan Sanstha, Priyadarshani College of Engineering, Nagpur",0412337010,Electronics and Communication Engineering,OPEN,TFWS,State,I,170363,11.7746273
2024,3,04123,"Lokmanya Tilak Jankalyan Shikshan Sanstha, Priyadarshani College of Engineering, Nagpur",0412337210,Electronics and Telecommunication Engg,OPEN,General,State,I,53991,81.3738935
2024,3,04123,"Lokmanya Tilak Jankalyan Shikshan Sanstha, Priyadarshani College of Engineering, Nagpur",0412337210,Electronics and Telecommunication Engg,OPEN,Ladies,State,I,55471,80.7413807
2024,3,04123,"Lokmanya Tilak Jankalyan Shikshan Sanstha, Priyadarshani College of Engineering, Nagpur",0412337210,Electronics and Telecommunication Engg,OPEN,TFWS,State,I,177735,2.7688637
2024,3,04123,"Lokmanya Tilak Jankalyan Shikshan Sanstha, Priyadarshani College of Engineering, Nagpur",0412361210,Mechanical Engineering,OPEN,General,State,I,101160,60.6237408
2024,3,04123,"Lokmanya Tilak Jankalyan Shikshan Sanstha, Priyadarshani College of Engineering, Nagpur",0412361210,Mechanical Engineering,OPEN,Ladies,State,I,108026,57.3310702
2024,3,04123,"Lokmanya Tilak Jankalyan Shikshan Sanstha, Priyadarshani College of Engineering, Nagpur",0412361210,Mechanical Engineering,OPEN,TFWS,State,I,87313,67.8440824
2024,3,04123,"Lokmanya Tilak Jankalyan Shikshan Sanstha, Priyadarshani College of Engineering, Nagpur",0412399510,Artificial Intelligence and Data Science,OPEN,General,State,I,44916,84.5731157
2024,3,04123,"Lokmanya Tilak Jankalyan Shikshan Sanstha, Priyadarshani College of Engineering, Nagpur",0412399510,Artificial Intelligence and Data Science,OPEN,Ladies,State,I,43217,85.2572473
2024,3,04123,"Lokmanya Tilak Jankalyan Shikshan Sanstha, Priyadarshani College of Engineering, Nagpur",0412399510,Artificial Intelligence and Data Science,OPEN,TFWS,State,I,63294,77.8250739
2024,3,04133,"Sanmarg Shikshan Sanstha's Smt. Radhikatai Pandav College of Engineering, Nagpur",0413319110,Civil Engineering,OPEN,General,Other,I,136473,40.2848342
2024,3,04133,"Sanmarg Shikshan Sanstha's Smt. Radhikatai Pandav College of Engineering, Nagpur",0413319110,Civil Engineering,SC,General,Other,I,151464,29.1560732
2024,3,04133,"Sanmarg Shikshan Sanstha's Smt. Radhikatai Pandav College of Engineering, Nagpur",0413319110,Civil Engineering,OBC,General,Other,I,167765,14.7377685
2024,3,04133,"Sanmarg Shikshan Sanstha's Smt. Radhikatai Pandav College of Engineering, Nagpur",0413324210,Computer Science and Engineering,OPEN,General,Other,I,76816,72.3242844
2024,3,04133,"Sanmarg Shikshan Sanstha's Smt. Radhikatai Pandav College of Engineering, Nagpur",0413324210,Computer Science and Engineering,SC,General,Other,I,131560,43.8452614
2024,3,04133,"Sanmarg Shikshan Sanstha's Smt. Radhikatai Pandav College of Engineering, Nagpur",0413324210,Computer Science and Engineering,OBC,General,Other,I,113787,54.3568289
2024,3,04133,"Sanmarg Shikshan Sanstha's Smt. Radhikatai Pandav College of Engineering, Nagpur",0413324210,Computer Science and Engineering,OPEN,Defence,State,I,103475,60.2294112
2024,3,04133,"Sanmarg Shikshan Sanstha's Smt. Radhikatai Pandav College of Engineering, Nagpur",0413324210,Computer Science and Engineering,OBC,Defence,State,I,162689,19.3655345
2024,3,04133,"Sanmarg Shikshan Sanstha's Smt. Radhikatai Pandav College of Engineering, Nagpur",0413324510,Computer Engineering,OPEN,General,Other,I,112974,54.7526673
2024,3,04133,"Sanmarg Shikshan Sanstha's Smt. Radhikatai Pandav College of Engineering, Nagpur",0413324510,Computer Engineering,SC,General,Other,I,114824,54.0550229
2024,3,04133,"Sanmarg Shikshan Sanstha's Smt. Radhikatai Pandav College of Engineering, Nagpur",0413324510,Computer Engineering,OBC,General,Other,I,126827,46.5102928
2024,3,04133,"Sanmarg Shikshan Sanstha's Smt. Radhikatai Pandav College of Engineering, Nagpur",0413324510,Computer Engineering,OPEN,Ladies,Other,I,105870,59.0509185
2024,3,04133,"Sanmarg Shikshan Sanstha's Smt. Radhikatai Pandav College of Engineering, Nagpur",0413324510,Computer Engineering,OPEN,General,Other,I,168384,13.7020033
2024,3,04133,"Sanmarg Shikshan Sanstha's Smt. Radhikatai Pandav College of Engineering, Nagpur",0413324510,Computer Engineering,OPEN,General,Other,I,122008,50.0353239
2024,3,04133,"Sanmarg Shikshan Sanstha's Smt. Radhikatai Pandav College of Engineering, Nagpur",0413337210,Electronics and Telecommunication Engg,OPEN,General,Other,I,138862,38.8849565
2024,3,04133,"Sanmarg Shikshan Sanstha's Smt. Radhikatai Pandav College of Engineering, Nagpur",0413337210,Electronics and Telecommunication Engg,SC,General,Other,I,138877,38.8849565
2024,3,04133,"Sanmarg Shikshan Sanstha's Smt. Radhikatai Pandav College of Engineering, Nagpur",0413337210,Electronics and Telecommunication Engg,OPEN,Ladies,Other,I,54677,81.0485225
2024,3,04133,"Sanmarg Shikshan Sanstha's Smt. Radhikatai Pandav College of Engineering, Nagpur",0413337210,Electronics and Telecommunication Engg,OPEN,General,Other,I,160371,21.6221843
2024,3,04133,"Sanmarg Shikshan Sanstha's Smt. Radhikatai Pandav College of Engineering, Nagpur",0413337210,Electronics and Telecommunication Engg,OPEN,Defence,State,I,138859,38.8849565
2024,3,04133,"Sanmarg Shikshan Sanstha's Smt. Radhikatai Pandav College of Engineering, Nagpur",0413337210,Electronics and Telecommunication Engg,OBC,Defence,State,I,166718,15.6816655
2024,3,04133,"Sanmarg Shikshan Sanstha's Smt. Radhikatai Pandav College of Engineering, Nagpur",0413361210,Mechanical Engineering,OPEN,General,Other,I,147454,32.2475132
2024,3,04134,"Guru Nanak Institute of Engineering & Technology,Kalmeshwar, Nagpur",0413424210,Computer Science and Engineering,OPEN,General,Other,I,46625,83.9659115
2024,3,04134,"Guru Nanak Institute of Engineering & Technology,Kalmeshwar, Nagpur",0413424210,Computer Science and Engineering,OBC,General,Other,I,178523,1.7106294
2024,3,04134,"Guru Nanak Institute of Engineering & Technology,Kalmeshwar, Nagpur",0413424210,Computer Science and Engineering,OPEN,Ladies,Other,I,97116,63.0759599
2024,3,04134,"Guru Nanak Institute of Engineering & Technology,Kalmeshwar, Nagpur",0413424210,Computer Science and Engineering,OPEN,Defence,State,I,79430,71.353144
2024,3,04134,"Guru Nanak Institute of Engineering & Technology,Kalmeshwar, Nagpur",0413424210,Computer Science and Engineering,OPEN,TFWS,State,I,159160,22.5020163
2024,3,04134,"Guru Nanak Institute of Engineering & Technology,Kalmeshwar, Nagpur",0413424610,Information Technology,OPEN,General,Other,I,102375,60.5030966
2024,3,04134,"Guru Nanak Institute of Engineering & Technology,Kalmeshwar, Nagpur",0413424610,Information Technology,SC,General,Other,I,104829,59.9791975
2024,3,04134,"Guru Nanak Institute of Engineering & Technology,Kalmeshwar, Nagpur",0413424610,Information Technology,OBC,General,Other,I,112174,55.2318816
2024,3,04134,"Guru Nanak Institute of Engineering & Technology,Kalmeshwar, Nagpur",0413424610,Information Technology,OPEN,Ladies,Other,I,94524,64.4664266
2024,3,04134,"Guru Nanak Institute of Engineering & Technology,Kalmeshwar, Nagpur",0413424610,Information Technology,OPEN,General,Other,I,88182,67.5881106
2024,3,04134,"Guru Nanak Institute of Engineering & Technology,Kalmeshwar, Nagpur",0413424610,Information Technology,SC,General,Other,I,140299,38.0295157
2024,3,04134,"Guru Nanak Institute of Engineering & Technology,Kalmeshwar, Nagpur",0413429310,Electrical Engineering,OPEN,General,Other,I,126313,47.4207012
2024,3,04134,"Guru Nanak Institute of Engineering & Technology,Kalmeshwar, Nagpur",0413429310,Electrical Engineering,SC,General,Other,I,141847,36.6611018
2024,3,04134,"Guru Nanak Institute of Engineering & Technology,Kalmeshwar, Nagpur",0413437210,Electronics and Telecommunication Engg,OPEN,General,Other,I,116355,53.517849
2024,3,04134,"Guru Nanak Institute of Engineering & Technology,Kalmeshwar, Nagpur",0413437210,Electronics and Telecommunication Engg,SC,General,Other,I,132095,43.5298862
2024,3,04134,"Guru Nanak Institute of Engineering & Technology,Kalmeshwar, Nagpur",0413437210,Electronics and Telecommunication Engg,OPEN,Ladies,Other,I,159510,22.4081803
2024,3,04134,"Guru Nanak Institute of Engineering & Technology,Kalmeshwar, Nagpur",0413437210,Electronics and Telecommunication Engg,OPEN,General,Other,I,121681,50.0957604
2024,3,04134,"Guru Nanak Institute of Engineering & Technology,Kalmeshwar, Nagpur",0413491210,Computer Science and Engineering(Data Science),OPEN,General,Other,I,120817,50.6340761
2024,3,04134,"Guru Nanak Institute of Engineering & Technology,Kalmeshwar, Nagpur",0413491210,Computer Science and Engineering(Data Science),OBC,General,Other,I,136157,40.7306838
2024,3,04134,"Guru Nanak Institute of Engineering & Technology,Kalmeshwar, Nagpur",0413499710,Artificial Intelligence,OPEN,General,Other,I,105527,59.3445914
2024,3,04134,"Guru Nanak Institute of Engineering & Technology,Kalmeshwar, Nagpur",0413499710,Artificial Intelligence,SC,General,Other,I,133302,42.725346
2024,3,04134,"Guru Nanak Institute of Engineering & Technology,Kalmeshwar, Nagpur",0413499710,Artificial Intelligence,OBC,General,Other,I,127058,46.5102928
2024,3,04134,"Guru Nanak Institute of Engineering & Technology,Kalmeshwar, Nagpur",0413499710,Artificial Intelligence,OPEN,Ladies,Other,I,71523,74.4421543
2024,3,04134,"Guru Nanak Institute of Engineering & Technology,Kalmeshwar, Nagpur",0413499710,Artificial Intelligence,OPEN,Defence,State,I,126299,47.4207012
2024,3,04134,"Guru Nanak Institute of Engineering & Technology,Kalmeshwar, Nagpur",0413499710,Artificial Intelligence,OPEN,TFWS,State,I,177977,2.4044963
2024,3,04135,"Amar Seva Mandal's Shree Govindrao Vanjari College of Engineering & Technology, Nagpur",0413524210,Computer Science and Engineering,OPEN,General,Other,I,110933,56.5649954
2024,3,04135,"Amar Seva Mandal's Shree Govindrao Vanjari College of Engineering & Technology, Nagpur",0413524210,Computer Science and Engineering,SC,General,Other,I,119015,51.2783205
2024,3,04135,"Amar Seva Mandal's Shree Govindrao Vanjari College of Engineering & Technology, Nagpur",0413524210,Computer Science and Engineering,OBC,General,Other,I,123577,48.777949
2024,3,04135,"Amar Seva Mandal's Shree Govindrao Vanjari College of Engineering & Technology, Nagpur",0413524210,Computer Science and Engineering,OPEN,Defence,State,I,98255,62.8351694
2024,3,04135,"Amar Seva Mandal's Shree Govindrao Vanjari College of Engineering & Technology, Nagpur",0413524610,Information Technology,OPEN,General,Other,I,119295,51.2170385
2024,3,04135,"Amar Seva Mandal's Shree Govindrao Vanjari College of Engineering & Technology, Nagpur",0413524610,Information Technology,SC,General,Other,I,140644,37.6881791
2024,3,04135,"Amar Seva Mandal's Shree Govindrao Vanjari College of Engineering & Technology, Nagpur",0413524610,Information Technology,OPEN,Ladies,Other,I,145403,34.2191386
2024,3,04136,"Lokmanya Tilak Jankalyan Shikshan Sastha, Priyadarshini J. L. College Of Engineering, Nagpur",0413619110,Civil Engineering,OPEN,General,State,I,117689,52.2046883
2024,3,04136,"Lokmanya Tilak Jankalyan Shikshan Sastha, Priyadarshini J. L. College Of Engineering, Nagpur",0413619110,Civil Engineering,OPEN,Ladies,State,I,111440,55.8763225
2024,3,04136,"Lokmanya Tilak Jankalyan Shikshan Sastha, Priyadarshini J. L. College Of Engineering, Nagpur",0413619110,Civil Engineering,OPEN,TFWS,State,I,56540,80.4298831
2024,3,04136,"Lokmanya Tilak Jankalyan Shikshan Sastha, Priyadarshini J. L. College Of Engineering, Nagpur",0413624210,Computer Science and Engineering,OPEN,General,State,I,56481,80.4298831
2024,3,04136,"Lokmanya Tilak Jankalyan Shikshan Sastha, Priyadarshini J. L. College Of Engineering, Nagpur",0413624210,Computer Science and Engineering,OPEN,Ladies,State,I,60031,79.0646435
2024,3,04136,"Lokmanya Tilak Jankalyan Shikshan Sastha, Priyadarshini J. L. College Of Engineering, Nagpur",0413624210,Computer Science and Engineering,OPEN,TFWS,State,I,161540,20.9410678
2024,3,04136,"Lokmanya Tilak Jankalyan Shikshan Sastha, Priyadarshini J. L. College Of Engineering, Nagpur",0413629310,Electrical Engineering,OPEN,General,State,I,98500,62.795808
2024,3,04136,"Lokmanya Tilak Jankalyan Shikshan Sastha, Priyadarshini J. L. College Of Engineering, Nagpur",0413629310,Electrical Engineering,OPEN,Ladies,State,I,96130,63.2687832
2024,3,04136,"Lokmanya Tilak Jankalyan Shikshan Sastha, Priyadarshini J. L. College Of Engineering, Nagpur",0413629310,Electrical Engineering,OPEN,TFWS,State,I,82589,69.800376
2024,3,04136,"Lokmanya Tilak Jankalyan Shikshan Sastha, Priyadarshini J. L. College Of Engineering, Nagpur",0413637210,Electronics and Telecommunication Engg,OPEN,General,State,I,74822,73.1237323
2024,3,04136,"Lokmanya Tilak Jankalyan Shikshan Sastha, Priyadarshini J. L. College Of Engineering, Nagpur",0413637210,Electronics and Telecommunication Engg,OPEN,Ladies,State,I,74324,73.4250332
2024,3,04136,"Lokmanya Tilak Jankalyan Shikshan Sastha, Priyadarshini J. L. College Of Engineering, Nagpur",0413637210,Electronics and Telecommunication Engg,OPEN,TFWS,State,I,70198,75.0114283
2024,3,04136,"Lokmanya Tilak Jankalyan Shikshan Sastha, Priyadarshini J. L. College Of Engineering, Nagpur",0413699710,Artificial Intelligence,OPEN,General,State,I,61603,78.4440843
2024,3,04136,"Lokmanya Tilak Jankalyan Shikshan Sastha, Priyadarshini J. L. College Of Engineering, Nagpur",0413699710,Artificial Intelligence,OPEN,Ladies,State,I,57980,79.8240416
2024,3,04136,"Lokmanya Tilak Jankalyan Shikshan Sastha, Priyadarshini J. L. College Of Engineering, Nagpur",0413699710,Artificial Intelligence,OPEN,TFWS,State,I,172222,9.6243746
2024,3,04137,"Sir Shantilal Badjate Charitable Trust's S. B. Jain Institute of technology, Management & Research, Nagpur",0413729310,Electrical Engineering,OPEN,General,State,I,87889,67.6158803
2024,3,04137,"Sir Shantilal Badjate Charitable Trust's S. B. Jain Institute of technology, Management & Research, Nagpur",0413729310,Electrical Engineering,OPEN,Ladies,State,I,86026,68.2901694
2024,3,04137,"Sir Shantilal Badjate Charitable Trust's S. B. Jain Institute of technology, Management & Research, Nagpur",0413729310,Electrical Engineering,OPEN,TFWS,State,I,115177,53.8203081
2024,3,04137,"Sir Shantilal Badjate Charitable Trust's S. B. Jain Institute of technology, Management & Research, Nagpur",0413791110,Computer Science and Engineering(Artificial Intelligence and Machine Learning),OPEN,General,State,I,50952,82.4751693
2024,3,04137,"Sir Shantilal Badjate Charitable Trust's S. B. Jain Institute of technology, Management & Research, Nagpur",0413791110,Computer Science and Engineering(Artificial Intelligence and Machine Learning),OPEN,Ladies,State,I,60596,78.9173428
2024,3,04137,"Sir Shantilal Badjate Charitable Trust's S. B. Jain Institute of technology, Management & Research, Nagpur",0413791110,Computer Science and Engineering(Artificial Intelligence and Machine Learning),OPEN,TFWS,State,I,161521,20.9410678
2024,3,04138,"Jaidev Education Society, J D College of Engineering and Management, Nagpur",0413819110,Civil Engineering,OPEN,General,State,I,87369,67.6869909
2024,3,04138,"Jaidev Education Society, J D College of Engineering and Management, Nagpur",0413819110,Civil Engineering,OPEN,Ladies,State,I,138517,39.0541888
2024,3,04138,"Jaidev Education Society, J D College of Engineering and Management, Nagpur",0413819110,Civil Engineering,OPEN,TFWS,State,I,136359,40.7306838
2024,3,04138,"Jaidev Education Society, J D College of Engineering and Management, Nagpur",0413824210,Computer Science and Engineering,OPEN,General,State,I,81544,70.4817329
2024,3,04138,"Jaidev Education Society, J D College of Engineering and Management, Nagpur",0413824210,Computer Science and Engineering,OPEN,Ladies,State,I,72090,74.3614357
2024,3,04138,"Jaidev Education Society, J D College of Engineering and Management, Nagpur",0413824210,Computer Science and Engineering,OPEN,TFWS,State,I,136192,40.7306838
2024,3,04138,"Jaidev Education Society, J D College of Engineering and Management, Nagpur",0413829310,Electrical Engineering,OPEN,General,State,I,128218,46.2784017
2024,3,04138,"Jaidev Education Society, J D College of Engineering and Management, Nagpur",0413829310,Electrical Engineering,OPEN,Ladies,State,I,102435,60.2951569
2024,3,04138,"Jaidev Education Society, J D College of Engineering and Management, Nagpur",0413829310,Electrical Engineering,OPEN,TFWS,State,I,129909,44.8929536
2024,3,04138,"Jaidev Education Society, J D College of Engineering and Management, Nagpur",0413837210,Electronics and Telecommunication Engg,OPEN,General,State,I,106823,58.1158577
2024,3,04138,"Jaidev Education Society, J D College of Engineering and Management, Nagpur",0413837210,Electronics and Telecommunication Engg,OPEN,Ladies,State,I,108020,57.3310702
2024,3,04138,"Jaidev Education Society, J D College of Engineering and Management, Nagpur",0413837210,Electronics and Telecommunication Engg,OPEN,TFWS,State,I,113850,54.3568289
2024,3,04138,"Jaidev Education Society, J D College of Engineering and Management, Nagpur",0413891210,Computer Science and Engineering(Data Science),OPEN,General,State,I,106488,58.1588042
2024,3,04138,"Jaidev Education Society, J D College of Engineering and Management, Nagpur",0413891210,Computer Science and Engineering(Data Science),OPEN,Ladies,State,I,104708,59.9791975
2024,3,04138,"Jaidev Education Society, J D College of Engineering and Management, Nagpur",0413891210,Computer Science and Engineering(Data Science),OPEN,TFWS,State,I,75249,73.112247
2024,3,04139,"Samridhi Sarwajanik Charitable Trust, Jhulelal Institute of Technology, Nagpur",0413984410,Electronics and Computer Engineering,OPEN,General,State,I,108677,57.2163252
2024,3,04139,"Samridhi Sarwajanik Charitable Trust, Jhulelal Institute of Technology, Nagpur",0413984410,Electronics and Computer Engineering,OPEN,Ladies,State,I,111622,55.3559436
2024,3,04139,"Samridhi Sarwajanik Charitable Trust, Jhulelal Institute of Technology, Nagpur",0413984410,Electronics and Computer Engineering,OPEN,TFWS,State,I,77890,71.7682877
2024,3,04139,"Samridhi Sarwajanik Charitable Trust, Jhulelal Institute of Technology, Nagpur",0413991110,Computer Science and Engineering(Artificial Intelligence and Machine Learning),OPEN,General,State,I,97004,63.0759599
2024,3,04139,"Samridhi Sarwajanik Charitable Trust, Jhulelal Institute of Technology, Nagpur",0413991110,Computer Science and Engineering(Artificial Intelligence and Machine Learning),OPEN,Ladies,State,I,80091,70.889365
2024,3,04139,"Samridhi Sarwajanik Charitable Trust, Jhulelal Institute of Technology, Nagpur",0413991110,Computer Science and Engineering(Artificial Intelligence and Machine Learning),OPEN,TFWS,State,I,76267,72.6095528
2024,3,04141,"Shriram Gram Vikas Shikshan Sanstha, Vilasrao Deshmukh College of Engineering and Technology, Nagpur",0414124510,Computer Engineering,OPEN,General,Other,I,141603,36.9291471
2024,3,04141,"Shriram Gram Vikas Shikshan Sanstha, Vilasrao Deshmukh College of Engineering and Technology, Nagpur",0414124510,Computer Engineering,SC,General,Other,I,179631,0.0043527
2024,3,04141,"Shriram Gram Vikas Shikshan Sanstha, Vilasrao Deshmukh College of Engineering and Technology, Nagpur",0414199510,Artificial Intelligence and Data Science,OPEN,General,Other,I,144380,34.8626522
2024,3,04141,"Shriram Gram Vikas Shikshan Sanstha, Vilasrao Deshmukh College of Engineering and Technology, Nagpur",0414199510,Artificial Intelligence and Data Science,SC,General,Other,I,154431,27.4048925
2024,3,04141,"Shriram Gram Vikas Shikshan Sanstha, Vilasrao Deshmukh College of Engineering and Technology, Nagpur",0414199510,Artificial Intelligence and Data Science,OBC,General,Other,I,155546,25.6745674
2024,3,04141,"Shriram Gram Vikas Shikshan Sanstha, Vilasrao Deshmukh College of Engineering and Technology, Nagpur",0414199510,Artificial Intelligence and Data Science,OPEN,Ladies,Other,I,106570,58.1158577
2024,3,04142,"G H Raisoni College of Engineering & Management, Nagpur",0414224210,Computer Science and Engineering,OPEN,General,State,I,42098,85.455686
2024,3,04142,"G H Raisoni College of Engineering & Management, Nagpur",0414224210,Computer Science and Engineering,OPEN,Ladies,State,I,39999,86.2308451
2024,3,04142,"G H Raisoni College of Engineering & Management, Nagpur",0414224210,Computer Science and Engineering,OPEN,TFWS,State,I,109906,57.0470967
2024,3,04142,"G H Raisoni College of Engineering & Management, Nagpur",0414224610,Information Technology,OPEN,General,State,I,44749,84.5942451
2024,3,04142,"G H Raisoni College of Engineering & Management, Nagpur",0414224610,Information Technology,OPEN,Ladies,State,I,44468,84.6402007
2024,3,04142,"G H Raisoni College of Engineering & Management, Nagpur",0414224610,Information Technology,OPEN,TFWS,State,I,111715,55.3559436
2024,3,04142,"G H Raisoni College of Engineering & Management, Nagpur",0414237210,Electronics and Telecommunication Engg,OPEN,General,State,I,54474,81.1614491
2024,3,04142,"G H Raisoni College of Engineering & Management, Nagpur",0414237210,Electronics and Telecommunication Engg,OPEN,Ladies,State,I,49888,82.7776364
2024,3,04142,"G H Raisoni College of Engineering & Management, Nagpur",0414237210,Electronics and Telecommunication Engg,OPEN,TFWS,State,I,165262,16.8882979
2024,3,04142,"G H Raisoni College of Engineering & Management, Nagpur",0414261210,Mechanical Engineering,OPEN,General,State,I,105982,58.5786927
2024,3,04142,"G H Raisoni College of Engineering & Management, Nagpur",0414261210,Mechanical Engineering,OPEN,Ladies,State,I,98765,62.795808
2024,3,04142,"G H Raisoni College of Engineering & Management, Nagpur",0414261210,Mechanical Engineering,OPEN,TFWS,State,I,101106,60.6237408
2024,3,04142,"G H Raisoni College of Engineering & Management, Nagpur",0414291010,Computer Science and Engineering(Cyber Security),OPEN,General,State,I,48470,83.4009466
2024,3,04142,"G H Raisoni College of Engineering & Management, Nagpur",0414291010,Computer Science and Engineering(Cyber Security),OPEN,Ladies,State,I,51432,82.1878954
2024,3,04142,"G H Raisoni College of Engineering & Management, Nagpur",0414291010,Computer Science and Engineering(Cyber Security),OPEN,TFWS,State,I,157009,24.5948927
2024,3,04142,"G H Raisoni College of Engineering & Management, Nagpur",0414291710,Data Science,OPEN,General,State,I,52103,81.934184
2024,3,04142,"G H Raisoni College of Engineering & Management, Nagpur",0414291710,Data Science,OPEN,Ladies,State,I,54481,81.1614491
2024,3,04142,"G H Raisoni College of Engineering & Management, Nagpur",0414291710,Data Science,OPEN,TFWS,State,I,158635,23.9454765
2024,3,04142,"G H Raisoni College of Engineering & Management, Nagpur",0414299710,Artificial Intelligence,OPEN,General,State,I,48600,83.4009466
2024,3,04142,"G H Raisoni College of Engineering & Management, Nagpur",0414299710,Artificial Intelligence,OPEN,Ladies,State,I,44950,84.5731157
2024,3,04142,"G H Raisoni College of Engineering & Management, Nagpur",0414299710,Artificial Intelligence,OPEN,TFWS,State,I,155025,26.1271353
2024,3,04144,"Shri. Sai Shikshan Sanstha, Nagpur Institute of Technology, Nagpur",0414419110,Civil Engineering,OPEN,General,Other,I,96872,63.0759599
2024,3,04144,"Shri. Sai Shikshan Sanstha, Nagpur Institute of Technology, Nagpur",0414419110,Civil Engineering,SC,General,Other,I,142515,36.2134011
2024,3,04144,"Shri. Sai Shikshan Sanstha, Nagpur Institute of Technology, Nagpur",0414419110,Civil Engineering,OPEN,General,Other,I,154384,27.4048925
2024,3,04144,"Shri. Sai Shikshan Sanstha, Nagpur Institute of Technology, Nagpur",0414424210,Computer Science and Engineering,OPEN,General,Other,I,96224,63.2687832
2024,3,04144,"Shri. Sai Shikshan Sanstha, Nagpur Institute of Technology, Nagpur",0414424210,Computer Science and Engineering,OBC,General,Other,I,148608,31.6234334
2024,3,04144,"Shri. Sai Shikshan Sanstha, Nagpur Institute of Technology, Nagpur",0414424210,Computer Science and Engineering,OPEN,Ladies,Other,I,139365,38.7773761
2024,3,04144,"Shri. Sai Shikshan Sanstha, Nagpur Institute of Technology, Nagpur",0414424210,Computer Science and Engineering,OPEN,General,Other,II,136966,40.1585977
2024,3,04144,"Shri. Sai Shikshan Sanstha, Nagpur Institute of Technology, Nagpur",0414424210,Computer Science and Engineering,OPEN,Defence,State,I,112268,55.1151268
2024,3,04144,"Shri. Sai Shikshan Sanstha, Nagpur Institute of Technology, Nagpur",0414424210,Computer Science and Engineering,OBC,Defence,State,I,80767,70.5215521
2024,3,04144,"Shri. Sai Shikshan Sanstha, Nagpur Institute of Technology, Nagpur",0414424610,Information Technology,OPEN,General,Other,I,111128,56.0103934
2024,3,04144,"Shri. Sai Shikshan Sanstha, Nagpur Institute of Technology, Nagpur",0414424610,Information Technology,SC,General,Other,I,130097,44.5064233
2024,3,04144,"Shri. Sai Shikshan Sanstha, Nagpur Institute of Technology, Nagpur",0414424610,Information Technology,OBC,General,Other,I,116542,52.9935209
2024,3,04144,"Shri. Sai Shikshan Sanstha, Nagpur Institute of Technology, Nagpur",0414424610,Information Technology,OPEN,Ladies,Other,I,98219,62.8351694
2024,3,04144,"Shri. Sai Shikshan Sanstha, Nagpur Institute of Technology, Nagpur",0414424610,Information Technology,OPEN,General,Other,I,131655,43.8452614
2024,3,04144,"Shri. Sai Shikshan Sanstha, Nagpur Institute of Technology, Nagpur",0414424610,Information Technology,OPEN,Defence,State,I,106899,57.9919409
2024,3,04144,"Shri. Sai Shikshan Sanstha, Nagpur Institute of Technology, Nagpur",0414429310,Electrical Engineering,OPEN,General,Other,I,140740,37.6881791
2024,3,04144,"Shri. Sai Shikshan Sanstha, Nagpur Institute of Technology, Nagpur",0414429310,Electrical Engineering,OPEN,Ladies,Other,I,132978,42.8773305
2024,3,04144,"Shri. Sai Shikshan Sanstha, Nagpur Institute of Technology, Nagpur",0414429310,Electrical Engineering,OPEN,General,Other,I,149391,30.9687071
2024,3,04144,"Shri. Sai Shikshan Sanstha, Nagpur Institute of Technology, Nagpur",0414429310,Electrical Engineering,OPEN,General,Other,I,120139,50.9307179
2024,3,04145,"Wainganga College of Engineering and Management, Dongargaon, Nagpur",0414519110,Civil Engineering,OPEN,General,State,I,139277,38.8659877
2024,3,04145,"Wainganga College of Engineering and Management, Dongargaon, Nagpur",0414519110,Civil Engineering,ST,General,State,I,170565,11.5084415
2024,3,04145,"Wainganga College of Engineering and Management, Dongargaon, Nagpur",0414519110,Civil Engineering,NT2,General,State,I,145198,34.5790896
2024,3,04145,"Wainganga College of Engineering and Management, Dongargaon, Nagpur",0414519110,Civil Engineering,NT3,General,State,I,134463,42.2200941
2024,3,04145,"Wainganga College of Engineering and Management, Dongargaon, Nagpur",0414519110,Civil Engineering,OBC,General,State,I,152363,28.7003692
2024,3,04145,"Wainganga College of Engineering and Management, Dongargaon, Nagpur",0414519110,Civil Engineering,OPEN,Ladies,State,I,136768,40.2848342
2024,3,04145,"Wainganga College of Engineering and Management, Dongargaon, Nagpur",0414519110,Civil Engineering,SC,Ladies,State,I,170395,11.7746273
2024,3,04145,"Wainganga College of Engineering and Management, Dongargaon, Nagpur",0414524210,Computer Science and Engineering,OPEN,General,State,I,101874,60.546705
2024,3,04145,"Wainganga College of Engineering and Management, Dongargaon, Nagpur",0414524210,Computer Science and Engineering,SC,General,State,I,102589,60.2951569
2024,3,04145,"Wainganga College of Engineering and Management, Dongargaon, Nagpur",0414524210,Computer Science and Engineering,ST,General,State,I,115339,53.7694785
2024,3,04145,"Wainganga College of Engineering and Management, Dongargaon, Nagpur",0414524210,Computer Science and Engineering,NT2,General,State,I,142457,36.2134011
2024,3,04145,"Wainganga College of Engineering and Management, Dongargaon, Nagpur",0414524210,Computer Science and Engineering,OBC,General,State,I,104692,59.9791975
2024,3,04145,"Wainganga College of Engineering and Management, Dongargaon, Nagpur",0414524210,Computer Science and Engineering,OPEN,Ladies,State,I,74451,73.4250332
2024,3,04145,"Wainganga College of Engineering and Management, Dongargaon, Nagpur",0414524210,Computer Science and Engineering,ST,Ladies,State,I,133884,42.2216419
2024,3,04145,"Wainganga College of Engineering and Management, Dongargaon, Nagpur",0414524210,Computer Science and Engineering,NT3,Ladies,State,I,97725,62.902955
2024,3,04145,"Wainganga College of Engineering and Management, Dongargaon, Nagpur",0414524210,Computer Science and Engineering,OBC,Ladies,State,I,83600,69.4683908
2024,3,04145,"Wainganga College of Engineering and Management, Dongargaon, Nagpur",0414524210,Computer Science and Engineering,OPEN,PWD,State,I,128323,46.2784017
2024,3,04145,"Wainganga College of Engineering and Management, Dongargaon, Nagpur",0414524210,Computer Science and Engineering,OPEN,General,State,II,104659,59.9791975
2024,3,04145,"Wainganga College of Engineering and Management, Dongargaon, Nagpur",0414529310,Electrical Engineering,OPEN,General,State,I,122169,49.7949643
2024,3,04145,"Wainganga College of Engineering and Management, Dongargaon, Nagpur",0414529310,Electrical Engineering,ST,General,State,I,153888,27.5123271
2024,3,04145,"Wainganga College of Engineering and Management, Dongargaon, Nagpur",0414529310,Electrical Engineering,NT3,General,State,I,139391,38.7773761
2024,3,04145,"Wainganga College of Engineering and Management, Dongargaon, Nagpur",0414537210,Electronics and Telecommunication Engg,OPEN,General,State,I,117927,52.0861037
2024,3,04145,"Wainganga College of Engineering and Management, Dongargaon, Nagpur",0414537210,Electronics and Telecommunication Engg,SC,General,State,I,122111,50.0353239
2024,3,04145,"Wainganga College of Engineering and Management, Dongargaon, Nagpur",0414537210,Electronics and Telecommunication Engg,ST,General,State,I,123300,48.8696809
2024,3,04145,"Wainganga College of Engineering and Management, Dongargaon, Nagpur",0414537210,Electronics and Telecommunication Engg,NT1,General,State,I,120814,50.6340761
2024,3,04145,"Wainganga College of Engineering and Management, Dongargaon, Nagpur",0414537210,Electronics and Telecommunication Engg,OBC,General,State,I,116413,53.517849
2024,3,04145,"Wainganga College of Engineering and Management, Dongargaon, Nagpur",0414537210,Electronics and Telecommunication Engg,SEBC,General,State,I,124320,48.6138054
2024,3,04145,"Wainganga College of Engineering and Management, Dongargaon, Nagpur",0414561210,Mechanical Engineering,OPEN,General,State,I,138592,39.0541888
2024,3,04145,"Wainganga College of Engineering and Management, Dongargaon, Nagpur",0414561210,Mechanical Engineering,SC,General,State,I,151596,29.1560732
2024,3,04145,"Wainganga College of Engineering and Management, Dongargaon, Nagpur",0414561210,Mechanical Engineering,NT2,General,State,I,173971,7.7921536
2024,3,04145,"Wainganga College of Engineering and Management, Dongargaon, Nagpur",0414561210,Mechanical Engineering,NT3,General,State,I,168728,13.647753
2024,3,04145,"Wainganga College of Engineering and Management, Dongargaon, Nagpur",0414561210,Mechanical Engineering,OPEN,Ladies,State,I,138005,39.5390798
2024,3,04145,"Wainganga College of Engineering and Management, Dongargaon, Nagpur",0414561210,Mechanical Engineering,SC,Ladies,State,I,156403,25.5139718
2024,3,04145,"Wainganga College of Engineering and Management, Dongargaon, Nagpur",0414561210,Mechanical Engineering,ST,Ladies,State,I,144987,34.8002089
2024,3,04145,"Wainganga College of Engineering and Management, Dongargaon, Nagpur",0414561210,Mechanical Engineering,OBC,Ladies,State,I,158522,23.9454765
2024,3,04145,"Wainganga College of Engineering and Management, Dongargaon, Nagpur",0414599510,Artificial Intelligence and Data Science,OPEN,General,State,I,109355,57.1543272
2024,3,04145,"Wainganga College of Engineering and Management, Dongargaon, Nagpur",0414599510,Artificial Intelligence and Data Science,SC,General,State,I,117424,52.2046883
2024,3,04145,"Wainganga College of Engineering and Management, Dongargaon, Nagpur",0414599510,Artificial Intelligence and Data Science,SEBC,General,State,I,105862,59.0509185
2024,3,04145,"Wainganga College of Engineering and Management, Dongargaon, Nagpur",0414599510,Artificial Intelligence and Data Science,OPEN,Ladies,State,I,117634,52.2046883
2024,3,04145,"Wainganga College of Engineering and Management, Dongargaon, Nagpur",0414599510,Artificial Intelligence and Data Science,NT1,Ladies,State,I,103414,60.2294112
2024,3,04145,"Wainganga College of Engineering and Management, Dongargaon, Nagpur",0414599510,Artificial Intelligence and Data Science,OBC,PWD,State,I,160911,21.3858708
2024,3,04147,"K.D.K. College of Engineering, Nagpur",0414719110,Civil Engineering,OPEN,General,Other,I,111895,55.2318816
2024,3,04147,"K.D.K. College of Engineering, Nagpur",0414719110,Civil Engineering,OPEN,Ladies,Other,I,116103,53.517849
2024,3,04147,"K.D.K. College of Engineering, Nagpur",0414724210,Computer Science and Engineering,OPEN,General,Other,I,52805,81.7658119
2024,3,04147,"K.D.K. College of Engineering, Nagpur",0414724210,Computer Science and Engineering,SC,General,Other,I,70348,75.0114283
2024,3,04147,"K.D.K. College of Engineering, Nagpur",0414724210,Computer Science and Engineering,OBC,General,Other,I,79349,71.3988776
2024,3,04147,"K.D.K. College of Engineering, Nagpur",0414724210,Computer Science and Engineering,OPEN,Orphan,State,I,154489,27.4048925
2024,3,04147,"K.D.K. College of Engineering, Nagpur",0414724210,Computer Science and Engineering,EWS,General,State,I,166448,15.9989858
2024,3,04147,"K.D.K. College of Engineering, Nagpur",0414724610,Information Technology,OPEN,General,Other,I,68811,75.5247196
2024,3,04147,"K.D.K. College of Engineering, Nagpur",0414724610,Information Technology,SC,General,Other,I,71281,74.5088207
2024,3,04147,"K.D.K. College of Engineering, Nagpur",0414724610,Information Technology,OPEN,Ladies,Other,I,68745,75.5247196
2024,3,04147,"K.D.K. College of Engineering, Nagpur",0414724610,Information Technology,OPEN,General,Other,I,178720,1.4065109
2024,3,04147,"K.D.K. College of Engineering, Nagpur",0414724610,Information Technology,SC,General,Other,I,178011,2.3998331
2024,3,04147,"K.D.K. College of Engineering, Nagpur",0414729310,Electrical Engineering,OPEN,General,Other,I,88269,67.5033807
2024,3,04147,"K.D.K. College of Engineering, Nagpur",0414729310,Electrical Engineering,OPEN,Ladies,Other,I,86577,68.0717863
2024,3,04147,"K.D.K. College of Engineering, Nagpur",0414729310,Electrical Engineering,OPEN,General,Other,I,105314,59.3445914
2024,3,04147,"K.D.K. College of Engineering, Nagpur",0414737210,Electronics and Telecommunication Engg,OBC,Defence,State,I,176115,5.0033245
2024,3,04147,"K.D.K. College of Engineering, Nagpur",0414761210,Mechanical Engineering,OPEN,General,Other,I,118122,52.0861037
2024,3,04147,"K.D.K. College of Engineering, Nagpur",0414761210,Mechanical Engineering,SC,General,Other,I,132432,43.4393889
2024,3,04147,"K.D.K. College of Engineering, Nagpur",0414761210,Mechanical Engineering,OBC,General,Other,I,120467,50.8618056
2024,3,04147,"K.D.K. College of Engineering, Nagpur",0414761210,Mechanical Engineering,OPEN,Defence,State,I,109132,57.1959853
2024,3,04147,"K.D.K. College of Engineering, Nagpur",0414799510,Artificial Intelligence and Data Science,OPEN,General,Other,I,72787,73.8893284
2024,3,04147,"K.D.K. College of Engineering, Nagpur",0414799510,Artificial Intelligence and Data Science,OBC,General,Other,I,73897,73.5848302
2024,3,04147,"K.D.K. College of Engineering, Nagpur",0414799510,Artificial Intelligence and Data Science,OBC,Defence,State,I,165564,16.6009499
2024,3,04147,"K.D.K. College of Engineering, Nagpur",0414799510,Artificial Intelligence and Data Science,OPEN,TFWS,State,I,57337,80.0615027
2024,3,04147,"K.D.K. College of Engineering, Nagpur",0414799510,Artificial Intelligence and Data Science,EWS,General,State,I,118898,51.2783205
2024,3,04151,"Tulsiramji Gaikwad Patil College of Engineering & Technology, Nagpur",0415100210,Aeronautical Engineering,OPEN,General,State,I,120140,50.9307179
2024,3,04151,"Tulsiramji Gaikwad Patil College of Engineering & Technology, Nagpur",0415100210,Aeronautical Engineering,SC,General,State,I,128078,46.2784017
2024,3,04151,"Tulsiramji Gaikwad Patil College of Engineering & Technology, Nagpur",0415100210,Aeronautical Engineering,ST,General,State,I,128301,46.2784017
2024,3,04151,"Tulsiramji Gaikwad Patil College of Engineering & Technology, Nagpur",0415100210,Aeronautical Engineering,NT2,General,State,I,129929,44.8929536
2024,3,04151,"Tulsiramji Gaikwad Patil College of Engineering & Technology, Nagpur",0415100210,Aeronautical Engineering,OBC,General,State,I,97875,62.8733646
2024,3,04151,"Tulsiramji Gaikwad Patil College of Engineering & Technology, Nagpur",0415100210,Aeronautical Engineering,SEBC,General,State,I,130348,44.5064233
2024,3,04151,"Tulsiramji Gaikwad Patil College of Engineering & Technology, Nagpur",0415100210,Aeronautical Engineering,OPEN,Ladies,State,I,114154,54.1800379
2024,3,04151,"Tulsiramji Gaikwad Patil College of Engineering & Technology, Nagpur",0415100210,Aeronautical Engineering,SC,Ladies,State,I,113582,54.3568289
2024,3,04151,"Tulsiramji Gaikwad Patil College of Engineering & Technology, Nagpur",0415108210,Bio Technology,OPEN,General,State,I,57283,81.4024523
2024,3,04151,"Tulsiramji Gaikwad Patil College of Engineering & Technology, Nagpur",0415108210,Bio Technology,SC,General,State,I,74723,75.1304593
2024,3,04151,"Tulsiramji Gaikwad Patil College of Engineering & Technology, Nagpur",0415108210,Bio Technology,ST,General,State,I,58153,81.2063856
2024,3,04151,"Tulsiramji Gaikwad Patil College of Engineering & Technology, Nagpur",0415108210,Bio Technology,VJ,General,State,I,104979,62.7760252
2024,3,04151,"Tulsiramji Gaikwad Patil College of Engineering & Technology, Nagpur",0415108210,Bio Technology,NT2,General,State,I,64417,78.9569098
2024,3,04151,"Tulsiramji Gaikwad Patil College of Engineering & Technology, Nagpur",0415108210,Bio Technology,NT3,General,State,I,73480,75.4435465
2024,3,04151,"Tulsiramji Gaikwad Patil College of Engineering & Technology, Nagpur",0415108210,Bio Technology,OBC,General,State,I,49100,84.3090458
2024,3,04151,"Tulsiramji Gaikwad Patil College of Engineering & Technology, Nagpur",0415108210,Bio Technology,SEBC,General,State,I,60841,80.239855
2024,3,04151,"Tulsiramji Gaikwad Patil College of Engineering & Technology, Nagpur",0415108210,Bio Technology,OPEN,Ladies,State,I,141065,41.4799923
2024,3,04151,"Tulsiramji Gaikwad Patil College of Engineering & Technology, Nagpur",0415108210,Bio Technology,SC,Ladies,State,I,103888,62.8733646
2024,3,04151,"Tulsiramji Gaikwad Patil College of Engineering & Technology, Nagpur",0415108210,Bio Technology,ST,Ladies,State,I,69463,76.9271257
2024,3,04151,"Tulsiramji Gaikwad Patil College of Engineering & Technology, Nagpur",0415108210,Bio Technology,NT1,Ladies,State,I,55421,82.1441843
2024,3,04151,"Tulsiramji Gaikwad Patil College of Engineering & Technology, Nagpur",0415108210,Bio Technology,NT2,Ladies,State,I,82759,71.7891507
2024,3,04151,"Tulsiramji Gaikwad Patil College of Engineering & Technology, Nagpur",0415108210,Bio Technology,OBC,Ladies,State,I,151663,33.6013785
2024,3,04151,"Tulsiramji Gaikwad Patil College of Engineering & Technology, Nagpur",0415108210,Bio Technology,SEBC,Ladies,State,I,38207,0.0
2024,3,04151,"Tulsiramji Gaikwad Patil College of Engineering & Technology, Nagpur",0415108210,Bio Technology,OPEN,PWD,State,I,19071,94.0993044
2024,3,04151,"Tulsiramji Gaikwad Patil College of Engineering & Technology, Nagpur",0415119110,Civil Engineering,NT2,General,State,I,162530,19.4065824
2024,3,04151,"Tulsiramji Gaikwad Patil College of Engineering & Technology, Nagpur",0415119110,Civil Engineering,OBC,General,State,I,137730,39.5390798
2024,3,04151,"Tulsiramji Gaikwad Patil College of Engineering & Technology, Nagpur",0415119110,Civil Engineering,SEBC,General,State,I,139438,38.7773761
2024,3,04151,"Tulsiramji Gaikwad Patil College of Engineering & Technology, Nagpur",0415119110,Civil Engineering,OPEN,Ladies,State,I,113969,54.1800379
2024,3,04151,"Tulsiramji Gaikwad Patil College of Engineering & Technology, Nagpur",0415124210,Computer Science and Engineering,OPEN,General,State,I,82796,69.7639628
2024,3,04151,"Tulsiramji Gaikwad Patil College of Engineering & Technology, Nagpur",0415124210,Computer Science and Engineering,SC,General,State,I,88893,67.0458361
2024,3,04151,"Tulsiramji Gaikwad Patil College of Engineering & Technology, Nagpur",0415124210,Computer Science and Engineering,ST,General,State,I,164264,18.4142776
2024,3,04151,"Tulsiramji Gaikwad Patil College of Engineering & Technology, Nagpur",0415124210,Computer Science and Engineering,NT1,General,State,I,117379,52.5184688
2024,3,04151,"Tulsiramji Gaikwad Patil College of Engineering & Technology, Nagpur",0415124210,Computer Science and Engineering,NT2,General,State,I,115582,53.7694785
2024,3,04151,"Tulsiramji Gaikwad Patil College of Engineering & Technology, Nagpur",0415124210,Computer Science and Engineering,NT3,General,State,I,113687,54.3568289
2024,3,04151,"Tulsiramji Gaikwad Patil College of Engineering & Technology, Nagpur",0415124210,Computer Science and Engineering,OBC,General,State,I,91564,65.722735
2024,3,04151,"Tulsiramji Gaikwad Patil College of Engineering & Technology, Nagpur",0415124210,Computer Science and Engineering,SEBC,General,State,I,108779,57.2163252
2024,3,04151,"Tulsiramji Gaikwad Patil College of Engineering & Technology, Nagpur",0415124210,Computer Science and Engineering,OPEN,Ladies,State,I,61635,78.4440843
2024,3,04151,"Tulsiramji Gaikwad Patil College of Engineering & Technology, Nagpur",0415124210,Computer Science and Engineering,ST,Ladies,State,I,151417,29.3071786
2024,3,04151,"Tulsiramji Gaikwad Patil College of Engineering & Technology, Nagpur",0415124210,Computer Science and Engineering,VJ,Ladies,State,I,90878,65.9366282
2024,3,04151,"Tulsiramji Gaikwad Patil College of Engineering & Technology, Nagpur",0415124210,Computer Science and Engineering,NT1,Ladies,State,I,76670,72.3242844
2024,3,04151,"Tulsiramji Gaikwad Patil College of Engineering & Technology, Nagpur",0415124210,Computer Science and Engineering,OBC,Ladies,State,I,70079,75.1972801
2024,3,04151,"Tulsiramji Gaikwad Patil College of Engineering & Technology, Nagpur",0415124210,Computer Science and Engineering,SEBC,Ladies,State,I,102060,60.546705
2024,3,04151,"Tulsiramji Gaikwad Patil College of Engineering & Technology, Nagpur",0415124610,Information Technology,OPEN,General,State,I,99376,62.7216425
2024,3,04151,"Tulsiramji Gaikwad Patil College of Engineering & Technology, Nagpur",0415124610,Information Technology,SC,General,State,I,100068,61.8908693
2024,3,04151,"Tulsiramji Gaikwad Patil College of Engineering & Technology, Nagpur",0415124610,Information Technology,ST,General,State,I,103368,60.2294112
2024,3,04151,"Tulsiramji Gaikwad Patil College of Engineering & Technology, Nagpur",0415124610,Information Technology,VJ,General,State,I,126639,47.0113809
2024,3,04151,"Tulsiramji Gaikwad Patil College of Engineering & Technology, Nagpur",0415124610,Information Technology,NT2,General,State,I,103724,60.1504384
2024,3,04151,"Tulsiramji Gaikwad Patil College of Engineering & Technology, Nagpur",0415124610,Information Technology,OBC,General,State,I,92628,65.4406319
2024,3,04151,"Tulsiramji Gaikwad Patil College of Engineering & Technology, Nagpur",0415124610,Information Technology,OPEN,Ladies,State,I,110508,56.846611
2024,3,04151,"Tulsiramji Gaikwad Patil College of Engineering & Technology, Nagpur",0415124610,Information Technology,ST,Ladies,State,I,122644,49.6193645
2024,3,04151,"Tulsiramji Gaikwad Patil College of Engineering & Technology, Nagpur",0415124610,Information Technology,NT1,Ladies,State,I,129252,45.4574846
2024,3,04151,"Tulsiramji Gaikwad Patil College of Engineering & Technology, Nagpur",0415124610,Information Technology,NT2,Ladies,State,I,98172,62.8351694
2024,3,04151,"Tulsiramji Gaikwad Patil College of Engineering & Technology, Nagpur",0415124610,Information Technology,NT3,Ladies,State,I,117784,52.2046883
2024,3,04151,"Tulsiramji Gaikwad Patil College of Engineering & Technology, Nagpur",0415124610,Information Technology,OBC,Ladies,State,I,93107,65.2878345
2024,3,04151,"Tulsiramji Gaikwad Patil College of Engineering & Technology, Nagpur",0415124610,Information Technology,SEBC,Ladies,State,I,175252,6.2116069
2024,3,04151,"Tulsiramji Gaikwad Patil College of Engineering & Technology, Nagpur",0415124610,Information Technology,OBC,PWD,State,I,177339,3.245658
2024,3,04151,"Tulsiramji Gaikwad Patil College of Engineering & Technology, Nagpur",0415129310,Electrical Engineering,OPEN,General,State,I,113479,54.3920183
2024,3,04151,"Tulsiramji Gaikwad Patil College of Engineering & Technology, Nagpur",0415129310,Electrical Engineering,SC,General,State,I,121423,50.0957604
2024,3,04151,"Tulsiramji Gaikwad Patil College of Engineering & Technology, Nagpur",0415129310,Electrical Engineering,ST,General,State,I,118467,52.0276576
2024,3,04151,"Tulsiramji Gaikwad Patil College of Engineering & Technology, Nagpur",0415129310,Electrical Engineering,NT1,General,State,I,141997,36.6611018
2024,3,04151,"Tulsiramji Gaikwad Patil College of Engineering & Technology, Nagpur",0415129310,Electrical Engineering,NT3,General,State,I,120782,50.6340761
2024,3,04151,"Tulsiramji Gaikwad Patil College of Engineering & Technology, Nagpur",0415129310,Electrical Engineering,OBC,General,State,I,122892,49.513096
2024,3,04151,"Tulsiramji Gaikwad Patil College of Engineering & Technology, Nagpur",0415129310,Electrical Engineering,SEBC,General,State,I,124268,48.6138054
2024,3,04151,"Tulsiramji Gaikwad Patil College of Engineering & Technology, Nagpur",0415129310,Electrical Engineering,OPEN,Ladies,State,I,92441,65.4406319
2024,3,04151,"Tulsiramji Gaikwad Patil College of Engineering & Technology, Nagpur",0415137010,Electronics and Communication Engineering,OPEN,General,State,I,120320,50.9307179
2024,3,04151,"Tulsiramji Gaikwad Patil College of Engineering & Technology, Nagpur",0415137010,Electronics and Communication Engineering,SC,General,State,I,126022,47.4576949
2024,3,04151,"Tulsiramji Gaikwad Patil College of Engineering & Technology, Nagpur",0415137010,Electronics and Communication Engineering,NT2,General,State,I,149966,30.8566205
2024,3,04151,"Tulsiramji Gaikwad Patil College of Engineering & Technology, Nagpur",0415137010,Electronics and Communication Engineering,NT3,General,State,I,177702,2.9443123
2024,3,04151,"Tulsiramji Gaikwad Patil College of Engineering & Technology, Nagpur",0415137010,Electronics and Communication Engineering,OBC,General,State,I,122301,49.7949643
2024,3,04151,"Tulsiramji Gaikwad Patil College of Engineering & Technology, Nagpur",0415137010,Electronics and Communication Engineering,SEBC,General,State,I,116337,53.517849
2024,3,04151,"Tulsiramji Gaikwad Patil College of Engineering & Technology, Nagpur",0415137010,Electronics and Communication Engineering,OPEN,Ladies,State,I,117575,52.2046883
2024,3,04151,"Tulsiramji Gaikwad Patil College of Engineering & Technology, Nagpur",0415137010,Electronics and Communication Engineering,SC,Ladies,State,I,122939,49.513096
2024,3,04151,"Tulsiramji Gaikwad Patil College of Engineering & Technology, Nagpur",0415137010,Electronics and Communication Engineering,ST,Ladies,State,I,72561,74.1162962
2024,3,04151,"Tulsiramji Gaikwad Patil College of Engineering & Technology, Nagpur",0415161210,Mechanical Engineering,OPEN,General,State,I,130687,44.4778985
2024,3,04151,"Tulsiramji Gaikwad Patil College of Engineering & Technology, Nagpur",0415161210,Mechanical Engineering,SC,General,State,I,131672,43.8452614
2024,3,04151,"Tulsiramji Gaikwad Patil College of Engineering & Technology, Nagpur",0415161210,Mechanical Engineering,OBC,General,State,I,135748,41.0394031
2024,3,04151,"Tulsiramji Gaikwad Patil College of Engineering & Technology, Nagpur",0415161210,Mechanical Engineering,OPEN,Ladies,State,I,134513,42.2200941
2024,3,04151,"Tulsiramji Gaikwad Patil College of Engineering & Technology, Nagpur",0415161210,Mechanical Engineering,NT1,Ladies,State,I,166591,15.9803473
2024,3,04151,"Tulsiramji Gaikwad Patil College of Engineering & Technology, Nagpur",0415191210,Computer Science and Engineering(Data Science),OPEN,General,State,I,96695,63.2340107
2024,3,04151,"Tulsiramji Gaikwad Patil College of Engineering & Technology, Nagpur",0415191210,Computer Science and Engineering(Data Science),SC,General,State,I,97651,62.902955
2024,3,04151,"Tulsiramji Gaikwad Patil College of Engineering & Technology, Nagpur",0415191210,Computer Science and Engineering(Data Science),ST,General,State,I,113667,54.3568289
2024,3,04151,"Tulsiramji Gaikwad Patil College of Engineering & Technology, Nagpur",0415191210,Computer Science and Engineering(Data Science),VJ,General,State,I,116740,52.9935209
2024,3,04151,"Tulsiramji Gaikwad Patil College of Engineering & Technology, Nagpur",0415191210,Computer Science and Engineering(Data Science),NT2,General,State,I,75709,72.8176141
2024,3,04151,"Tulsiramji Gaikwad Patil College of Engineering & Technology, Nagpur",0415191210,Computer Science and Engineering(Data Science),OPEN,Ladies,State,I,119517,51.2170385
2024,3,04151,"Tulsiramji Gaikwad Patil College of Engineering & Technology, Nagpur",0415191210,Computer Science and Engineering(Data Science),ST,Ladies,State,I,94904,63.9612515
2024,3,04151,"Tulsiramji Gaikwad Patil College of Engineering & Technology, Nagpur",0415191210,Computer Science and Engineering(Data Science),OBC,Ladies,State,I,172627,9.4599659
2024,3,04151,"Tulsiramji Gaikwad Patil College of Engineering & Technology, Nagpur",0415192110,Artificial Intelligence and Machine Learning,OPEN,General,State,I,110402,56.846611
2024,3,04151,"Tulsiramji Gaikwad Patil College of Engineering & Technology, Nagpur",0415192110,Artificial Intelligence and Machine Learning,SC,General,State,I,111288,55.8763225
2024,3,04151,"Tulsiramji Gaikwad Patil College of Engineering & Technology, Nagpur",0415192110,Artificial Intelligence and Machine Learning,ST,General,State,I,130263,44.5064233
2024,3,04151,"Tulsiramji Gaikwad Patil College of Engineering & Technology, Nagpur",0415192110,Artificial Intelligence and Machine Learning,NT1,General,State,I,111541,55.8763225
2024,3,04151,"Tulsiramji Gaikwad Patil College of Engineering & Technology, Nagpur",0415192110,Artificial Intelligence and Machine Learning,OBC,General,State,I,94911,63.9612515
2024,3,04151,"Tulsiramji Gaikwad Patil College of Engineering & Technology, Nagpur",0415192110,Artificial Intelligence and Machine Learning,OPEN,Ladies,State,I,120415,50.8618056
2024,3,04151,"Tulsiramji Gaikwad Patil College of Engineering & Technology, Nagpur",0415192110,Artificial Intelligence and Machine Learning,NT1,Ladies,State,I,90219,66.1855163
2024,3,04151,"Tulsiramji Gaikwad Patil College of Engineering & Technology, Nagpur",0415192110,Artificial Intelligence and Machine Learning,OBC,PWD,State,I,145660,34.1954023
2024,3,04163,Rajiv Gandhi College of Engineering Research & Technology Chandrapur,0416324210,Computer Science and Engineering,OPEN,General,Other,I,102921,60.2921536
2024,3,04163,Rajiv Gandhi College of Engineering Research & Technology Chandrapur,0416324210,Computer Science and Engineering,SC,General,Other,I,140292,38.4109612
2024,3,04163,Rajiv Gandhi College of Engineering Research & Technology Chandrapur,0416324210,Computer Science and Engineering,OPEN,Ladies,Other,I,139780,38.5392182
2024,3,04163,Rajiv Gandhi College of Engineering Research & Technology Chandrapur,0416324210,Computer Science and Engineering,OPEN,General,Other,I,97355,63.0701676
2024,3,04163,Rajiv Gandhi College of Engineering Research & Technology Chandrapur,0416329310,Electrical Engineering,OPEN,General,Other,I,175849,5.4801079
2024,3,04163,Rajiv Gandhi College of Engineering Research & Technology Chandrapur,0416329310,Electrical Engineering,SC,General,Other,I,178781,1.2980402
2024,3,04163,Rajiv Gandhi College of Engineering Research & Technology Chandrapur,0416329310,Electrical Engineering,OBC,General,Other,I,178161,2.3203529
2024,3,04163,Rajiv Gandhi College of Engineering Research & Technology Chandrapur,0416337010,Electronics and Communication Engineering,OPEN,Defence,State,I,78006,71.716606
2024,3,04163,Rajiv Gandhi College of Engineering Research & Technology Chandrapur,0416370110,Mining Engineering,OPEN,General,Other,I,136077,40.7306838
2024,3,04163,Rajiv Gandhi College of Engineering Research & Technology Chandrapur,0416370110,Mining Engineering,OPEN,Ladies,Other,I,158943,22.5662265
2024,3,04163,Rajiv Gandhi College of Engineering Research & Technology Chandrapur,0416391210,Computer Science and Engineering(Data Science),OPEN,General,Other,I,147305,32.8344132
2024,3,04163,Rajiv Gandhi College of Engineering Research & Technology Chandrapur,0416391210,Computer Science and Engineering(Data Science),OPEN,Ladies,Other,I,88867,67.0458361
2024,3,04167,"Yeshwantrao Chavan College of Engineering,Wanadongri, Nagpur",0416719110,Civil Engineering,OPEN,General,State,I,49860,82.7776364
2024,3,04167,"Yeshwantrao Chavan College of Engineering,Wanadongri, Nagpur",0416719110,Civil Engineering,OBC,General,State,I,53689,81.3894523
2024,3,04167,"Yeshwantrao Chavan College of Engineering,Wanadongri, Nagpur",0416719110,Civil Engineering,SEBC,General,State,I,153424,27.815423
2024,3,04167,"Yeshwantrao Chavan College of Engineering,Wanadongri, Nagpur",0416719110,Civil Engineering,OPEN,Ladies,State,I,47758,83.5806009
2024,3,04167,"Yeshwantrao Chavan College of Engineering,Wanadongri, Nagpur",0416719110,Civil Engineering,NT2,Ladies,State,I,81039,70.5008347
2024,3,04167,"Yeshwantrao Chavan College of Engineering,Wanadongri, Nagpur",0416719110,Civil Engineering,OBC,PWD,State,I,164391,18.1477824
2024,3,04167,"Yeshwantrao Chavan College of Engineering,Wanadongri, Nagpur",0416724210,Computer Science and Engineering,OPEN,General,State,I,12555,95.8527261
2024,3,04167,"Yeshwantrao Chavan College of Engineering,Wanadongri, Nagpur",0416724210,Computer Science and Engineering,OBC,General,State,I,13850,95.3932298
2024,3,04167,"Yeshwantrao Chavan College of Engineering,Wanadongri, Nagpur",0416724210,Computer Science and Engineering,SEBC,Ladies,State,I,45417,84.4941393
2024,3,04167,"Yeshwantrao Chavan College of Engineering,Wanadongri, Nagpur",0416724210,Computer Science and Engineering,OPEN,Defence,State,I,15337,94.8950322
2024,3,04167,"Yeshwantrao Chavan College of Engineering,Wanadongri, Nagpur",0416724610,Information Technology,OPEN,General,State,I,20661,93.1131822
2024,3,04167,"Yeshwantrao Chavan College of Engineering,Wanadongri, Nagpur",0416724610,Information Technology,OBC,General,State,I,21590,92.8098753
2024,3,04167,"Yeshwantrao Chavan College of Engineering,Wanadongri, Nagpur",0416724610,Information Technology,SEBC,General,State,I,38530,86.8553381
2024,3,04167,"Yeshwantrao Chavan College of Engineering,Wanadongri, Nagpur",0416724610,Information Technology,OPEN,Ladies,State,I,16347,94.5726998
2024,3,04167,"Yeshwantrao Chavan College of Engineering,Wanadongri, Nagpur",0416724610,Information Technology,SC,Ladies,State,I,32312,89.1051648
2024,3,04167,"Yeshwantrao Chavan College of Engineering,Wanadongri, Nagpur",0416724610,Information Technology,OPEN,Orphan,State,I,23068,92.3038397
2024,3,04167,"Yeshwantrao Chavan College of Engineering,Wanadongri, Nagpur",0416725110,Computer Technology,OPEN,General,State,I,18355,93.9014758
2024,3,04167,"Yeshwantrao Chavan College of Engineering,Wanadongri, Nagpur",0416725110,Computer Technology,ST,General,State,I,102027,60.546705
2024,3,04167,"Yeshwantrao Chavan College of Engineering,Wanadongri, Nagpur",0416725110,Computer Technology,OPEN,Ladies,State,I,17962,94.0591659
2024,3,04167,"Yeshwantrao Chavan College of Engineering,Wanadongri, Nagpur",0416725110,Computer Technology,ST,Ladies,State,I,88100,67.5881106
2024,3,04167,"Yeshwantrao Chavan College of Engineering,Wanadongri, Nagpur",0416725110,Computer Technology,SEBC,Ladies,State,I,102242,60.5030966
2024,3,04167,"Yeshwantrao Chavan College of Engineering,Wanadongri, Nagpur",0416726710,Computer Science and Engineering (IoT),OPEN,General,State,I,23271,92.2550706
2024,3,04167,"Yeshwantrao Chavan College of Engineering,Wanadongri, Nagpur",0416726710,Computer Science and Engineering (IoT),OPEN,Ladies,State,I,22876,92.3371011
2024,3,04167,"Yeshwantrao Chavan College of Engineering,Wanadongri, Nagpur",0416726710,Computer Science and Engineering (IoT),SEBC,Ladies,State,I,113978,54.1800379
2024,3,04167,"Yeshwantrao Chavan College of Engineering,Wanadongri, Nagpur",0416726710,Computer Science and Engineering (IoT),OPEN,TFWS,State,I,21785,92.7108008
2024,3,04167,"Yeshwantrao Chavan College of Engineering,Wanadongri, Nagpur",0416726710,Computer Science and Engineering (IoT),EWS,General,State,I,41450,85.8632396
2024,3,04167,"Yeshwantrao Chavan College of Engineering,Wanadongri, Nagpur",0416735610,Electrical Engg[Electronics and Power],OPEN,General,State,I,38922,86.7801974
2024,3,04167,"Yeshwantrao Chavan College of Engineering,Wanadongri, Nagpur",0416735610,Electrical Engg[Electronics and Power],ST,General,State,I,119414,51.2170385
2024,3,04167,"Yeshwantrao Chavan College of Engineering,Wanadongri, Nagpur",0416735610,Electrical Engg[Electronics and Power],SEBC,General,State,I,56254,80.5358903
2024,3,04167,"Yeshwantrao Chavan College of Engineering,Wanadongri, Nagpur",0416735610,Electrical Engg[Electronics and Power],OPEN,Ladies,State,I,70550,74.9709109
2024,3,04167,"Yeshwantrao Chavan College of Engineering,Wanadongri, Nagpur",0416735610,Electrical Engg[Electronics and Power],SEBC,Ladies,State,I,71002,74.6830629
2024,3,04167,"Yeshwantrao Chavan College of Engineering,Wanadongri, Nagpur",0416737210,Electronics and Telecommunication Engg,OPEN,General,State,I,29507,90.0724101
2024,3,04167,"Yeshwantrao Chavan College of Engineering,Wanadongri, Nagpur",0416737210,Electronics and Telecommunication Engg,ST,General,State,I,103693,60.1504384
2024,3,04167,"Yeshwantrao Chavan College of Engineering,Wanadongri, Nagpur",0416737210,Electronics and Telecommunication Engg,VJ,General,State,I,39511,86.5260265
2024,3,04167,"Yeshwantrao Chavan College of Engineering,Wanadongri, Nagpur",0416737210,Electronics and Telecommunication Engg,OPEN,Ladies,State,I,25700,91.366185
2024,3,04167,"Yeshwantrao Chavan College of Engineering,Wanadongri, Nagpur",0416737210,Electronics and Telecommunication Engg,SEBC,Ladies,State,I,116820,52.814879
2024,3,04167,"Yeshwantrao Chavan College of Engineering,Wanadongri, Nagpur",0416737210,Electronics and Telecommunication Engg,OPEN,PWD,State,I,21737,92.7315754
2024,3,04167,"Yeshwantrao Chavan College of Engineering,Wanadongri, Nagpur",0416737210,Electronics and Telecommunication Engg,OPEN,TFWS,State,I,43108,85.2662319
2024,3,04167,"Yeshwantrao Chavan College of Engineering,Wanadongri, Nagpur",0416737610,Electronics Engineering,OPEN,General,State,I,29179,90.1648893
2024,3,04167,"Yeshwantrao Chavan College of Engineering,Wanadongri, Nagpur",0416737610,Electronics Engineering,ST,General,State,I,110052,56.9588351
2024,3,04167,"Yeshwantrao Chavan College of Engineering,Wanadongri, Nagpur",0416737610,Electronics Engineering,OPEN,Ladies,State,I,36826,87.4969245
2024,3,04167,"Yeshwantrao Chavan College of Engineering,Wanadongri, Nagpur",0416737610,Electronics Engineering,SEBC,Ladies,State,I,28171,90.5124049
2024,3,04167,"Yeshwantrao Chavan College of Engineering,Wanadongri, Nagpur",0416737610,Electronics Engineering,OBC,PWD,State,I,58484,79.5290328
2024,3,04167,"Yeshwantrao Chavan College of Engineering,Wanadongri, Nagpur",0416737810,Electronics Engineering ( VLSI Design and Technology),OPEN,General,State,I,40681,86.1322362
2024,3,04167,"Yeshwantrao Chavan College of Engineering,Wanadongri, Nagpur",0416737810,Electronics Engineering ( VLSI Design and Technology),SC,General,State,I,54130,81.2928705
2024,3,04167,"Yeshwantrao Chavan College of Engineering,Wanadongri, Nagpur",0416737810,Electronics Engineering ( VLSI Design and Technology),OPEN,Ladies,State,I,34021,88.5172385
2024,3,04167,"Yeshwantrao Chavan College of Engineering,Wanadongri, Nagpur",0416737810,Electronics Engineering ( VLSI Design and Technology),SC,Ladies,State,I,56908,80.2358012
2024,3,04167,"Yeshwantrao Chavan College of Engineering,Wanadongri, Nagpur",0416737810,Electronics Engineering ( VLSI Design and Technology),SEBC,Ladies,State,I,68985,75.3591206
2024,3,04167,"Yeshwantrao Chavan College of Engineering,Wanadongri, Nagpur",0416761210,Mechanical Engineering,OPEN,General,State,I,64220,77.5959933
2024,3,04167,"Yeshwantrao Chavan College of Engineering,Wanadongri, Nagpur",0416761210,Mechanical Engineering,NT2,General,State,I,118232,52.0276576
2024,3,04167,"Yeshwantrao Chavan College of Engineering,Wanadongri, Nagpur",0416761210,Mechanical Engineering,OBC,General,State,I,69501,75.3410409
2024,3,04167,"Yeshwantrao Chavan College of Engineering,Wanadongri, Nagpur",0416761210,Mechanical Engineering,SC,Ladies,State,I,60317,78.9969285
2024,3,04167,"Yeshwantrao Chavan College of Engineering,Wanadongri, Nagpur",0416761210,Mechanical Engineering,NT2,Ladies,State,I,83606,69.4683908
2024,3,04167,"Yeshwantrao Chavan College of Engineering,Wanadongri, Nagpur",0416761210,Mechanical Engineering,OPEN,Defence,State,I,90094,66.4751458
2024,3,04167,"Yeshwantrao Chavan College of Engineering,Wanadongri, Nagpur",0416791110,Computer Science and Engineering(Artificial Intelligence and Machine Learning),OPEN,General,State,I,15030,95.033389
2024,3,04167,"Yeshwantrao Chavan College of Engineering,Wanadongri, Nagpur",0416791110,Computer Science and Engineering(Artificial Intelligence and Machine Learning),SC,General,State,I,21470,92.8488216
2024,3,04167,"Yeshwantrao Chavan College of Engineering,Wanadongri, Nagpur",0416791110,Computer Science and Engineering(Artificial Intelligence and Machine Learning),OBC,General,State,I,17596,94.163061
2024,3,04167,"Yeshwantrao Chavan College of Engineering,Wanadongri, Nagpur",0416799510,Artificial Intelligence and Data Science,OPEN,General,State,I,19640,93.4557596
2024,3,04167,"Yeshwantrao Chavan College of Engineering,Wanadongri, Nagpur",0416799510,Artificial Intelligence and Data Science,OBC,General,State,I,19673,93.4388584
2024,3,04167,"Yeshwantrao Chavan College of Engineering,Wanadongri, Nagpur",0416799510,Artificial Intelligence and Data Science,SEBC,General,State,I,53033,81.7098306
2024,3,04167,"Yeshwantrao Chavan College of Engineering,Wanadongri, Nagpur",0416799510,Artificial Intelligence and Data Science,OPEN,Ladies,State,I,21974,92.66353
2024,3,04167,"Yeshwantrao Chavan College of Engineering,Wanadongri, Nagpur",0416799510,Artificial Intelligence and Data Science,SEBC,Ladies,State,I,61686,78.2152555
2024,3,04167,"Yeshwantrao Chavan College of Engineering,Wanadongri, Nagpur",0416799510,Artificial Intelligence and Data Science,EWS,General,State,I,24392,91.8585895
2024,3,04174,"ST. Vincent Pallotti College of Engineering & Technology, Nagpur",0417419110,Civil Engineering,OPEN,General,State,I,88359,67.5033807
2024,3,04174,"ST. Vincent Pallotti College of Engineering & Technology, Nagpur",0417419110,Civil Engineering,OPEN,Ladies,State,I,63796,77.7152332
2024,3,04174,"ST. Vincent Pallotti College of Engineering & Technology, Nagpur",0417419110,Civil Engineering,OPEN,TFWS,State,I,62017,78.1973837
2024,3,04174,"ST. Vincent Pallotti College of Engineering & Technology, Nagpur",0417424510,Computer Engineering,OPEN,General,State,I,35533,88.0194481
2024,3,04174,"ST. Vincent Pallotti College of Engineering & Technology, Nagpur",0417424510,Computer Engineering,OPEN,Ladies,State,I,9823,96.7545639
2024,3,04174,"ST. Vincent Pallotti College of Engineering & Technology, Nagpur",0417424510,Computer Engineering,OPEN,TFWS,State,I,90508,66.0164943
2024,3,04175,"JMSS Shri Shankarprasad Agnihotri College of Engineering, Wardha",0417524210,Computer Science and Engineering,OPEN,General,Other,I,101603,60.596742
2024,3,04175,"JMSS Shri Shankarprasad Agnihotri College of Engineering, Wardha",0417524210,Computer Science and Engineering,OPEN,Ladies,Other,I,88944,67.0458361
2024,3,04175,"JMSS Shri Shankarprasad Agnihotri College of Engineering, Wardha",0417524210,Computer Science and Engineering,OPEN,General,Other,I,115358,53.7694785
2024,3,04175,"JMSS Shri Shankarprasad Agnihotri College of Engineering, Wardha",0417537210,Electronics and Telecommunication Engg,OPEN,General,Other,I,126538,47.0113809
2024,3,04175,"JMSS Shri Shankarprasad Agnihotri College of Engineering, Wardha",0417537210,Electronics and Telecommunication Engg,OBC,General,Other,I,147089,32.8344132
2024,3,04175,"JMSS Shri Shankarprasad Agnihotri College of Engineering, Wardha",0417537210,Electronics and Telecommunication Engg,OPEN,General,Other,I,121930,50.0353239
2024,3,04181,"Swaminarayan Siddhanta Institute Of Technology, Nagpur",0418124510,Computer Engineering,OPEN,General,Other,I,143437,35.5925864
2024,3,04181,"Swaminarayan Siddhanta Institute Of Technology, Nagpur",0418124510,Computer Engineering,SC,General,Other,I,148792,31.4286926
2024,3,04181,"Swaminarayan Siddhanta Institute Of Technology, Nagpur",0418124510,Computer Engineering,OBC,General,Other,I,146332,33.5585964
2024,3,04181,"Swaminarayan Siddhanta Institute Of Technology, Nagpur",0418124510,Computer Engineering,OPEN,Ladies,Other,I,142223,36.6283954
2024,3,04181,"Swaminarayan Siddhanta Institute Of Technology, Nagpur",0418124510,Computer Engineering,OPEN,General,Other,I,128294,46.2784017
2024,3,04181,"Swaminarayan Siddhanta Institute Of Technology, Nagpur",0418124510,Computer Engineering,OPEN,Defence,State,I,163670,18.7028082
2024,3,04181,"Swaminarayan Siddhanta Institute Of Technology, Nagpur",0418124510,Computer Engineering,OPEN,TFWS,State,I,147809,32.1785112
2024,3,04181,"Swaminarayan Siddhanta Institute Of Technology, Nagpur",0418137210,Electronics and Telecommunication Engg,OBC,General,Other,I,142963,36.0381755
2024,3,04181,"Swaminarayan Siddhanta Institute Of Technology, Nagpur",0418137210,Electronics and Telecommunication Engg,OPEN,Ladies,Other,I,146528,33.099972
2024,3,04181,"Swaminarayan Siddhanta Institute Of Technology, Nagpur",0418137210,Electronics and Telecommunication Engg,OBC,General,Other,I,175615,5.6508269
2024,3,04188,"Krushi Jivan Vikas Pratishthan, Ballarpur Institute of Technology, Mouza Bamni",0418824210,Computer Science and Engineering,OPEN,General,Other,I,111171,56.0103934
2024,3,04188,"Krushi Jivan Vikas Pratishthan, Ballarpur Institute of Technology, Mouza Bamni",0418824210,Computer Science and Engineering,OPEN,Ladies,Other,I,128744,45.5784574
2024,3,04188,"Krushi Jivan Vikas Pratishthan, Ballarpur Institute of Technology, Mouza Bamni",0418850310,Food Technology,SC,General,Other,I,156085,29.8152403
2024,3,04188,"Krushi Jivan Vikas Pratishthan, Ballarpur Institute of Technology, Mouza Bamni",0418870110,Mining Engineering,OPEN,General,Other,I,155882,25.6482713
2024,3,04188,"Krushi Jivan Vikas Pratishthan, Ballarpur Institute of Technology, Mouza Bamni",0418870110,Mining Engineering,SC,General,Other,I,176589,4.3685242
2024,3,04188,"Krushi Jivan Vikas Pratishthan, Ballarpur Institute of Technology, Mouza Bamni",0418870110,Mining Engineering,OBC,General,Other,I,171908,10.2692323
2024,3,04192,"Maitraya Education Society, Nagarjuna Institute of Engineering Technology & Management, Nagpur",0419224210,Computer Science and Engineering,OPEN,General,Other,I,115243,53.8203081
2024,3,04192,"Maitraya Education Society, Nagarjuna Institute of Engineering Technology & Management, Nagpur",0419224210,Computer Science and Engineering,OBC,General,Other,I,127925,46.3188381
2024,3,04192,"Maitraya Education Society, Nagarjuna Institute of Engineering Technology & Management, Nagpur",0419224210,Computer Science and Engineering,OPEN,General,Other,I,89933,66.4751458
2024,3,04192,"Maitraya Education Society, Nagarjuna Institute of Engineering Technology & Management, Nagpur",0419235610,Electrical Engg[Electronics and Power],OBC,General,Other,I,175940,5.1527915
2024,3,04192,"Maitraya Education Society, Nagarjuna Institute of Engineering Technology & Management, Nagpur",0419261210,Mechanical Engineering,OBC,General,Other,I,138004,39.5390798
2024,3,04192,"Maitraya Education Society, Nagarjuna Institute of Engineering Technology & Management, Nagpur",0419261210,Mechanical Engineering,OPEN,Ladies,Other,I,125428,47.6302148
2024,3,04192,"Maitraya Education Society, Nagarjuna Institute of Engineering Technology & Management, Nagpur",0419261210,Mechanical Engineering,OBC,General,Other,II,177023,3.8708587
2024,3,04193,"K.D.M. Education Society, Vidharbha Institute of Technology,Umred Road ,Nagpur",0419324210,Computer Science and Engineering,OPEN,General,State,I,130517,44.4778985
2024,3,04193,"K.D.M. Education Society, Vidharbha Institute of Technology,Umred Road ,Nagpur",0419324210,Computer Science and Engineering,OPEN,Ladies,State,I,119509,51.2170385
2024,3,04193,"K.D.M. Education Society, Vidharbha Institute of Technology,Umred Road ,Nagpur",0419324210,Computer Science and Engineering,OPEN,TFWS,State,I,137031,40.1585977
2024,3,04193,"K.D.M. Education Society, Vidharbha Institute of Technology,Umred Road ,Nagpur",0419391110,Computer Science and Engineering(Artificial Intelligence and Machine Learning),OPEN,General,State,I,110234,56.9588351
2024,3,04193,"K.D.M. Education Society, Vidharbha Institute of Technology,Umred Road ,Nagpur",0419391110,Computer Science and Engineering(Artificial Intelligence and Machine Learning),OPEN,Ladies,State,I,121015,50.6004122
2024,3,04193,"K.D.M. Education Society, Vidharbha Institute of Technology,Umred Road ,Nagpur",0419391110,Computer Science and Engineering(Artificial Intelligence and Machine Learning),OPEN,TFWS,State,I,142857,36.0381755
2024,3,04193,"K.D.M. Education Society, Vidharbha Institute of Technology,Umred Road ,Nagpur",0419391210,Computer Science and Engineering(Data Science),OPEN,General,State,I,153094,27.9969458
2024,3,04193,"K.D.M. Education Society, Vidharbha Institute of Technology,Umred Road ,Nagpur",0419391210,Computer Science and Engineering(Data Science),OPEN,Ladies,State,I,158744,22.974757
2024,3,04193,"K.D.M. Education Society, Vidharbha Institute of Technology,Umred Road ,Nagpur",0419391210,Computer Science and Engineering(Data Science),OPEN,TFWS,State,I,143210,35.6703287
2024,3,04196,"Gurunanak Educational Society's Gurunanak Institute of Technology, Nagpur",0419624210,Computer Science and Engineering,OPEN,General,Other,I,98617,62.795808
2024,3,04196,"Gurunanak Educational Society's Gurunanak Institute of Technology, Nagpur",0419624210,Computer Science and Engineering,SC,General,Other,I,105026,59.8892661
2024,3,04196,"Gurunanak Educational Society's Gurunanak Institute of Technology, Nagpur",0419624210,Computer Science and Engineering,OPEN,Ladies,Other,I,79551,71.353144
2024,3,04196,"Gurunanak Educational Society's Gurunanak Institute of Technology, Nagpur",0419624210,Computer Science and Engineering,OPEN,General,Other,I,54791,81.0378274
2024,3,04196,"Gurunanak Educational Society's Gurunanak Institute of Technology, Nagpur",0419637210,Electronics and Telecommunication Engg,OPEN,General,Other,I,117336,52.5184688
2024,3,04196,"Gurunanak Educational Society's Gurunanak Institute of Technology, Nagpur",0419637210,Electronics and Telecommunication Engg,OPEN,Ladies,Other,I,158851,22.974757
2024,3,04196,"Gurunanak Educational Society's Gurunanak Institute of Technology, Nagpur",0419637210,Electronics and Telecommunication Engg,OPEN,General,Other,I,150906,29.6395567
2024,3,04196,"Gurunanak Educational Society's Gurunanak Institute of Technology, Nagpur",0419661210,Mechanical Engineering,OPEN,General,Other,I,149268,31.3198919
2024,3,04196,"Gurunanak Educational Society's Gurunanak Institute of Technology, Nagpur",0419661210,Mechanical Engineering,OBC,General,Other,I,162916,19.2570952
2024,3,04196,"Gurunanak Educational Society's Gurunanak Institute of Technology, Nagpur",0419691010,Computer Science and Engineering(Cyber Security),OPEN,General,Other,I,105262,59.8892661
2024,3,04196,"Gurunanak Educational Society's Gurunanak Institute of Technology, Nagpur",0419691010,Computer Science and Engineering(Cyber Security),SC,General,Other,I,132328,43.4393889
2024,3,04196,"Gurunanak Educational Society's Gurunanak Institute of Technology, Nagpur",0419691010,Computer Science and Engineering(Cyber Security),OPEN,Ladies,Other,I,149622,30.954192
2024,3,04196,"Gurunanak Educational Society's Gurunanak Institute of Technology, Nagpur",0419691010,Computer Science and Engineering(Cyber Security),OPEN,General,Other,I,163455,18.7034184
2024,3,04196,"Gurunanak Educational Society's Gurunanak Institute of Technology, Nagpur",0419691010,Computer Science and Engineering(Cyber Security),OPEN,General,Other,I,125316,47.9076668
2024,3,04196,"Gurunanak Educational Society's Gurunanak Institute of Technology, Nagpur",0419691210,Computer Science and Engineering(Data Science),OPEN,General,Other,I,109192,57.1959853
2024,3,04196,"Gurunanak Educational Society's Gurunanak Institute of Technology, Nagpur",0419692110,Artificial Intelligence and Machine Learning,OPEN,General,Other,I,112104,55.2318816
2024,3,04196,"Gurunanak Educational Society's Gurunanak Institute of Technology, Nagpur",0419692110,Artificial Intelligence and Machine Learning,OBC,General,Other,I,139228,38.8659877
2024,3,04196,"Gurunanak Educational Society's Gurunanak Institute of Technology, Nagpur",0419692110,Artificial Intelligence and Machine Learning,OPEN,General,Other,I,113730,54.3568289
2024,3,04197,"Jai Mahakali Shikshan Sanstha, Agnihotri College of Engineering, Sindhi(Meghe)",0419724210,Computer Science and Engineering,OPEN,General,Other,I,117873,52.0861037
2024,3,04197,"Jai Mahakali Shikshan Sanstha, Agnihotri College of Engineering, Sindhi(Meghe)",0419724210,Computer Science and Engineering,OPEN,Ladies,Other,I,110730,56.5649954
2024,3,04285,"V M Institute of Engineering and Technology, Dongargaon, Nagpur",0428519110,Civil Engineering,OPEN,General,Other,I,152276,28.7003692
2024,3,04285,"V M Institute of Engineering and Technology, Dongargaon, Nagpur",0428519110,Civil Engineering,SC,General,Other,I,156165,25.5936912
2024,3,04285,"V M Institute of Engineering and Technology, Dongargaon, Nagpur",0428519110,Civil Engineering,OBC,General,Other,I,173753,7.8773225
2024,3,04285,"V M Institute of Engineering and Technology, Dongargaon, Nagpur",0428524610,Information Technology,OPEN,General,Other,I,129004,45.521922
2024,3,04285,"V M Institute of Engineering and Technology, Dongargaon, Nagpur",0428524610,Information Technology,OBC,General,Other,I,159750,22.2282247
2024,3,04285,"V M Institute of Engineering and Technology, Dongargaon, Nagpur",0428524610,Information Technology,OPEN,Defence,State,I,131673,43.8452614
2024,3,04285,"V M Institute of Engineering and Technology, Dongargaon, Nagpur",0428529310,Electrical Engineering,OPEN,General,Other,I,141637,36.9291471
2024,3,04285,"V M Institute of Engineering and Technology, Dongargaon, Nagpur",0428529310,Electrical Engineering,SC,General,Other,I,162339,19.5522021
2024,3,04285,"V M Institute of Engineering and Technology, Dongargaon, Nagpur",0428561210,Mechanical Engineering,OPEN,General,Other,I,158434,23.9858471
2024,3,04285,"V M Institute of Engineering and Technology, Dongargaon, Nagpur",0428561210,Mechanical Engineering,SC,General,Other,I,173263,8.5313833
2024,3,04285,"V M Institute of Engineering and Technology, Dongargaon, Nagpur",0428561210,Mechanical Engineering,OBC,General,Other,I,167204,15.4858883
2024,3,04285,"V M Institute of Engineering and Technology, Dongargaon, Nagpur",0428561210,Mechanical Engineering,OPEN,Ladies,Other,I,177343,3.245658
2024,3,04613,"Suryodaya College of Engineering & Technology, Nagpur",0461319110,Civil Engineering,OPEN,General,State,I,122527,49.6193645
2024,3,04613,"Suryodaya College of Engineering & Technology, Nagpur",0461319110,Civil Engineering,SC,General,State,I,126772,47.0113809
2024,3,04613,"Suryodaya College of Engineering & Technology, Nagpur",0461319110,Civil Engineering,NT1,General,State,I,136479,40.2848342
2024,3,04613,"Suryodaya College of Engineering & Technology, Nagpur",0461319110,Civil Engineering,OBC,General,State,I,134678,42.1597155
2024,3,04613,"Suryodaya College of Engineering & Technology, Nagpur",0461319110,Civil Engineering,OBC,Ladies,State,I,125408,47.9076668
2024,3,04613,"Suryodaya College of Engineering & Technology, Nagpur",0461324510,Computer Engineering,OPEN,General,State,I,82765,69.7639628
2024,3,04613,"Suryodaya College of Engineering & Technology, Nagpur",0461324510,Computer Engineering,SC,General,State,I,89126,66.8505265
2024,3,04613,"Suryodaya College of Engineering & Technology, Nagpur",0461324510,Computer Engineering,ST,General,State,I,134763,42.1597155
2024,3,04613,"Suryodaya College of Engineering & Technology, Nagpur",0461324510,Computer Engineering,NT2,General,State,I,146864,32.8923205
2024,3,04613,"Suryodaya College of Engineering & Technology, Nagpur",0461324510,Computer Engineering,OBC,General,State,I,83473,69.627936
2024,3,04613,"Suryodaya College of Engineering & Technology, Nagpur",0461324510,Computer Engineering,SEBC,General,State,I,80090,70.889365
2024,3,04613,"Suryodaya College of Engineering & Technology, Nagpur",0461324510,Computer Engineering,OPEN,Ladies,State,I,94878,63.9612515
2024,3,04613,"Suryodaya College of Engineering & Technology, Nagpur",0461324510,Computer Engineering,SC,Ladies,State,I,145947,33.6953839
2024,3,04613,"Suryodaya College of Engineering & Technology, Nagpur",0461324510,Computer Engineering,VJ,Ladies,State,I,82647,69.800376
2024,3,04613,"Suryodaya College of Engineering & Technology, Nagpur",0461326510,Industrial IoT,OPEN,General,State,I,91275,65.8812284
2024,3,04613,"Suryodaya College of Engineering & Technology, Nagpur",0461326510,Industrial IoT,SC,General,State,I,102883,60.2921536
2024,3,04613,"Suryodaya College of Engineering & Technology, Nagpur",0461326510,Industrial IoT,OBC,General,State,I,95542,63.5370419
2024,3,04613,"Suryodaya College of Engineering & Technology, Nagpur",0461326510,Industrial IoT,SEBC,General,State,I,114381,54.0859766
2024,3,04613,"Suryodaya College of Engineering & Technology, Nagpur",0461329310,Electrical Engineering,OPEN,General,State,I,117457,52.2046883
2024,3,04613,"Suryodaya College of Engineering & Technology, Nagpur",0461329310,Electrical Engineering,SC,General,State,I,119206,51.2170385
2024,3,04613,"Suryodaya College of Engineering & Technology, Nagpur",0461329310,Electrical Engineering,ST,General,State,I,161786,20.9331029
2024,3,04613,"Suryodaya College of Engineering & Technology, Nagpur",0461329310,Electrical Engineering,SEBC,General,State,I,118422,52.0276576
2024,3,04613,"Suryodaya College of Engineering & Technology, Nagpur",0461329310,Electrical Engineering,OBC,Ladies,State,I,122293,49.7949643
2024,3,04613,"Suryodaya College of Engineering & Technology, Nagpur",0461329310,Electrical Engineering,OPEN,TFWS,State,I,153478,27.815423
2024,3,04613,"Suryodaya College of Engineering & Technology, Nagpur",0461337210,Electronics and Telecommunication Engg,OPEN,General,State,I,92619,65.4406319
2024,3,04613,"Suryodaya College of Engineering & Technology, Nagpur",0461337210,Electronics and Telecommunication Engg,SC,General,State,I,98891,62.7875345
2024,3,04613,"Suryodaya College of Engineering & Technology, Nagpur",0461337210,Electronics and Telecommunication Engg,OBC,General,State,I,103398,60.2294112
2024,3,04613,"Suryodaya College of Engineering & Technology, Nagpur",0461337210,Electronics and Telecommunication Engg,OPEN,Ladies,State,I,96819,63.0759599
2024,3,04613,"Suryodaya College of Engineering & Technology, Nagpur",0461337210,Electronics and Telecommunication Engg,OBC,Ladies,State,I,100120,61.6354671
2024,3,04613,"Suryodaya College of Engineering & Technology, Nagpur",0461337210,Electronics and Telecommunication Engg,OPEN,PWD,State,I,81679,70.4092512
2024,3,04613,"Suryodaya College of Engineering & Technology, Nagpur",0461361210,Mechanical Engineering,OPEN,General,State,I,127209,46.3828235
2024,3,04613,"Suryodaya College of Engineering & Technology, Nagpur",0461361210,Mechanical Engineering,SC,General,State,I,130150,44.5064233
2024,3,04613,"Suryodaya College of Engineering & Technology, Nagpur",0461361210,Mechanical Engineering,NT2,General,State,I,128736,45.5784574
2024,3,04613,"Suryodaya College of Engineering & Technology, Nagpur",0461361210,Mechanical Engineering,OPEN,Ladies,State,I,130409,44.5064233
2024,3,04613,"Suryodaya College of Engineering & Technology, Nagpur",0461361210,Mechanical Engineering,OBC,Ladies,State,I,96104,63.2687832
2024,3,04613,"Suryodaya College of Engineering & Technology, Nagpur",0461391210,Computer Science and Engineering(Data Science),NT2,General,State,I,143081,35.6703287
2024,3,04613,"Suryodaya College of Engineering & Technology, Nagpur",0461391210,Computer Science and Engineering(Data Science),NT3,General,State,I,97704,62.902955
2024,3,04613,"Suryodaya College of Engineering & Technology, Nagpur",0461391210,Computer Science and Engineering(Data Science),OBC,General,State,I,70892,74.6830629
2024,3,04679,"Karanjekar College of Engineering & Management, Sakoli",0467999710,Artificial Intelligence,OPEN,General,Other,I,133839,42.2216419
2024,3,04679,"Karanjekar College of Engineering & Management, Sakoli",0467999710,Artificial Intelligence,OPEN,Ladies,Other,I,158305,23.9858471
2024,3,04703,"Somayya Institute of Technology, Chandrapur",0470324210,Computer Science and Engineering,OPEN,General,Other,I,123553,48.777949
2024,3,04703,"Somayya Institute of Technology, Chandrapur",0470324210,Computer Science and Engineering,SC,General,Other,I,179227,0.6048929
2024,3,04703,"Somayya Institute of Technology, Chandrapur",0470324210,Computer Science and Engineering,OBC,General,Other,I,150932,29.6395567
2024,3,04703,"Somayya Institute of Technology, Chandrapur",0470324210,Computer Science and Engineering,OPEN,Defence,State,I,123868,48.6637821
2024,3,05003,"University Institute of Chemical Technology, North Maharashtra University, Jalgaon",0500350710,Chemical Engineering,OPEN,General,Other,I,77472,72.1239122
2024,3,05003,"University Institute of Chemical Technology, North Maharashtra University, Jalgaon",0500350710,Chemical Engineering,OBC,General,Other,I,80021,70.889365
2024,3,05003,"University Institute of Chemical Technology, North Maharashtra University, Jalgaon",0500350710,Chemical Engineering,OPEN,Ladies,Other,I,54300,81.2084441
2024,3,05003,"University Institute of Chemical Technology, North Maharashtra University, Jalgaon",0500350710,Chemical Engineering,OPEN,General,Other,I,107368,57.8688386
2024,3,05004,"Government College of Engineering, Jalgaon",0500419110,Civil Engineering,OPEN,General,State,I,61060,78.5613347
2024,3,05004,"Government College of Engineering, Jalgaon",0500419110,Civil Engineering,SC,General,State,I,81193,70.5008347
2024,3,05004,"Government College of Engineering, Jalgaon",0500419110,Civil Engineering,ST,General,State,I,144729,34.805294
2024,3,05004,"Government College of Engineering, Jalgaon",0500419110,Civil Engineering,OBC,General,State,I,84316,69.2652564
2024,3,05004,"Government College of Engineering, Jalgaon",0500419110,Civil Engineering,OPEN,Ladies,State,I,88457,67.5033807
2024,3,05004,"Government College of Engineering, Jalgaon",0500419110,Civil Engineering,OBC,Ladies,State,I,128542,45.5784574
2024,3,05004,"Government College of Engineering, Jalgaon",0500419110,Civil Engineering,SEBC,Ladies,State,I,105588,59.3445914
2024,3,05004,"Government College of Engineering, Jalgaon",0500419110,Civil Engineering,OPEN,General,State,II,139730,38.5392182
2024,3,05004,"Government College of Engineering, Jalgaon",0500424510,Computer Engineering,OPEN,General,State,I,23239,92.2801912
2024,3,05004,"Government College of Engineering, Jalgaon",0500424510,Computer Engineering,SC,General,State,I,41196,85.9343121
2024,3,05004,"Government College of Engineering, Jalgaon",0500424510,Computer Engineering,ST,General,State,I,72778,73.8893284
2024,3,05004,"Government College of Engineering, Jalgaon",0500424510,Computer Engineering,NT1,General,State,I,44532,84.6402007
2024,3,05004,"Government College of Engineering, Jalgaon",0500424510,Computer Engineering,OBC,General,State,I,25063,91.6309281
2024,3,05004,"Government College of Engineering, Jalgaon",0500424510,Computer Engineering,OPEN,Ladies,State,I,27912,90.6140311
2024,3,05004,"Government College of Engineering, Jalgaon",0500424510,Computer Engineering,SC,Ladies,State,I,46149,84.2156613
2024,3,05004,"Government College of Engineering, Jalgaon",0500424510,Computer Engineering,NT3,Ladies,State,I,93213,65.2878345
2024,3,05004,"Government College of Engineering, Jalgaon",0500424510,Computer Engineering,OBC,Ladies,State,I,31269,89.4519884
2024,3,05004,"Government College of Engineering, Jalgaon",0500424510,Computer Engineering,SEBC,Ladies,State,I,63014,77.8410928
2024,3,05004,"Government College of Engineering, Jalgaon",0500424510,Computer Engineering,OBC,PWD,State,I,14146,95.3015716
2024,3,05004,"Government College of Engineering, Jalgaon",0500424510,Computer Engineering,OPEN,TFWS,State,I,90571,66.0164943
2024,3,05004,"Government College of Engineering, Jalgaon",0500424510,Computer Engineering,SEBC,Defence,State,I,49843,82.7778711
2024,3,05004,"Government College of Engineering, Jalgaon",0500429310,Electrical Engineering,OPEN,General,State,I,61675,78.2152555
2024,3,05004,"Government College of Engineering, Jalgaon",0500429310,Electrical Engineering,SC,General,State,I,64842,76.933232
2024,3,05004,"Government College of Engineering, Jalgaon",0500429310,Electrical Engineering,VJ,General,State,I,113942,54.1800379
2024,3,05004,"Government College of Engineering, Jalgaon",0500429310,Electrical Engineering,NT3,General,State,I,131511,43.9565943
2024,3,05004,"Government College of Engineering, Jalgaon",0500429310,Electrical Engineering,OBC,General,State,I,69099,75.3591206
2024,3,05004,"Government College of Engineering, Jalgaon",0500429310,Electrical Engineering,SEBC,General,State,I,104320,60.0743746
2024,3,05004,"Government College of Engineering, Jalgaon",0500429310,Electrical Engineering,OPEN,Ladies,State,I,67943,76.0337773
2024,3,05004,"Government College of Engineering, Jalgaon",0500429310,Electrical Engineering,VJ,Ladies,State,I,121287,50.6004122
2024,3,05004,"Government College of Engineering, Jalgaon",0500429310,Electrical Engineering,OBC,Ladies,State,I,69804,75.2159961
2024,3,05004,"Government College of Engineering, Jalgaon",0500429310,Electrical Engineering,OBC,PWD,State,I,179152,0.7099391
2024,3,05004,"Government College of Engineering, Jalgaon",0500437210,Electronics and Telecommunication Engg,OPEN,General,State,I,34307,88.4426131
2024,3,05004,"Government College of Engineering, Jalgaon",0500437210,Electronics and Telecommunication Engg,VJ,General,State,I,76747,72.3242844
2024,3,05004,"Government College of Engineering, Jalgaon",0500437210,Electronics and Telecommunication Engg,NT1,General,State,I,55069,80.9741447
2024,3,05004,"Government College of Engineering, Jalgaon",0500437210,Electronics and Telecommunication Engg,NT2,General,State,I,53893,81.3738935
2024,3,05004,"Government College of Engineering, Jalgaon",0500437210,Electronics and Telecommunication Engg,OBC,General,State,I,38245,86.8966951
2024,3,05004,"Government College of Engineering, Jalgaon",0500437210,Electronics and Telecommunication Engg,OPEN,Ladies,State,I,31600,89.3071786
2024,3,05004,"Government College of Engineering, Jalgaon",0500437210,Electronics and Telecommunication Engg,NT2,Ladies,State,I,111932,55.2318816
2024,3,05004,"Government College of Engineering, Jalgaon",0500437210,Electronics and Telecommunication Engg,SEBC,Ladies,State,I,50162,82.7090241
2024,3,05004,"Government College of Engineering, Jalgaon",0500437210,Electronics and Telecommunication Engg,OPEN,PWD,State,I,40758,86.1227045
2024,3,05004,"Government College of Engineering, Jalgaon",0500437210,Electronics and Telecommunication Engg,OBC,Defence,State,I,100950,60.8485656
2024,3,05004,"Government College of Engineering, Jalgaon",0500446610,Instrumentation Engineering,OPEN,General,State,I,118107,52.0861037
2024,3,05004,"Government College of Engineering, Jalgaon",0500446610,Instrumentation Engineering,SC,General,State,I,145065,34.8002089
2024,3,05004,"Government College of Engineering, Jalgaon",0500446610,Instrumentation Engineering,ST,General,State,I,175704,5.5604039
2024,3,05004,"Government College of Engineering, Jalgaon",0500446610,Instrumentation Engineering,VJ,General,State,I,131775,43.8452614
2024,3,05004,"Government College of Engineering, Jalgaon",0500446610,Instrumentation Engineering,NT1,General,State,I,123114,49.513096
2024,3,05004,"Government College of Engineering, Jalgaon",0500446610,Instrumentation Engineering,NT3,General,State,I,117407,52.5184688
2024,3,05004,"Government College of Engineering, Jalgaon",0500446610,Instrumentation Engineering,OBC,General,State,I,126736,47.0113809
2024,3,05004,"Government College of Engineering, Jalgaon",0500446610,Instrumentation Engineering,SEBC,General,State,I,131553,43.8452614
2024,3,05004,"Government College of Engineering, Jalgaon",0500446610,Instrumentation Engineering,OPEN,General,State,II,179036,0.8891044
2024,3,05004,"Government College of Engineering, Jalgaon",0500446610,Instrumentation Engineering,SC,General,State,II,137466,39.7481853
2024,3,05004,"Government College of Engineering, Jalgaon",0500461210,Mechanical Engineering,OPEN,General,State,I,62458,78.1496564
2024,3,05004,"Government College of Engineering, Jalgaon",0500461210,Mechanical Engineering,SC,General,State,I,90084,66.4751458
2024,3,05004,"Government College of Engineering, Jalgaon",0500461210,Mechanical Engineering,ST,General,State,I,82332,69.8140377
2024,3,05004,"Government College of Engineering, Jalgaon",0500461210,Mechanical Engineering,VJ,General,State,I,126471,47.0113809
2024,3,05004,"Government College of Engineering, Jalgaon",0500461210,Mechanical Engineering,NT2,General,State,I,82008,70.2544031
2024,3,05004,"Government College of Engineering, Jalgaon",0500461210,Mechanical Engineering,OBC,General,State,I,136910,40.1585977
2024,3,05004,"Government College of Engineering, Jalgaon",0500461210,Mechanical Engineering,SEBC,General,State,I,101611,60.596742
2024,3,05004,"Government College of Engineering, Jalgaon",0500461210,Mechanical Engineering,OPEN,Ladies,State,I,159374,22.4081803
2024,3,05004,"Government College of Engineering, Jalgaon",0500461210,Mechanical Engineering,ST,Ladies,State,I,91386,65.722735
2024,3,05004,"Government College of Engineering, Jalgaon",0500461210,Mechanical Engineering,NT3,Ladies,State,I,166037,16.2979967
2024,3,05103,"Shri Shivaji Vidya Prasarak Sanstha's Late Bapusaheb Shivaji Rao Deore College of Engineering,Dhule",0510324510,Computer Engineering,OPEN,General,Other,I,50801,82.4751693
2024,3,05103,"Shri Shivaji Vidya Prasarak Sanstha's Late Bapusaheb Shivaji Rao Deore College of Engineering,Dhule",0510324510,Computer Engineering,OBC,General,Other,I,152696,28.0884374
2024,3,05103,"Shri Shivaji Vidya Prasarak Sanstha's Late Bapusaheb Shivaji Rao Deore College of Engineering,Dhule",0510324510,Computer Engineering,OPEN,Ladies,Other,I,141902,36.6611018
2024,3,05103,"Shri Shivaji Vidya Prasarak Sanstha's Late Bapusaheb Shivaji Rao Deore College of Engineering,Dhule",0510324510,Computer Engineering,OPEN,Defence,State,I,144457,34.8626522
2024,3,05103,"Shri Shivaji Vidya Prasarak Sanstha's Late Bapusaheb Shivaji Rao Deore College of Engineering,Dhule",0510324510,Computer Engineering,OPEN,Orphan,State,I,150087,30.8566205
2024,3,05103,"Shri Shivaji Vidya Prasarak Sanstha's Late Bapusaheb Shivaji Rao Deore College of Engineering,Dhule",0510337210,Electronics and Telecommunication Engg,OBC,Defence,State,I,90187,66.1855163
2024,3,05103,"Shri Shivaji Vidya Prasarak Sanstha's Late Bapusaheb Shivaji Rao Deore College of Engineering,Dhule",0510337210,Electronics and Telecommunication Engg,OPEN,TFWS,State,I,178101,2.3525003
2024,3,05103,"Shri Shivaji Vidya Prasarak Sanstha's Late Bapusaheb Shivaji Rao Deore College of Engineering,Dhule",0510384410,Electronics and Computer Engineering,OPEN,General,Other,I,99309,62.7216425
2024,3,05103,"Shri Shivaji Vidya Prasarak Sanstha's Late Bapusaheb Shivaji Rao Deore College of Engineering,Dhule",0510384410,Electronics and Computer Engineering,OBC,General,Other,I,102295,60.5030966
2024,3,05103,"Shri Shivaji Vidya Prasarak Sanstha's Late Bapusaheb Shivaji Rao Deore College of Engineering,Dhule",0510384410,Electronics and Computer Engineering,OPEN,General,Other,I,99267,62.7216425
2024,3,05104,"Shramsadhana Bombay Trust, College of Engineering & Technology, Jalgaon",0510424510,Computer Engineering,OPEN,General,Other,I,58382,79.6526596
2024,3,05104,"Shramsadhana Bombay Trust, College of Engineering & Technology, Jalgaon",0510424510,Computer Engineering,SC,General,Other,I,121518,50.0957604
2024,3,05104,"Shramsadhana Bombay Trust, College of Engineering & Technology, Jalgaon",0510424510,Computer Engineering,OPEN,General,Other,I,121045,50.6004122
2024,3,05104,"Shramsadhana Bombay Trust, College of Engineering & Technology, Jalgaon",0510424510,Computer Engineering,OPEN,General,Other,I,101954,60.546705
2024,3,05104,"Shramsadhana Bombay Trust, College of Engineering & Technology, Jalgaon",0510437210,Electronics and Telecommunication Engg,OPEN,General,Other,I,92965,65.3627105
2024,3,05104,"Shramsadhana Bombay Trust, College of Engineering & Technology, Jalgaon",0510437210,Electronics and Telecommunication Engg,OBC,General,Other,I,107279,57.8688386
2024,3,05104,"Shramsadhana Bombay Trust, College of Engineering & Technology, Jalgaon",0510450710,Chemical Engineering,OPEN,Ladies,Other,I,167546,15.1214416
2024,3,05106,"Khandesh College Education Society's College Of Engineering And Management, Jalgaon",0510624510,Computer Engineering,OPEN,General,Other,I,94106,64.9513096
2024,3,05106,"Khandesh College Education Society's College Of Engineering And Management, Jalgaon",0510624510,Computer Engineering,OPEN,Ladies,Other,I,134179,42.2207447
2024,3,05106,"Khandesh College Education Society's College Of Engineering And Management, Jalgaon",0510624510,Computer Engineering,OPEN,General,Other,II,142864,36.0381755
2024,3,05106,"Khandesh College Education Society's College Of Engineering And Management, Jalgaon",0510624510,Computer Engineering,OPEN,TFWS,State,I,104699,59.9791975
2024,3,05106,"Khandesh College Education Society's College Of Engineering And Management, Jalgaon",0510624510,Computer Engineering,EWS,General,State,I,150473,30.4575002
2024,3,05108,"Maratha Vidya Prasarak Samaj's Karmaveer Adv. Baburao Ganpatrao Thakare College Of Engineering, Nashik",0510819110,Civil Engineering,SC,General,State,I,125631,47.6302148
2024,3,05108,"Maratha Vidya Prasarak Samaj's Karmaveer Adv. Baburao Ganpatrao Thakare College Of Engineering, Nashik",0510819110,Civil Engineering,OBC,General,State,I,89170,66.8505265
2024,3,05108,"Maratha Vidya Prasarak Samaj's Karmaveer Adv. Baburao Ganpatrao Thakare College Of Engineering, Nashik",0510819110,Civil Engineering,SEBC,General,State,I,91865,65.5509182
2024,3,05108,"Maratha Vidya Prasarak Samaj's Karmaveer Adv. Baburao Ganpatrao Thakare College Of Engineering, Nashik",0510819110,Civil Engineering,OPEN,Ladies,State,I,96189,63.2687832
2024,3,05108,"Maratha Vidya Prasarak Samaj's Karmaveer Adv. Baburao Ganpatrao Thakare College Of Engineering, Nashik",0510824510,Computer Engineering,OPEN,General,State,I,17397,94.2112699
2024,3,05108,"Maratha Vidya Prasarak Samaj's Karmaveer Adv. Baburao Ganpatrao Thakare College Of Engineering, Nashik",0510824510,Computer Engineering,ST,General,State,I,98168,62.8351694
2024,3,05108,"Maratha Vidya Prasarak Samaj's Karmaveer Adv. Baburao Ganpatrao Thakare College Of Engineering, Nashik",0510824610,Information Technology,OPEN,General,State,I,27007,90.9279807
2024,3,05108,"Maratha Vidya Prasarak Samaj's Karmaveer Adv. Baburao Ganpatrao Thakare College Of Engineering, Nashik",0510824610,Information Technology,SC,General,State,I,61880,78.2152555
2024,3,05108,"Maratha Vidya Prasarak Samaj's Karmaveer Adv. Baburao Ganpatrao Thakare College Of Engineering, Nashik",0510824610,Information Technology,OBC,General,State,I,28197,90.5124049
2024,3,05108,"Maratha Vidya Prasarak Samaj's Karmaveer Adv. Baburao Ganpatrao Thakare College Of Engineering, Nashik",0510824610,Information Technology,SEBC,General,State,I,62398,78.1496564
2024,3,05108,"Maratha Vidya Prasarak Samaj's Karmaveer Adv. Baburao Ganpatrao Thakare College Of Engineering, Nashik",0510824610,Information Technology,OPEN,Ladies,State,I,23952,92.0088098
2024,3,05108,"Maratha Vidya Prasarak Samaj's Karmaveer Adv. Baburao Ganpatrao Thakare College Of Engineering, Nashik",0510824610,Information Technology,OBC,PWD,State,I,22329,92.5934223
2024,3,05108,"Maratha Vidya Prasarak Samaj's Karmaveer Adv. Baburao Ganpatrao Thakare College Of Engineering, Nashik",0510824610,Information Technology,OPEN,TFWS,State,I,43505,85.1704164
2024,3,05108,"Maratha Vidya Prasarak Samaj's Karmaveer Adv. Baburao Ganpatrao Thakare College Of Engineering, Nashik",0510826310,Artificial Intelligence (AI) and Data Science,OPEN,General,State,I,26925,90.9377099
2024,3,05108,"Maratha Vidya Prasarak Samaj's Karmaveer Adv. Baburao Ganpatrao Thakare College Of Engineering, Nashik",0510826310,Artificial Intelligence (AI) and Data Science,SC,General,State,I,68891,75.5247196
2024,3,05108,"Maratha Vidya Prasarak Samaj's Karmaveer Adv. Baburao Ganpatrao Thakare College Of Engineering, Nashik",0510826310,Artificial Intelligence (AI) and Data Science,ST,General,State,I,96241,63.2687832
2024,3,05108,"Maratha Vidya Prasarak Samaj's Karmaveer Adv. Baburao Ganpatrao Thakare College Of Engineering, Nashik",0510826310,Artificial Intelligence (AI) and Data Science,VJ,General,State,I,56035,80.5896708
2024,3,05108,"Maratha Vidya Prasarak Samaj's Karmaveer Adv. Baburao Ganpatrao Thakare College Of Engineering, Nashik",0510826310,Artificial Intelligence (AI) and Data Science,OBC,General,State,I,28223,90.5124049
2024,3,05108,"Maratha Vidya Prasarak Samaj's Karmaveer Adv. Baburao Ganpatrao Thakare College Of Engineering, Nashik",0510826310,Artificial Intelligence (AI) and Data Science,SC,Ladies,State,I,83445,69.627936
2024,3,05108,"Maratha Vidya Prasarak Samaj's Karmaveer Adv. Baburao Ganpatrao Thakare College Of Engineering, Nashik",0510829310,Electrical Engineering,OPEN,General,State,I,66079,76.6199764
2024,3,05108,"Maratha Vidya Prasarak Samaj's Karmaveer Adv. Baburao Ganpatrao Thakare College Of Engineering, Nashik",0510829310,Electrical Engineering,OBC,General,State,I,66976,76.3630319
2024,3,05108,"Maratha Vidya Prasarak Samaj's Karmaveer Adv. Baburao Ganpatrao Thakare College Of Engineering, Nashik",0510829310,Electrical Engineering,OPEN,Ladies,State,I,58999,79.4895283
2024,3,05108,"Maratha Vidya Prasarak Samaj's Karmaveer Adv. Baburao Ganpatrao Thakare College Of Engineering, Nashik",0510829310,Electrical Engineering,SC,Ladies,State,I,122863,49.513096
2024,3,05108,"Maratha Vidya Prasarak Samaj's Karmaveer Adv. Baburao Ganpatrao Thakare College Of Engineering, Nashik",0510837210,Electronics and Telecommunication Engg,OPEN,General,State,I,45929,84.2430574
2024,3,05108,"Maratha Vidya Prasarak Samaj's Karmaveer Adv. Baburao Ganpatrao Thakare College Of Engineering, Nashik",0510837210,Electronics and Telecommunication Engg,OBC,General,State,I,49391,82.8590175
2024,3,05108,"Maratha Vidya Prasarak Samaj's Karmaveer Adv. Baburao Ganpatrao Thakare College Of Engineering, Nashik",0510837210,Electronics and Telecommunication Engg,OPEN,Ladies,State,I,42392,85.4383663
2024,3,05108,"Maratha Vidya Prasarak Samaj's Karmaveer Adv. Baburao Ganpatrao Thakare College Of Engineering, Nashik",0510837210,Electronics and Telecommunication Engg,OBC,Ladies,State,I,45755,84.3179513
2024,3,05108,"Maratha Vidya Prasarak Samaj's Karmaveer Adv. Baburao Ganpatrao Thakare College Of Engineering, Nashik",0510846410,Instrumentation and Control Engineering,OPEN,General,State,I,54692,81.0485225
2024,3,05108,"Maratha Vidya Prasarak Samaj's Karmaveer Adv. Baburao Ganpatrao Thakare College Of Engineering, Nashik",0510846410,Instrumentation and Control Engineering,OBC,General,State,I,61820,78.2152555
2024,3,05108,"Maratha Vidya Prasarak Samaj's Karmaveer Adv. Baburao Ganpatrao Thakare College Of Engineering, Nashik",0510846410,Instrumentation and Control Engineering,SEBC,General,State,I,107952,57.3310702
2024,3,05108,"Maratha Vidya Prasarak Samaj's Karmaveer Adv. Baburao Ganpatrao Thakare College Of Engineering, Nashik",0510846410,Instrumentation and Control Engineering,OPEN,Ladies,State,I,54601,81.0485225
2024,3,05108,"Maratha Vidya Prasarak Samaj's Karmaveer Adv. Baburao Ganpatrao Thakare College Of Engineering, Nashik",0510846410,Instrumentation and Control Engineering,OPEN,TFWS,State,I,33997,88.5172385
2024,3,05108,"Maratha Vidya Prasarak Samaj's Karmaveer Adv. Baburao Ganpatrao Thakare College Of Engineering, Nashik",0510861210,Mechanical Engineering,OPEN,General,State,I,59783,79.1318865
2024,3,05108,"Maratha Vidya Prasarak Samaj's Karmaveer Adv. Baburao Ganpatrao Thakare College Of Engineering, Nashik",0510861210,Mechanical Engineering,SC,General,State,I,118659,51.7862916
2024,3,05108,"Maratha Vidya Prasarak Samaj's Karmaveer Adv. Baburao Ganpatrao Thakare College Of Engineering, Nashik",0510861210,Mechanical Engineering,VJ,General,State,I,115821,53.7424491
2024,3,05108,"Maratha Vidya Prasarak Samaj's Karmaveer Adv. Baburao Ganpatrao Thakare College Of Engineering, Nashik",0510861210,Mechanical Engineering,OPEN,Ladies,State,I,71844,74.3614357
2024,3,05108,"Maratha Vidya Prasarak Samaj's Karmaveer Adv. Baburao Ganpatrao Thakare College Of Engineering, Nashik",0510861210,Mechanical Engineering,SC,Ladies,State,I,150714,30.3265615
2024,3,05108,"Maratha Vidya Prasarak Samaj's Karmaveer Adv. Baburao Ganpatrao Thakare College Of Engineering, Nashik",0510861210,Mechanical Engineering,OPEN,General,State,II,151205,29.3071786
2024,3,05109,"Sandip Foundation, Sandip Institute of Technology and Research Centre, Mahiravani, Nashik",0510919110,Civil Engineering,OPEN,General,State,I,117917,52.0861037
2024,3,05109,"Sandip Foundation, Sandip Institute of Technology and Research Centre, Mahiravani, Nashik",0510919110,Civil Engineering,SC,General,State,I,147526,32.2475132
2024,3,05109,"Sandip Foundation, Sandip Institute of Technology and Research Centre, Mahiravani, Nashik",0510919110,Civil Engineering,ST,General,State,I,150471,30.4575002
2024,3,05109,"Sandip Foundation, Sandip Institute of Technology and Research Centre, Mahiravani, Nashik",0510919110,Civil Engineering,NT1,General,State,I,142775,36.0381755
2024,3,05109,"Sandip Foundation, Sandip Institute of Technology and Research Centre, Mahiravani, Nashik",0510919110,Civil Engineering,OBC,General,State,I,121614,50.0957604
2024,3,05109,"Sandip Foundation, Sandip Institute of Technology and Research Centre, Mahiravani, Nashik",0510919110,Civil Engineering,SEBC,General,State,I,155576,25.6745674
2024,3,05109,"Sandip Foundation, Sandip Institute of Technology and Research Centre, Mahiravani, Nashik",0510919110,Civil Engineering,OPEN,Ladies,State,I,122972,49.513096
2024,3,05109,"Sandip Foundation, Sandip Institute of Technology and Research Centre, Mahiravani, Nashik",0510919110,Civil Engineering,ST,Ladies,State,I,125317,47.9076668
2024,3,05109,"Sandip Foundation, Sandip Institute of Technology and Research Centre, Mahiravani, Nashik",0510924510,Computer Engineering,OPEN,General,State,I,54668,81.0485225
2024,3,05109,"Sandip Foundation, Sandip Institute of Technology and Research Centre, Mahiravani, Nashik",0510924510,Computer Engineering,SC,General,State,I,64169,77.5959933
2024,3,05109,"Sandip Foundation, Sandip Institute of Technology and Research Centre, Mahiravani, Nashik",0510924510,Computer Engineering,ST,General,State,I,106871,58.1158577
2024,3,05109,"Sandip Foundation, Sandip Institute of Technology and Research Centre, Mahiravani, Nashik",0510924510,Computer Engineering,VJ,General,State,I,76770,72.3242844
2024,3,05109,"Sandip Foundation, Sandip Institute of Technology and Research Centre, Mahiravani, Nashik",0510924510,Computer Engineering,NT1,General,State,I,65537,76.7776254
2024,3,05109,"Sandip Foundation, Sandip Institute of Technology and Research Centre, Mahiravani, Nashik",0510924510,Computer Engineering,OBC,General,State,I,56912,80.2358012
2024,3,05109,"Sandip Foundation, Sandip Institute of Technology and Research Centre, Mahiravani, Nashik",0510924510,Computer Engineering,SEBC,General,State,I,67199,76.2466193
2024,3,05109,"Sandip Foundation, Sandip Institute of Technology and Research Centre, Mahiravani, Nashik",0510924510,Computer Engineering,OPEN,Ladies,State,I,52340,81.8420405
2024,3,05109,"Sandip Foundation, Sandip Institute of Technology and Research Centre, Mahiravani, Nashik",0510924510,Computer Engineering,SC,Ladies,State,I,68003,76.0337773
2024,3,05109,"Sandip Foundation, Sandip Institute of Technology and Research Centre, Mahiravani, Nashik",0510924510,Computer Engineering,OBC,Ladies,State,I,57254,80.0921435
2024,3,05109,"Sandip Foundation, Sandip Institute of Technology and Research Centre, Mahiravani, Nashik",0510924510,Computer Engineering,SEBC,Ladies,State,I,66458,76.5404634
2024,3,05109,"Sandip Foundation, Sandip Institute of Technology and Research Centre, Mahiravani, Nashik",0510924510,Computer Engineering,OPEN,PWD,State,I,151329,29.3071786
2024,3,05109,"Sandip Foundation, Sandip Institute of Technology and Research Centre, Mahiravani, Nashik",0510924510,Computer Engineering,OPEN,TFWS,State,I,44071,84.8307457
2024,3,05109,"Sandip Foundation, Sandip Institute of Technology and Research Centre, Mahiravani, Nashik",0510924510,Computer Engineering,OPEN,Orphan,State,I,142277,36.6283954
2024,3,05109,"Sandip Foundation, Sandip Institute of Technology and Research Centre, Mahiravani, Nashik",0510924610,Information Technology,OPEN,General,State,I,56098,80.5896708
2024,3,05109,"Sandip Foundation, Sandip Institute of Technology and Research Centre, Mahiravani, Nashik",0510924610,Information Technology,OBC,General,State,I,58978,79.4895283
2024,3,05109,"Sandip Foundation, Sandip Institute of Technology and Research Centre, Mahiravani, Nashik",0510924610,Information Technology,SEBC,General,State,I,73256,73.7956676
2024,3,05109,"Sandip Foundation, Sandip Institute of Technology and Research Centre, Mahiravani, Nashik",0510924610,Information Technology,OPEN,Ladies,State,I,40164,86.2190813
2024,3,05109,"Sandip Foundation, Sandip Institute of Technology and Research Centre, Mahiravani, Nashik",0510924610,Information Technology,ST,Ladies,State,I,171493,10.8434786
2024,3,05109,"Sandip Foundation, Sandip Institute of Technology and Research Centre, Mahiravani, Nashik",0510924610,Information Technology,VJ,Ladies,State,I,89827,66.4751458
2024,3,05109,"Sandip Foundation, Sandip Institute of Technology and Research Centre, Mahiravani, Nashik",0510924610,Information Technology,EWS,General,State,I,112034,55.2318816
2024,3,05109,"Sandip Foundation, Sandip Institute of Technology and Research Centre, Mahiravani, Nashik",0510929310,Electrical Engineering,OPEN,General,State,I,96788,63.2340107
2024,3,05109,"Sandip Foundation, Sandip Institute of Technology and Research Centre, Mahiravani, Nashik",0510929310,Electrical Engineering,NT1,General,State,I,145820,34.1954023
2024,3,05109,"Sandip Foundation, Sandip Institute of Technology and Research Centre, Mahiravani, Nashik",0510929310,Electrical Engineering,NT2,General,State,I,128120,46.2784017
2024,3,05109,"Sandip Foundation, Sandip Institute of Technology and Research Centre, Mahiravani, Nashik",0510929310,Electrical Engineering,OBC,General,State,I,103791,60.1504384
2024,3,05109,"Sandip Foundation, Sandip Institute of Technology and Research Centre, Mahiravani, Nashik",0510929310,Electrical Engineering,OPEN,Ladies,State,I,90740,65.9366282
2024,3,05109,"Sandip Foundation, Sandip Institute of Technology and Research Centre, Mahiravani, Nashik",0510929310,Electrical Engineering,SC,Ladies,State,I,125908,47.4576949
2024,3,05109,"Sandip Foundation, Sandip Institute of Technology and Research Centre, Mahiravani, Nashik",0510929310,Electrical Engineering,NT3,Ladies,State,I,126941,46.5102928
2024,3,05109,"Sandip Foundation, Sandip Institute of Technology and Research Centre, Mahiravani, Nashik",0510929310,Electrical Engineering,OBC,Ladies,State,I,100991,60.8485656
2024,3,05109,"Sandip Foundation, Sandip Institute of Technology and Research Centre, Mahiravani, Nashik",0510929310,Electrical Engineering,OPEN,PWD,State,I,145304,34.5790896
2024,3,05109,"Sandip Foundation, Sandip Institute of Technology and Research Centre, Mahiravani, Nashik",0510937210,Electronics and Telecommunication Engg,OPEN,General,State,I,67637,76.1268781
2024,3,05109,"Sandip Foundation, Sandip Institute of Technology and Research Centre, Mahiravani, Nashik",0510937210,Electronics and Telecommunication Engg,SC,General,State,I,110118,56.9588351
2024,3,05109,"Sandip Foundation, Sandip Institute of Technology and Research Centre, Mahiravani, Nashik",0510937210,Electronics and Telecommunication Engg,ST,General,State,I,168724,13.647753
2024,3,05109,"Sandip Foundation, Sandip Institute of Technology and Research Centre, Mahiravani, Nashik",0510937210,Electronics and Telecommunication Engg,NT3,General,State,I,93298,65.2878345
2024,3,05109,"Sandip Foundation, Sandip Institute of Technology and Research Centre, Mahiravani, Nashik",0510937210,Electronics and Telecommunication Engg,SEBC,General,State,I,77010,72.2338818
2024,3,05109,"Sandip Foundation, Sandip Institute of Technology and Research Centre, Mahiravani, Nashik",0510937210,Electronics and Telecommunication Engg,OPEN,Ladies,State,I,71637,74.3785526
2024,3,05109,"Sandip Foundation, Sandip Institute of Technology and Research Centre, Mahiravani, Nashik",0510937210,Electronics and Telecommunication Engg,SC,Ladies,State,I,119243,51.2170385
2024,3,05109,"Sandip Foundation, Sandip Institute of Technology and Research Centre, Mahiravani, Nashik",0510937210,Electronics and Telecommunication Engg,NT2,Ladies,State,I,75068,73.112247
2024,3,05109,"Sandip Foundation, Sandip Institute of Technology and Research Centre, Mahiravani, Nashik",0510937210,Electronics and Telecommunication Engg,OBC,Ladies,State,I,72021,74.3614357
2024,3,05109,"Sandip Foundation, Sandip Institute of Technology and Research Centre, Mahiravani, Nashik",0510937210,Electronics and Telecommunication Engg,EWS,General,State,I,166772,15.6816655
2024,3,05109,"Sandip Foundation, Sandip Institute of Technology and Research Centre, Mahiravani, Nashik",0510956610,Computer Science,OPEN,General,State,I,27809,90.7095159
2024,3,05109,"Sandip Foundation, Sandip Institute of Technology and Research Centre, Mahiravani, Nashik",0510956610,Computer Science,SC,General,State,I,76931,72.2338818
2024,3,05109,"Sandip Foundation, Sandip Institute of Technology and Research Centre, Mahiravani, Nashik",0510956610,Computer Science,NT2,General,State,I,61546,78.4440843
2024,3,05109,"Sandip Foundation, Sandip Institute of Technology and Research Centre, Mahiravani, Nashik",0510956610,Computer Science,SEBC,General,State,I,77188,72.1467831
2024,3,05109,"Sandip Foundation, Sandip Institute of Technology and Research Centre, Mahiravani, Nashik",0510956610,Computer Science,SEBC,Ladies,State,I,67076,76.2466193
2024,3,05109,"Sandip Foundation, Sandip Institute of Technology and Research Centre, Mahiravani, Nashik",0510956610,Computer Science,OPEN,Defence,State,I,69204,75.3516004
2024,3,05109,"Sandip Foundation, Sandip Institute of Technology and Research Centre, Mahiravani, Nashik",0510956610,Computer Science,EWS,General,State,I,138972,38.8659877
2024,3,05109,"Sandip Foundation, Sandip Institute of Technology and Research Centre, Mahiravani, Nashik",0510961210,Mechanical Engineering,OPEN,General,State,I,97123,63.0759599
2024,3,05109,"Sandip Foundation, Sandip Institute of Technology and Research Centre, Mahiravani, Nashik",0510961210,Mechanical Engineering,OBC,General,State,I,112619,55.0733859
2024,3,05109,"Sandip Foundation, Sandip Institute of Technology and Research Centre, Mahiravani, Nashik",0510961210,Mechanical Engineering,SEBC,General,State,I,98352,62.8351694
2024,3,05109,"Sandip Foundation, Sandip Institute of Technology and Research Centre, Mahiravani, Nashik",0510961210,Mechanical Engineering,OPEN,Ladies,State,I,158551,23.9454765
2024,3,05109,"Sandip Foundation, Sandip Institute of Technology and Research Centre, Mahiravani, Nashik",0510991610,Automation and Robotics,OPEN,General,State,I,85001,68.7156482
2024,3,05109,"Sandip Foundation, Sandip Institute of Technology and Research Centre, Mahiravani, Nashik",0510991610,Automation and Robotics,SC,General,State,I,102376,60.5030966
2024,3,05109,"Sandip Foundation, Sandip Institute of Technology and Research Centre, Mahiravani, Nashik",0510991610,Automation and Robotics,ST,General,State,I,90788,65.9366282
2024,3,05109,"Sandip Foundation, Sandip Institute of Technology and Research Centre, Mahiravani, Nashik",0510991610,Automation and Robotics,OBC,General,State,I,92998,65.2878345
2024,3,05109,"Sandip Foundation, Sandip Institute of Technology and Research Centre, Mahiravani, Nashik",0510991610,Automation and Robotics,OPEN,Ladies,State,I,96792,63.2340107
2024,3,05109,"Sandip Foundation, Sandip Institute of Technology and Research Centre, Mahiravani, Nashik",0510992110,Artificial Intelligence and Machine Learning,OPEN,General,State,I,61064,78.5613347
2024,3,05109,"Sandip Foundation, Sandip Institute of Technology and Research Centre, Mahiravani, Nashik",0510992110,Artificial Intelligence and Machine Learning,ST,General,State,I,129005,45.521922
2024,3,05109,"Sandip Foundation, Sandip Institute of Technology and Research Centre, Mahiravani, Nashik",0510992110,Artificial Intelligence and Machine Learning,OBC,General,State,I,61227,78.4507504
2024,3,05109,"Sandip Foundation, Sandip Institute of Technology and Research Centre, Mahiravani, Nashik",0510992110,Artificial Intelligence and Machine Learning,OPEN,Defence,State,I,131584,43.8452614
2024,3,05109,"Sandip Foundation, Sandip Institute of Technology and Research Centre, Mahiravani, Nashik",0510992110,Artificial Intelligence and Machine Learning,OPEN,TFWS,State,I,51416,82.1878954
2024,3,05109,"Sandip Foundation, Sandip Institute of Technology and Research Centre, Mahiravani, Nashik",0510992110,Artificial Intelligence and Machine Learning,OPEN,Orphan,State,I,143111,35.6703287
2024,3,05109,"Sandip Foundation, Sandip Institute of Technology and Research Centre, Mahiravani, Nashik",0510999510,Artificial Intelligence and Data Science,OPEN,General,State,I,34172,88.5013511
2024,3,05109,"Sandip Foundation, Sandip Institute of Technology and Research Centre, Mahiravani, Nashik",0510999510,Artificial Intelligence and Data Science,SC,General,State,I,78434,71.7115
2024,3,05109,"Sandip Foundation, Sandip Institute of Technology and Research Centre, Mahiravani, Nashik",0510999510,Artificial Intelligence and Data Science,OBC,General,State,I,62980,77.8410928
2024,3,05109,"Sandip Foundation, Sandip Institute of Technology and Research Centre, Mahiravani, Nashik",0510999510,Artificial Intelligence and Data Science,OPEN,Ladies,State,I,61620,78.4440843
2024,3,05109,"Sandip Foundation, Sandip Institute of Technology and Research Centre, Mahiravani, Nashik",0510999510,Artificial Intelligence and Data Science,OBC,Ladies,State,I,65182,76.8897938
2024,3,05109,"Sandip Foundation, Sandip Institute of Technology and Research Centre, Mahiravani, Nashik",0510999510,Artificial Intelligence and Data Science,SEBC,Ladies,State,I,63199,77.8250739
2024,3,05121,"K. K. Wagh Institute of Engineering Education and Research, Nashik",0512119110,Civil Engineering,OPEN,General,State,I,65061,76.8897938
2024,3,05121,"K. K. Wagh Institute of Engineering Education and Research, Nashik",0512119110,Civil Engineering,SC,General,State,I,105081,59.8892661
2024,3,05121,"K. K. Wagh Institute of Engineering Education and Research, Nashik",0512119110,Civil Engineering,NT1,General,State,I,103452,60.2294112
2024,3,05121,"K. K. Wagh Institute of Engineering Education and Research, Nashik",0512119110,Civil Engineering,OBC,General,State,I,75115,73.112247
2024,3,05121,"K. K. Wagh Institute of Engineering Education and Research, Nashik",0512119110,Civil Engineering,SEBC,General,State,I,158856,22.974757
2024,3,05121,"K. K. Wagh Institute of Engineering Education and Research, Nashik",0512119110,Civil Engineering,NT2,Ladies,State,I,91118,65.8812284
2024,3,05121,"K. K. Wagh Institute of Engineering Education and Research, Nashik",0512119110,Civil Engineering,NT3,Ladies,State,I,77257,72.1467831
2024,3,05121,"K. K. Wagh Institute of Engineering Education and Research, Nashik",0512119110,Civil Engineering,OBC,Ladies,State,I,69002,75.3591206
2024,3,05121,"K. K. Wagh Institute of Engineering Education and Research, Nashik",0512119110,Civil Engineering,OPEN,PWD,State,I,95368,63.5370419
2024,3,05121,"K. K. Wagh Institute of Engineering Education and Research, Nashik",0512121910,Robotics and Automation,OPEN,General,State,I,23276,92.2550706
2024,3,05121,"K. K. Wagh Institute of Engineering Education and Research, Nashik",0512121910,Robotics and Automation,SEBC,General,State,I,43992,84.8482325
2024,3,05121,"K. K. Wagh Institute of Engineering Education and Research, Nashik",0512121910,Robotics and Automation,OPEN,Ladies,State,I,35341,88.0525374
2024,3,05121,"K. K. Wagh Institute of Engineering Education and Research, Nashik",0512121910,Robotics and Automation,OBC,Ladies,State,I,37593,87.2784734
2024,3,05121,"K. K. Wagh Institute of Engineering Education and Research, Nashik",0512124510,Computer Engineering,OPEN,General,State,I,3255,98.8552276
2024,3,05121,"K. K. Wagh Institute of Engineering Education and Research, Nashik",0512124510,Computer Engineering,OBC,General,State,I,10171,96.6266214
2024,3,05121,"K. K. Wagh Institute of Engineering Education and Research, Nashik",0512124510,Computer Engineering,SEBC,General,State,I,13882,95.3912021
2024,3,05121,"K. K. Wagh Institute of Engineering Education and Research, Nashik",0512124610,Information Technology,OPEN,General,State,I,13256,95.6320635
2024,3,05121,"K. K. Wagh Institute of Engineering Education and Research, Nashik",0512124610,Information Technology,SEBC,General,State,I,20273,93.2547779
2024,3,05121,"K. K. Wagh Institute of Engineering Education and Research, Nashik",0512124610,Information Technology,OPEN,Ladies,State,I,13273,95.5827675
2024,3,05121,"K. K. Wagh Institute of Engineering Education and Research, Nashik",0512124610,Information Technology,SC,Ladies,State,I,37073,87.4495947
2024,3,05121,"K. K. Wagh Institute of Engineering Education and Research, Nashik",0512124610,Information Technology,OBC,Ladies,State,I,15981,94.689576
2024,3,05121,"K. K. Wagh Institute of Engineering Education and Research, Nashik",0512124610,Information Technology,OPEN,Orphan,State,I,21042,92.9851251
2024,3,05121,"K. K. Wagh Institute of Engineering Education and Research, Nashik",0512125710,Computer Science and Design,OPEN,General,State,I,19127,93.6707809
2024,3,05121,"K. K. Wagh Institute of Engineering Education and Research, Nashik",0512125710,Computer Science and Design,SC,General,State,I,44786,84.5942451
2024,3,05121,"K. K. Wagh Institute of Engineering Education and Research, Nashik",0512125710,Computer Science and Design,OBC,General,State,I,20416,93.2139295
2024,3,05121,"K. K. Wagh Institute of Engineering Education and Research, Nashik",0512125710,Computer Science and Design,SEBC,General,State,I,27987,90.5913294
2024,3,05121,"K. K. Wagh Institute of Engineering Education and Research, Nashik",0512129310,Electrical Engineering,OPEN,General,State,I,35177,88.1140239
2024,3,05121,"K. K. Wagh Institute of Engineering Education and Research, Nashik",0512129310,Electrical Engineering,SC,General,State,I,73347,73.7956676
2024,3,05121,"K. K. Wagh Institute of Engineering Education and Research, Nashik",0512129310,Electrical Engineering,OBC,General,State,I,38353,86.889129
2024,3,05121,"K. K. Wagh Institute of Engineering Education and Research, Nashik",0512129310,Electrical Engineering,OPEN,Ladies,State,I,43777,85.0743746
2024,3,05121,"K. K. Wagh Institute of Engineering Education and Research, Nashik",0512129310,Electrical Engineering,SC,Ladies,State,I,69297,75.3516004
2024,3,05121,"K. K. Wagh Institute of Engineering Education and Research, Nashik",0512129310,Electrical Engineering,EWS,General,State,I,60999,78.81049
2024,3,05121,"K. K. Wagh Institute of Engineering Education and Research, Nashik",0512137210,Electronics and Telecommunication Engg,OBC,General,State,I,21379,92.8912908
2024,3,05121,"K. K. Wagh Institute of Engineering Education and Research, Nashik",0512137210,Electronics and Telecommunication Engg,SEBC,General,State,I,31177,89.4519884
2024,3,05121,"K. K. Wagh Institute of Engineering Education and Research, Nashik",0512137210,Electronics and Telecommunication Engg,NT1,Ladies,State,I,72365,74.1162962
2024,3,05121,"K. K. Wagh Institute of Engineering Education and Research, Nashik",0512137210,Electronics and Telecommunication Engg,OBC,Ladies,State,I,21219,92.9153295
2024,3,05121,"K. K. Wagh Institute of Engineering Education and Research, Nashik",0512137210,Electronics and Telecommunication Engg,SEBC,Ladies,State,I,47249,83.7440631
2024,3,05121,"K. K. Wagh Institute of Engineering Education and Research, Nashik",0512137210,Electronics and Telecommunication Engg,OPEN,PWD,State,I,51681,82.1493863
2024,3,05121,"K. K. Wagh Institute of Engineering Education and Research, Nashik",0512150710,Chemical Engineering,OPEN,General,State,I,49481,82.8590175
2024,3,05121,"K. K. Wagh Institute of Engineering Education and Research, Nashik",0512150710,Chemical Engineering,ST,General,State,I,58572,79.5290328
2024,3,05121,"K. K. Wagh Institute of Engineering Education and Research, Nashik",0512150710,Chemical Engineering,OBC,General,State,I,103856,60.1504384
2024,3,05121,"K. K. Wagh Institute of Engineering Education and Research, Nashik",0512150710,Chemical Engineering,SEBC,General,State,I,42006,85.5052176
2024,3,05121,"K. K. Wagh Institute of Engineering Education and Research, Nashik",0512150710,Chemical Engineering,OPEN,Ladies,State,I,71228,74.5088207
2024,3,05121,"K. K. Wagh Institute of Engineering Education and Research, Nashik",0512150710,Chemical Engineering,ST,Ladies,State,I,93390,65.2298851
2024,3,05121,"K. K. Wagh Institute of Engineering Education and Research, Nashik",0512150710,Chemical Engineering,NT3,Ladies,State,I,44104,84.8307457
2024,3,05121,"K. K. Wagh Institute of Engineering Education and Research, Nashik",0512150710,Chemical Engineering,OBC,Ladies,State,I,112877,55.0733859
2024,3,05121,"K. K. Wagh Institute of Engineering Education and Research, Nashik",0512161210,Mechanical Engineering,OPEN,General,State,I,38334,86.8966951
2024,3,05121,"K. K. Wagh Institute of Engineering Education and Research, Nashik",0512161210,Mechanical Engineering,NT2,General,State,I,53904,81.3738935
2024,3,05121,"K. K. Wagh Institute of Engineering Education and Research, Nashik",0512161210,Mechanical Engineering,OBC,General,State,I,38491,86.8553381
2024,3,05121,"K. K. Wagh Institute of Engineering Education and Research, Nashik",0512161210,Mechanical Engineering,SC,Ladies,State,I,103206,60.2294112
2024,3,05121,"K. K. Wagh Institute of Engineering Education and Research, Nashik",0512199510,Artificial Intelligence and Data Science,SC,General,State,I,35442,88.0209851
2024,3,05121,"K. K. Wagh Institute of Engineering Education and Research, Nashik",0512199510,Artificial Intelligence and Data Science,OBC,General,State,I,15439,94.8378933
2024,3,05121,"K. K. Wagh Institute of Engineering Education and Research, Nashik",0512199510,Artificial Intelligence and Data Science,OPEN,Ladies,State,I,18452,93.871008
2024,3,05121,"K. K. Wagh Institute of Engineering Education and Research, Nashik",0512199510,Artificial Intelligence and Data Science,SC,Ladies,State,I,43267,85.2572473
2024,3,05121,"K. K. Wagh Institute of Engineering Education and Research, Nashik",0512199510,Artificial Intelligence and Data Science,SEBC,Ladies,State,I,29542,90.0724101
2024,3,05121,"K. K. Wagh Institute of Engineering Education and Research, Nashik",0512199510,Artificial Intelligence and Data Science,EWS,General,State,I,31114,89.4824361
2024,3,05124,"Jagadamba Education Soc. Nashik's S.N.D. College of Engineering & Reserch, Babulgaon",0512419110,Civil Engineering,OPEN,General,Other,I,138200,39.2350823
2024,3,05124,"Jagadamba Education Soc. Nashik's S.N.D. College of Engineering & Reserch, Babulgaon",0512424510,Computer Engineering,OPEN,General,Other,I,62530,77.8466015
2024,3,05124,"Jagadamba Education Soc. Nashik's S.N.D. College of Engineering & Reserch, Babulgaon",0512424510,Computer Engineering,SC,General,Other,I,131806,43.8452614
2024,3,05124,"Jagadamba Education Soc. Nashik's S.N.D. College of Engineering & Reserch, Babulgaon",0512424510,Computer Engineering,OPEN,General,Other,I,153180,27.9969458
2024,3,05124,"Jagadamba Education Soc. Nashik's S.N.D. College of Engineering & Reserch, Babulgaon",0512424510,Computer Engineering,OPEN,General,Other,I,107100,57.9919409
2024,3,05124,"Jagadamba Education Soc. Nashik's S.N.D. College of Engineering & Reserch, Babulgaon",0512429310,Electrical Engineering,OBC,General,Other,I,166446,15.9989858
2024,3,05124,"Jagadamba Education Soc. Nashik's S.N.D. College of Engineering & Reserch, Babulgaon",0512429310,Electrical Engineering,OPEN,Ladies,Other,I,133658,42.2216419
2024,3,05124,"Jagadamba Education Soc. Nashik's S.N.D. College of Engineering & Reserch, Babulgaon",0512429310,Electrical Engineering,OBC,General,Other,I,113651,54.3568289
2024,3,05124,"Jagadamba Education Soc. Nashik's S.N.D. College of Engineering & Reserch, Babulgaon",0512461210,Mechanical Engineering,SC,General,Other,I,167589,15.1214416
2024,3,05124,"Jagadamba Education Soc. Nashik's S.N.D. College of Engineering & Reserch, Babulgaon",0512461210,Mechanical Engineering,OBC,General,Other,I,125498,47.6302148
2024,3,05124,"Jagadamba Education Soc. Nashik's S.N.D. College of Engineering & Reserch, Babulgaon",0512462410,Mechatronics Engineering,OPEN,General,Other,I,141390,37.2130338
2024,3,05124,"Jagadamba Education Soc. Nashik's S.N.D. College of Engineering & Reserch, Babulgaon",0512462410,Mechatronics Engineering,OBC,General,Other,I,159463,22.4081803
2024,3,05124,"Jagadamba Education Soc. Nashik's S.N.D. College of Engineering & Reserch, Babulgaon",0512462410,Mechatronics Engineering,OPEN,Defence,State,I,137841,39.5390798
2024,3,05125,"Pravara Rural Education Society's Sir Visvesvaraya Institute of Technology, Chincholi Dist. Nashik",0512524510,Computer Engineering,OPEN,General,Other,I,81354,70.4817329
2024,3,05125,"Pravara Rural Education Society's Sir Visvesvaraya Institute of Technology, Chincholi Dist. Nashik",0512524510,Computer Engineering,SC,General,Other,I,124145,48.6138054
2024,3,05125,"Pravara Rural Education Society's Sir Visvesvaraya Institute of Technology, Chincholi Dist. Nashik",0512524510,Computer Engineering,OPEN,Ladies,Other,I,113756,54.3568289
2024,3,05125,"Pravara Rural Education Society's Sir Visvesvaraya Institute of Technology, Chincholi Dist. Nashik",0512524510,Computer Engineering,OPEN,General,Other,I,72741,73.8893284
2024,3,05125,"Pravara Rural Education Society's Sir Visvesvaraya Institute of Technology, Chincholi Dist. Nashik",0512524510,Computer Engineering,SC,General,Other,I,125939,47.4576949
2024,3,05125,"Pravara Rural Education Society's Sir Visvesvaraya Institute of Technology, Chincholi Dist. Nashik",0512524610,Information Technology,OPEN,General,Other,I,86790,67.8622856
2024,3,05125,"Pravara Rural Education Society's Sir Visvesvaraya Institute of Technology, Chincholi Dist. Nashik",0512524610,Information Technology,OPEN,General,Other,I,159013,22.5662265
2024,3,05125,"Pravara Rural Education Society's Sir Visvesvaraya Institute of Technology, Chincholi Dist. Nashik",0512550710,Chemical Engineering,SC,General,Other,I,95830,63.5258359
2024,3,05125,"Pravara Rural Education Society's Sir Visvesvaraya Institute of Technology, Chincholi Dist. Nashik",0512550710,Chemical Engineering,OPEN,Ladies,Other,I,137449,39.7481853
2024,3,05125,"Pravara Rural Education Society's Sir Visvesvaraya Institute of Technology, Chincholi Dist. Nashik",0512584410,Electronics and Computer Engineering,OPEN,General,Other,I,120377,50.8618056
2024,3,05125,"Pravara Rural Education Society's Sir Visvesvaraya Institute of Technology, Chincholi Dist. Nashik",0512584410,Electronics and Computer Engineering,OBC,General,Other,I,122261,49.7949643
2024,3,05125,"Pravara Rural Education Society's Sir Visvesvaraya Institute of Technology, Chincholi Dist. Nashik",0512584410,Electronics and Computer Engineering,OPEN,Ladies,Other,I,98949,62.7875345
2024,3,05125,"Pravara Rural Education Society's Sir Visvesvaraya Institute of Technology, Chincholi Dist. Nashik",0512584410,Electronics and Computer Engineering,OPEN,General,Other,I,113665,54.3568289
2024,3,05125,"Pravara Rural Education Society's Sir Visvesvaraya Institute of Technology, Chincholi Dist. Nashik",0512584410,Electronics and Computer Engineering,OBC,General,Other,I,146131,33.6953839
2024,3,05130,"Brahma Valley College of Engineering & Research, Trimbakeshwar, Nashik",0513019110,Civil Engineering,OPEN,General,Other,I,153224,27.815423
2024,3,05130,"Brahma Valley College of Engineering & Research, Trimbakeshwar, Nashik",0513019110,Civil Engineering,SC,General,Other,I,156152,25.5936912
2024,3,05130,"Brahma Valley College of Engineering & Research, Trimbakeshwar, Nashik",0513024510,Computer Engineering,OPEN,General,Other,I,75219,73.112247
2024,3,05130,"Brahma Valley College of Engineering & Research, Trimbakeshwar, Nashik",0513024510,Computer Engineering,SC,General,Other,I,93605,65.2298851
2024,3,05130,"Brahma Valley College of Engineering & Research, Trimbakeshwar, Nashik",0513024510,Computer Engineering,OBC,General,Other,I,105388,59.3445914
2024,3,05130,"Brahma Valley College of Engineering & Research, Trimbakeshwar, Nashik",0513024510,Computer Engineering,OPEN,Ladies,Other,I,89001,67.0458361
2024,3,05130,"Brahma Valley College of Engineering & Research, Trimbakeshwar, Nashik",0513024510,Computer Engineering,OPEN,Defence,State,I,90364,66.1855163
2024,3,05130,"Brahma Valley College of Engineering & Research, Trimbakeshwar, Nashik",0513024510,Computer Engineering,OPEN,TFWS,State,I,162147,20.1344161
2024,3,05130,"Brahma Valley College of Engineering & Research, Trimbakeshwar, Nashik",0513029310,Electrical Engineering,OPEN,General,Other,I,128841,45.521922
2024,3,05130,"Brahma Valley College of Engineering & Research, Trimbakeshwar, Nashik",0513029310,Electrical Engineering,SC,General,Other,I,149119,31.3198919
2024,3,05130,"Brahma Valley College of Engineering & Research, Trimbakeshwar, Nashik",0513029310,Electrical Engineering,OBC,General,Other,I,134679,42.1597155
2024,3,05130,"Brahma Valley College of Engineering & Research, Trimbakeshwar, Nashik",0513061210,Mechanical Engineering,OPEN,General,Other,I,169750,12.6135136
2024,3,05130,"Brahma Valley College of Engineering & Research, Trimbakeshwar, Nashik",0513061210,Mechanical Engineering,SC,General,Other,I,167856,14.3617021
2024,3,05139,"Pravara Rural College of Engineering, Loni, Pravaranagar, Ahmednagar.",0513919110,Civil Engineering,OBC,Defence,State,I,94790,63.9612515
2024,3,05139,"Pravara Rural College of Engineering, Loni, Pravaranagar, Ahmednagar.",0513924610,Information Technology,OPEN,General,Other,I,68499,75.6212581
2024,3,05139,"Pravara Rural College of Engineering, Loni, Pravaranagar, Ahmednagar.",0513924610,Information Technology,OPEN,Ladies,Other,I,69965,75.1972801
2024,3,05139,"Pravara Rural College of Engineering, Loni, Pravaranagar, Ahmednagar.",0513924610,Information Technology,OPEN,General,Other,I,101782,60.546705
2024,3,05139,"Pravara Rural College of Engineering, Loni, Pravaranagar, Ahmednagar.",0513937210,Electronics and Telecommunication Engg,OPEN,General,Other,I,59517,79.1872032
2024,3,05139,"Pravara Rural College of Engineering, Loni, Pravaranagar, Ahmednagar.",0513937210,Electronics and Telecommunication Engg,OBC,General,Other,I,82070,70.2544031
2024,3,05139,"Pravara Rural College of Engineering, Loni, Pravaranagar, Ahmednagar.",0513937210,Electronics and Telecommunication Engg,OPEN,General,Other,II,113227,54.3920183
2024,3,05139,"Pravara Rural College of Engineering, Loni, Pravaranagar, Ahmednagar.",0513937210,Electronics and Telecommunication Engg,OBC,General,Other,II,109031,57.1959853
2024,3,05139,"Pravara Rural College of Engineering, Loni, Pravaranagar, Ahmednagar.",0513937210,Electronics and Telecommunication Engg,OPEN,General,Other,I,73367,73.7956676
2024,3,05139,"Pravara Rural College of Engineering, Loni, Pravaranagar, Ahmednagar.",0513946410,Instrumentation and Control Engineering,OPEN,Ladies,Other,I,104544,60.0743746
2024,3,05139,"Pravara Rural College of Engineering, Loni, Pravaranagar, Ahmednagar.",0513946410,Instrumentation and Control Engineering,OPEN,Ladies,Other,I,111309,55.8763225
2024,3,05139,"Pravara Rural College of Engineering, Loni, Pravaranagar, Ahmednagar.",0513950710,Chemical Engineering,OPEN,General,Other,I,93626,65.2298851
2024,3,05139,"Pravara Rural College of Engineering, Loni, Pravaranagar, Ahmednagar.",0513950710,Chemical Engineering,OPEN,General,Other,I,80406,70.8722936
2024,3,05139,"Pravara Rural College of Engineering, Loni, Pravaranagar, Ahmednagar.",0513961210,Mechanical Engineering,OPEN,General,Other,I,115165,53.8203081
2024,3,05139,"Pravara Rural College of Engineering, Loni, Pravaranagar, Ahmednagar.",0513961210,Mechanical Engineering,OPEN,Ladies,Other,I,150770,30.3265615
2024,3,05139,"Pravara Rural College of Engineering, Loni, Pravaranagar, Ahmednagar.",0513961210,Mechanical Engineering,OPEN,General,Other,I,114849,54.0550229
2024,3,05139,"Pravara Rural College of Engineering, Loni, Pravaranagar, Ahmednagar.",0513961210,Mechanical Engineering,OPEN,General,Other,I,76992,72.2338818
2024,3,05139,"Pravara Rural College of Engineering, Loni, Pravaranagar, Ahmednagar.",0513991610,Automation and Robotics,OPEN,General,Other,I,119609,51.1396363
2024,3,05139,"Pravara Rural College of Engineering, Loni, Pravaranagar, Ahmednagar.",0513991610,Automation and Robotics,OPEN,General,Other,I,70432,74.9709109
2024,3,05151,"MET Bhujbal Knowledge City MET League's Engineering College, Adgaon, Nashik.",0515119110,Civil Engineering,OPEN,General,Other,I,85629,68.4737144
2024,3,05151,"MET Bhujbal Knowledge City MET League's Engineering College, Adgaon, Nashik.",0515119110,Civil Engineering,OBC,General,Other,I,114029,54.1800379
2024,3,05151,"MET Bhujbal Knowledge City MET League's Engineering College, Adgaon, Nashik.",0515119110,Civil Engineering,OPEN,Ladies,Other,I,123354,48.8696809
2024,3,05151,"MET Bhujbal Knowledge City MET League's Engineering College, Adgaon, Nashik.",0515119110,Civil Engineering,OPEN,General,Other,I,166863,15.5975889
2024,3,05151,"MET Bhujbal Knowledge City MET League's Engineering College, Adgaon, Nashik.",0515129310,Electrical Engineering,OPEN,General,Other,I,78630,71.5965758
2024,3,05151,"MET Bhujbal Knowledge City MET League's Engineering College, Adgaon, Nashik.",0515129310,Electrical Engineering,OPEN,General,Other,I,54369,81.2084441
2024,3,05151,"MET Bhujbal Knowledge City MET League's Engineering College, Adgaon, Nashik.",0515161210,Mechanical Engineering,OPEN,General,Other,I,86158,68.1767082
2024,3,05151,"MET Bhujbal Knowledge City MET League's Engineering College, Adgaon, Nashik.",0515161210,Mechanical Engineering,OBC,General,Other,I,93928,65.0377535
2024,3,05151,"MET Bhujbal Knowledge City MET League's Engineering College, Adgaon, Nashik.",0515161210,Mechanical Engineering,OPEN,Ladies,Other,I,119581,51.1396363
2024,3,05151,"MET Bhujbal Knowledge City MET League's Engineering College, Adgaon, Nashik.",0515161210,Mechanical Engineering,OPEN,General,Other,I,77278,72.1467831
2024,3,05152,"G H Raisoni College of Engineering and Management, Jalgaon",0515224210,Computer Science and Engineering,OPEN,General,State,I,80884,70.5215521
2024,3,05152,"G H Raisoni College of Engineering and Management, Jalgaon",0515224210,Computer Science and Engineering,OPEN,Ladies,State,I,83647,69.4683908
2024,3,05152,"G H Raisoni College of Engineering and Management, Jalgaon",0515224210,Computer Science and Engineering,OPEN,TFWS,State,I,17983,94.0242686
2024,3,05152,"G H Raisoni College of Engineering and Management, Jalgaon",0515237210,Electronics and Telecommunication Engg,OPEN,General,State,I,107493,57.8688386
2024,3,05152,"G H Raisoni College of Engineering and Management, Jalgaon",0515237210,Electronics and Telecommunication Engg,OPEN,Ladies,State,I,114237,54.1800379
2024,3,05152,"G H Raisoni College of Engineering and Management, Jalgaon",0515237210,Electronics and Telecommunication Engg,OPEN,TFWS,State,I,66864,76.3630319
2024,3,05160,"Sanjivani Rural Education Society's Sanjivani College of Engineering, Kopargaon",0516019110,Civil Engineering,OPEN,General,State,I,75056,73.112247
2024,3,05160,"Sanjivani Rural Education Society's Sanjivani College of Engineering, Kopargaon",0516019110,Civil Engineering,ST,General,State,I,136673,40.2848342
2024,3,05160,"Sanjivani Rural Education Society's Sanjivani College of Engineering, Kopargaon",0516019110,Civil Engineering,NT1,General,State,I,109938,56.9588351
2024,3,05160,"Sanjivani Rural Education Society's Sanjivani College of Engineering, Kopargaon",0516019110,Civil Engineering,NT2,General,State,I,88861,67.0458361
2024,3,05160,"Sanjivani Rural Education Society's Sanjivani College of Engineering, Kopargaon",0516019110,Civil Engineering,OBC,General,State,I,110342,56.846611
2024,3,05160,"Sanjivani Rural Education Society's Sanjivani College of Engineering, Kopargaon",0516019110,Civil Engineering,SEBC,General,State,I,65412,76.7997668
2024,3,05160,"Sanjivani Rural Education Society's Sanjivani College of Engineering, Kopargaon",0516019110,Civil Engineering,OPEN,Ladies,State,I,98645,62.795808
2024,3,05160,"Sanjivani Rural Education Society's Sanjivani College of Engineering, Kopargaon",0516019110,Civil Engineering,SC,Ladies,State,I,76842,72.3242844
2024,3,05160,"Sanjivani Rural Education Society's Sanjivani College of Engineering, Kopargaon",0516019110,Civil Engineering,OBC,Ladies,State,I,178441,1.8070756
2024,3,05160,"Sanjivani Rural Education Society's Sanjivani College of Engineering, Kopargaon",0516024510,Computer Engineering,OPEN,General,State,I,15632,94.8163231
2024,3,05160,"Sanjivani Rural Education Society's Sanjivani College of Engineering, Kopargaon",0516024510,Computer Engineering,ST,General,State,I,51264,82.2448555
2024,3,05160,"Sanjivani Rural Education Society's Sanjivani College of Engineering, Kopargaon",0516024510,Computer Engineering,SC,Ladies,State,I,41114,85.9711131
2024,3,05160,"Sanjivani Rural Education Society's Sanjivani College of Engineering, Kopargaon",0516024610,Information Technology,VJ,General,State,I,51490,82.1766955
2024,3,05160,"Sanjivani Rural Education Society's Sanjivani College of Engineering, Kopargaon",0516024610,Information Technology,OPEN,Orphan,State,I,55812,80.5929134
2024,3,05160,"Sanjivani Rural Education Society's Sanjivani College of Engineering, Kopargaon",0516029310,Electrical Engineering,OPEN,General,State,I,39232,86.6547892
2024,3,05160,"Sanjivani Rural Education Society's Sanjivani College of Engineering, Kopargaon",0516029310,Electrical Engineering,SC,General,State,I,83130,69.7604398
2024,3,05160,"Sanjivani Rural Education Society's Sanjivani College of Engineering, Kopargaon",0516029310,Electrical Engineering,OPEN,Ladies,State,I,31364,89.3399508
2024,3,05160,"Sanjivani Rural Education Society's Sanjivani College of Engineering, Kopargaon",0516029310,Electrical Engineering,EWS,General,State,I,76488,72.5041736
2024,3,05160,"Sanjivani Rural Education Society's Sanjivani College of Engineering, Kopargaon",0516061210,Mechanical Engineering,ST,General,State,I,127320,46.3828235
2024,3,05160,"Sanjivani Rural Education Society's Sanjivani College of Engineering, Kopargaon",0516061210,Mechanical Engineering,SC,Ladies,State,I,168036,14.1948203
2024,3,05160,"Sanjivani Rural Education Society's Sanjivani College of Engineering, Kopargaon",0516061210,Mechanical Engineering,VJ,Ladies,State,I,88560,67.294477
2024,3,05160,"Sanjivani Rural Education Society's Sanjivani College of Engineering, Kopargaon",0516062410,Mechatronics Engineering,OPEN,General,State,I,38868,86.803005
2024,3,05160,"Sanjivani Rural Education Society's Sanjivani College of Engineering, Kopargaon",0516062410,Mechatronics Engineering,SC,General,State,I,82228,69.8140377
2024,3,05160,"Sanjivani Rural Education Society's Sanjivani College of Engineering, Kopargaon",0516062410,Mechatronics Engineering,SC,Ladies,State,I,80694,70.5215521
2024,3,05160,"Sanjivani Rural Education Society's Sanjivani College of Engineering, Kopargaon",0516062410,Mechatronics Engineering,EWS,General,State,I,56793,80.2743712
2024,3,05160,"Sanjivani Rural Education Society's Sanjivani College of Engineering, Kopargaon",0516084410,Electronics and Computer Engineering,OPEN,General,State,I,27706,90.7468896
2024,3,05160,"Sanjivani Rural Education Society's Sanjivani College of Engineering, Kopargaon",0516084410,Electronics and Computer Engineering,NT2,General,State,I,50269,82.7090241
2024,3,05160,"Sanjivani Rural Education Society's Sanjivani College of Engineering, Kopargaon",0516084410,Electronics and Computer Engineering,SEBC,General,State,I,33481,88.6962727
2024,3,05160,"Sanjivani Rural Education Society's Sanjivani College of Engineering, Kopargaon",0516084410,Electronics and Computer Engineering,OPEN,Ladies,State,I,26483,91.1978661
2024,3,05161,"Dr. Vithalrao Vikhe Patil College of Engineering, Ahmednagar",0516119110,Civil Engineering,OPEN,Defence,State,I,169397,13.0626183
2024,3,05161,"Dr. Vithalrao Vikhe Patil College of Engineering, Ahmednagar",0516124510,Computer Engineering,OPEN,General,Other,I,55911,80.5929134
2024,3,05161,"Dr. Vithalrao Vikhe Patil College of Engineering, Ahmednagar",0516124510,Computer Engineering,OPEN,Ladies,Other,I,46858,83.752973
2024,3,05161,"Dr. Vithalrao Vikhe Patil College of Engineering, Ahmednagar",0516124510,Computer Engineering,OPEN,General,Other,I,120146,50.9307179
2024,3,05161,"Dr. Vithalrao Vikhe Patil College of Engineering, Ahmednagar",0516124610,Information Technology,OPEN,General,Other,I,71026,74.6830629
2024,3,05161,"Dr. Vithalrao Vikhe Patil College of Engineering, Ahmednagar",0516124610,Information Technology,OBC,General,Other,I,76528,72.5041736
2024,3,05161,"Dr. Vithalrao Vikhe Patil College of Engineering, Ahmednagar",0516124610,Information Technology,OPEN,Ladies,Other,I,61283,78.4507504
2024,3,05161,"Dr. Vithalrao Vikhe Patil College of Engineering, Ahmednagar",0516124610,Information Technology,OPEN,Defence,State,I,134161,42.2207447
2024,3,05161,"Dr. Vithalrao Vikhe Patil College of Engineering, Ahmednagar",0516124610,Information Technology,OPEN,TFWS,State,I,57829,79.9360013
2024,3,05161,"Dr. Vithalrao Vikhe Patil College of Engineering, Ahmednagar",0516124610,Information Technology,EWS,General,State,I,114364,54.0859766
2024,3,05161,"Dr. Vithalrao Vikhe Patil College of Engineering, Ahmednagar",0516137210,Electronics and Telecommunication Engg,OPEN,General,Other,I,79784,71.1376941
2024,3,05161,"Dr. Vithalrao Vikhe Patil College of Engineering, Ahmednagar",0516137210,Electronics and Telecommunication Engg,SC,General,Other,I,158653,23.9454765
2024,3,05161,"Dr. Vithalrao Vikhe Patil College of Engineering, Ahmednagar",0516137210,Electronics and Telecommunication Engg,OBC,General,Other,I,83331,69.627936
2024,3,05161,"Dr. Vithalrao Vikhe Patil College of Engineering, Ahmednagar",0516137210,Electronics and Telecommunication Engg,OPEN,General,Other,I,72056,74.3614357
2024,3,05162,"Amrutvahini Sheti & Shikshan Vikas Sanstha's Amrutvahini College of Engineering, Sangamner",0516219110,Civil Engineering,OPEN,General,Other,I,137804,39.5390798
2024,3,05162,"Amrutvahini Sheti & Shikshan Vikas Sanstha's Amrutvahini College of Engineering, Sangamner",0516219110,Civil Engineering,SC,General,Other,I,162910,19.2570952
2024,3,05162,"Amrutvahini Sheti & Shikshan Vikas Sanstha's Amrutvahini College of Engineering, Sangamner",0516219110,Civil Engineering,OBC,General,Other,I,175746,5.5566668
2024,3,05162,"Amrutvahini Sheti & Shikshan Vikas Sanstha's Amrutvahini College of Engineering, Sangamner",0516219110,Civil Engineering,OPEN,Ladies,Other,I,152095,28.7732713
2024,3,05162,"Amrutvahini Sheti & Shikshan Vikas Sanstha's Amrutvahini College of Engineering, Sangamner",0516219110,Civil Engineering,OPEN,General,Other,I,166920,15.5975889
2024,3,05162,"Amrutvahini Sheti & Shikshan Vikas Sanstha's Amrutvahini College of Engineering, Sangamner",0516219110,Civil Engineering,SC,General,Other,I,150005,30.8566205
2024,3,05162,"Amrutvahini Sheti & Shikshan Vikas Sanstha's Amrutvahini College of Engineering, Sangamner",0516219110,Civil Engineering,OPEN,General,Other,I,59944,79.1318865
2024,3,05162,"Amrutvahini Sheti & Shikshan Vikas Sanstha's Amrutvahini College of Engineering, Sangamner",0516224510,Computer Engineering,OPEN,General,Other,I,25733,91.366185
2024,3,05162,"Amrutvahini Sheti & Shikshan Vikas Sanstha's Amrutvahini College of Engineering, Sangamner",0516224510,Computer Engineering,OBC,General,Other,I,43270,85.2572473
2024,3,05162,"Amrutvahini Sheti & Shikshan Vikas Sanstha's Amrutvahini College of Engineering, Sangamner",0516224510,Computer Engineering,OPEN,Ladies,Other,I,27642,90.777366
2024,3,05162,"Amrutvahini Sheti & Shikshan Vikas Sanstha's Amrutvahini College of Engineering, Sangamner",0516224510,Computer Engineering,OPEN,General,Other,I,57220,80.0921435
2024,3,05162,"Amrutvahini Sheti & Shikshan Vikas Sanstha's Amrutvahini College of Engineering, Sangamner",0516229310,Electrical Engineering,OPEN,General,Other,I,62757,77.8445199
2024,3,05162,"Amrutvahini Sheti & Shikshan Vikas Sanstha's Amrutvahini College of Engineering, Sangamner",0516229310,Electrical Engineering,OPEN,Ladies,Other,I,142748,36.0381755
2024,3,05162,"Amrutvahini Sheti & Shikshan Vikas Sanstha's Amrutvahini College of Engineering, Sangamner",0516229310,Electrical Engineering,OPEN,General,Other,I,103260,60.2294112
2024,3,05162,"Amrutvahini Sheti & Shikshan Vikas Sanstha's Amrutvahini College of Engineering, Sangamner",0516237210,Electronics and Telecommunication Engg,OPEN,General,Other,I,54664,81.0485225
2024,3,05162,"Amrutvahini Sheti & Shikshan Vikas Sanstha's Amrutvahini College of Engineering, Sangamner",0516237210,Electronics and Telecommunication Engg,OBC,General,Other,I,62259,78.1946121
2024,3,05162,"Amrutvahini Sheti & Shikshan Vikas Sanstha's Amrutvahini College of Engineering, Sangamner",0516237210,Electronics and Telecommunication Engg,OPEN,Ladies,Other,I,51326,82.1878954
2024,3,05162,"Amrutvahini Sheti & Shikshan Vikas Sanstha's Amrutvahini College of Engineering, Sangamner",0516237210,Electronics and Telecommunication Engg,OPEN,General,Other,I,68543,75.6212581
2024,3,05162,"Amrutvahini Sheti & Shikshan Vikas Sanstha's Amrutvahini College of Engineering, Sangamner",0516284410,Electronics and Computer Engineering,OPEN,General,Other,I,46272,84.1907754
2024,3,05162,"Amrutvahini Sheti & Shikshan Vikas Sanstha's Amrutvahini College of Engineering, Sangamner",0516284410,Electronics and Computer Engineering,OBC,General,Other,I,60506,78.956117
2024,3,05162,"Amrutvahini Sheti & Shikshan Vikas Sanstha's Amrutvahini College of Engineering, Sangamner",0516284410,Electronics and Computer Engineering,OPEN,General,Other,I,76002,72.7750912
2024,3,05162,"Amrutvahini Sheti & Shikshan Vikas Sanstha's Amrutvahini College of Engineering, Sangamner",0516291610,Automation and Robotics,OPEN,General,Other,I,76294,72.6095528
2024,3,05162,"Amrutvahini Sheti & Shikshan Vikas Sanstha's Amrutvahini College of Engineering, Sangamner",0516291610,Automation and Robotics,OBC,General,Other,I,84326,69.2652564
2024,3,05162,"Amrutvahini Sheti & Shikshan Vikas Sanstha's Amrutvahini College of Engineering, Sangamner",0516291610,Automation and Robotics,OPEN,Ladies,Other,I,77100,72.2338818
2024,3,05162,"Amrutvahini Sheti & Shikshan Vikas Sanstha's Amrutvahini College of Engineering, Sangamner",0516291610,Automation and Robotics,OPEN,General,Other,I,103777,60.1504384
2024,3,05162,"Amrutvahini Sheti & Shikshan Vikas Sanstha's Amrutvahini College of Engineering, Sangamner",0516291610,Automation and Robotics,OPEN,General,Other,I,177871,2.666143
2024,3,05169,"Nagaon Education Society's Gangamai College of Engineering, Nagaon, Tal Dist Dhule",0516924510,Computer Engineering,OPEN,General,Other,I,133525,42.725346
2024,3,05169,"Nagaon Education Society's Gangamai College of Engineering, Nagaon, Tal Dist Dhule",0516924510,Computer Engineering,SC,General,Other,I,162462,19.5522021
2024,3,05169,"Nagaon Education Society's Gangamai College of Engineering, Nagaon, Tal Dist Dhule",0516924510,Computer Engineering,OPEN,Ladies,Other,I,137823,39.5390798
2024,3,05169,"Nagaon Education Society's Gangamai College of Engineering, Nagaon, Tal Dist Dhule",0516924510,Computer Engineering,OPEN,Defence,State,I,104869,59.9791975
2024,3,05169,"Nagaon Education Society's Gangamai College of Engineering, Nagaon, Tal Dist Dhule",0516937210,Electronics and Telecommunication Engg,OPEN,General,Other,I,132281,43.4393889
2024,3,05169,"Nagaon Education Society's Gangamai College of Engineering, Nagaon, Tal Dist Dhule",0516937210,Electronics and Telecommunication Engg,SC,General,Other,I,160055,22.0578726
2024,3,05171,"Godavari Foundation's Godavari College Of Engineering, Jalgaon",0517124510,Computer Engineering,OPEN,General,Other,I,112429,55.1151268
2024,3,05171,"Godavari Foundation's Godavari College Of Engineering, Jalgaon",0517124510,Computer Engineering,SC,General,Other,I,113318,54.3920183
2024,3,05171,"Godavari Foundation's Godavari College Of Engineering, Jalgaon",0517124510,Computer Engineering,OPEN,Ladies,Other,I,87075,67.8440824
2024,3,05171,"Godavari Foundation's Godavari College Of Engineering, Jalgaon",0517124510,Computer Engineering,OBC,Defence,State,I,142417,36.2134011
2024,3,05171,"Godavari Foundation's Godavari College Of Engineering, Jalgaon",0517126310,Artificial Intelligence (AI) and Data Science,OPEN,General,Other,I,92507,65.4406319
2024,3,05171,"Godavari Foundation's Godavari College Of Engineering, Jalgaon",0517126310,Artificial Intelligence (AI) and Data Science,OBC,General,Other,I,135116,41.8427081
2024,3,05171,"Godavari Foundation's Godavari College Of Engineering, Jalgaon",0517126310,Artificial Intelligence (AI) and Data Science,OPEN,Ladies,Other,I,127426,46.3828235
2024,3,05171,"Godavari Foundation's Godavari College Of Engineering, Jalgaon",0517126310,Artificial Intelligence (AI) and Data Science,OPEN,General,Other,I,151080,29.6395567
2024,3,05171,"Godavari Foundation's Godavari College Of Engineering, Jalgaon",0517137210,Electronics and Telecommunication Engg,OPEN,General,Other,I,95380,63.5370419
2024,3,05171,"Godavari Foundation's Godavari College Of Engineering, Jalgaon",0517137210,Electronics and Telecommunication Engg,SC,General,Other,I,146622,33.099972
2024,3,05171,"Godavari Foundation's Godavari College Of Engineering, Jalgaon",0517137210,Electronics and Telecommunication Engg,OPEN,General,Other,II,139144,38.8659877
2024,3,05171,"Godavari Foundation's Godavari College Of Engineering, Jalgaon",0517137210,Electronics and Telecommunication Engg,OPEN,General,Other,I,136298,40.7306838
2024,3,05172,"R. C. Patel Institute of Technology, Shirpur",0517219110,Civil Engineering,OPEN,General,State,I,121785,50.0353239
2024,3,05172,"R. C. Patel Institute of Technology, Shirpur",0517219110,Civil Engineering,OPEN,Ladies,State,I,121744,50.0957604
2024,3,05172,"R. C. Patel Institute of Technology, Shirpur",0517219110,Civil Engineering,OPEN,TFWS,State,I,128307,46.2784017
2024,3,05172,"R. C. Patel Institute of Technology, Shirpur",0517224610,Information Technology,OPEN,General,State,I,40183,86.2190813
2024,3,05172,"R. C. Patel Institute of Technology, Shirpur",0517224610,Information Technology,OPEN,Ladies,State,I,16231,94.5993915
2024,3,05172,"R. C. Patel Institute of Technology, Shirpur",0517224610,Information Technology,OPEN,TFWS,State,I,23773,92.0938243
2024,3,05172,"R. C. Patel Institute of Technology, Shirpur",0517261210,Mechanical Engineering,OPEN,General,State,I,95487,63.5370419
2024,3,05172,"R. C. Patel Institute of Technology, Shirpur",0517261210,Mechanical Engineering,OPEN,Ladies,State,I,103346,60.2294112
2024,3,05172,"R. C. Patel Institute of Technology, Shirpur",0517261210,Mechanical Engineering,OPEN,TFWS,State,I,85273,68.4785771
2024,3,05177,"Matoshri College of Engineering and Research Centre, Eklahare, Nashik",0517719110,Civil Engineering,OPEN,General,State,I,116429,53.517849
2024,3,05177,"Matoshri College of Engineering and Research Centre, Eklahare, Nashik",0517719110,Civil Engineering,SC,General,State,I,145116,34.5790896
2024,3,05177,"Matoshri College of Engineering and Research Centre, Eklahare, Nashik",0517719110,Civil Engineering,VJ,General,State,I,170544,11.7157385
2024,3,05177,"Matoshri College of Engineering and Research Centre, Eklahare, Nashik",0517719110,Civil Engineering,NT1,General,State,I,175749,5.5566668
2024,3,05177,"Matoshri College of Engineering and Research Centre, Eklahare, Nashik",0517719110,Civil Engineering,OBC,General,State,I,123788,48.777949
2024,3,05177,"Matoshri College of Engineering and Research Centre, Eklahare, Nashik",0517719110,Civil Engineering,SEBC,General,State,I,125238,47.9076668
2024,3,05177,"Matoshri College of Engineering and Research Centre, Eklahare, Nashik",0517719110,Civil Engineering,OPEN,Ladies,State,I,162721,19.3655345
2024,3,05177,"Matoshri College of Engineering and Research Centre, Eklahare, Nashik",0517724510,Computer Engineering,OPEN,General,State,I,74299,73.4250332
2024,3,05177,"Matoshri College of Engineering and Research Centre, Eklahare, Nashik",0517724510,Computer Engineering,SC,General,State,I,87276,67.8440824
2024,3,05177,"Matoshri College of Engineering and Research Centre, Eklahare, Nashik",0517724510,Computer Engineering,NT2,General,State,I,79773,71.1376941
2024,3,05177,"Matoshri College of Engineering and Research Centre, Eklahare, Nashik",0517724510,Computer Engineering,OBC,General,State,I,76239,72.6095528
2024,3,05177,"Matoshri College of Engineering and Research Centre, Eklahare, Nashik",0517724510,Computer Engineering,OPEN,Ladies,State,I,70656,74.9324465
2024,3,05177,"Matoshri College of Engineering and Research Centre, Eklahare, Nashik",0517724510,Computer Engineering,ST,Ladies,State,I,94220,64.6500162
2024,3,05177,"Matoshri College of Engineering and Research Centre, Eklahare, Nashik",0517724510,Computer Engineering,OBC,Ladies,State,I,71764,74.3785526
2024,3,05177,"Matoshri College of Engineering and Research Centre, Eklahare, Nashik",0517724510,Computer Engineering,OBC,Defence,State,I,59404,79.3458895
2024,3,05177,"Matoshri College of Engineering and Research Centre, Eklahare, Nashik",0517724510,Computer Engineering,OPEN,TFWS,State,I,156477,25.0606208
2024,3,05177,"Matoshri College of Engineering and Research Centre, Eklahare, Nashik",0517724610,Information Technology,OPEN,General,State,I,78373,71.7115
2024,3,05177,"Matoshri College of Engineering and Research Centre, Eklahare, Nashik",0517724610,Information Technology,SC,General,State,I,114338,54.0859766
2024,3,05177,"Matoshri College of Engineering and Research Centre, Eklahare, Nashik",0517724610,Information Technology,NT3,General,State,I,92140,65.5460439
2024,3,05177,"Matoshri College of Engineering and Research Centre, Eklahare, Nashik",0517724610,Information Technology,OBC,General,State,I,79067,71.4038201
2024,3,05177,"Matoshri College of Engineering and Research Centre, Eklahare, Nashik",0517724610,Information Technology,SEBC,General,State,I,101108,60.6237408
2024,3,05177,"Matoshri College of Engineering and Research Centre, Eklahare, Nashik",0517724610,Information Technology,VJ,Ladies,State,I,126090,47.4576949
2024,3,05177,"Matoshri College of Engineering and Research Centre, Eklahare, Nashik",0517724610,Information Technology,EWS,General,State,I,163571,18.7034184
2024,3,05177,"Matoshri College of Engineering and Research Centre, Eklahare, Nashik",0517729310,Electrical Engineering,OPEN,General,State,I,91680,65.5509182
2024,3,05177,"Matoshri College of Engineering and Research Centre, Eklahare, Nashik",0517729310,Electrical Engineering,SC,General,State,I,141736,36.9291471
2024,3,05177,"Matoshri College of Engineering and Research Centre, Eklahare, Nashik",0517729310,Electrical Engineering,VJ,General,State,I,131689,43.8452614
2024,3,05177,"Matoshri College of Engineering and Research Centre, Eklahare, Nashik",0517729310,Electrical Engineering,OBC,General,State,I,102008,60.546705
2024,3,05177,"Matoshri College of Engineering and Research Centre, Eklahare, Nashik",0517729310,Electrical Engineering,SEBC,General,State,I,91084,65.8812284
2024,3,05177,"Matoshri College of Engineering and Research Centre, Eklahare, Nashik",0517729310,Electrical Engineering,OPEN,Ladies,State,I,148604,31.6234334
2024,3,05177,"Matoshri College of Engineering and Research Centre, Eklahare, Nashik",0517729310,Electrical Engineering,SC,Ladies,State,I,139516,38.7773761
2024,3,05177,"Matoshri College of Engineering and Research Centre, Eklahare, Nashik",0517737210,Electronics and Telecommunication Engg,OPEN,General,State,I,88859,67.0458361
2024,3,05177,"Matoshri College of Engineering and Research Centre, Eklahare, Nashik",0517737210,Electronics and Telecommunication Engg,SC,General,State,I,136821,40.1585977
2024,3,05177,"Matoshri College of Engineering and Research Centre, Eklahare, Nashik",0517737210,Electronics and Telecommunication Engg,ST,General,State,I,95740,63.5258359
2024,3,05177,"Matoshri College of Engineering and Research Centre, Eklahare, Nashik",0517737210,Electronics and Telecommunication Engg,SEBC,General,State,I,82745,69.800376
2024,3,05177,"Matoshri College of Engineering and Research Centre, Eklahare, Nashik",0517737210,Electronics and Telecommunication Engg,OPEN,Ladies,State,I,76523,72.5041736
2024,3,05177,"Matoshri College of Engineering and Research Centre, Eklahare, Nashik",0517761210,Mechanical Engineering,OPEN,General,State,I,95067,63.7045846
2024,3,05177,"Matoshri College of Engineering and Research Centre, Eklahare, Nashik",0517761210,Mechanical Engineering,VJ,General,State,I,169139,13.2387508
2024,3,05177,"Matoshri College of Engineering and Research Centre, Eklahare, Nashik",0517761210,Mechanical Engineering,NT1,General,State,I,143803,35.3791065
2024,3,05177,"Matoshri College of Engineering and Research Centre, Eklahare, Nashik",0517761210,Mechanical Engineering,OBC,General,State,I,103783,60.1504384
2024,3,05177,"Matoshri College of Engineering and Research Centre, Eklahare, Nashik",0517761210,Mechanical Engineering,SEBC,General,State,I,124633,48.0648514
2024,3,05177,"Matoshri College of Engineering and Research Centre, Eklahare, Nashik",0517761210,Mechanical Engineering,OPEN,Ladies,State,I,127991,46.3188381
2024,3,05177,"Matoshri College of Engineering and Research Centre, Eklahare, Nashik",0517761210,Mechanical Engineering,OBC,Ladies,State,I,84496,69.0659616
2024,3,05177,"Matoshri College of Engineering and Research Centre, Eklahare, Nashik",0517784410,Electronics and Computer Engineering,OPEN,General,State,I,98634,62.795808
2024,3,05177,"Matoshri College of Engineering and Research Centre, Eklahare, Nashik",0517784410,Electronics and Computer Engineering,OBC,General,State,I,104784,59.9791975
2024,3,05177,"Matoshri College of Engineering and Research Centre, Eklahare, Nashik",0517784410,Electronics and Computer Engineering,OPEN,Ladies,State,I,83981,69.275473
2024,3,05177,"Matoshri College of Engineering and Research Centre, Eklahare, Nashik",0517784410,Electronics and Computer Engineering,NT1,Ladies,State,I,118237,52.0276576
2024,3,05177,"Matoshri College of Engineering and Research Centre, Eklahare, Nashik",0517784410,Electronics and Computer Engineering,SEBC,Ladies,State,I,174564,6.8903978
2024,3,05177,"Matoshri College of Engineering and Research Centre, Eklahare, Nashik",0517784410,Electronics and Computer Engineering,OPEN,PWD,State,I,102476,60.2951569
2024,3,05177,"Matoshri College of Engineering and Research Centre, Eklahare, Nashik",0517799510,Artificial Intelligence and Data Science,OPEN,General,State,I,75921,72.7750912
2024,3,05177,"Matoshri College of Engineering and Research Centre, Eklahare, Nashik",0517799510,Artificial Intelligence and Data Science,SC,General,State,I,115889,53.7424491
2024,3,05177,"Matoshri College of Engineering and Research Centre, Eklahare, Nashik",0517799510,Artificial Intelligence and Data Science,ST,General,State,I,170523,11.7157385
2024,3,05177,"Matoshri College of Engineering and Research Centre, Eklahare, Nashik",0517799510,Artificial Intelligence and Data Science,NT1,General,State,I,91945,65.5509182
2024,3,05177,"Matoshri College of Engineering and Research Centre, Eklahare, Nashik",0517799510,Artificial Intelligence and Data Science,OBC,General,State,I,80877,70.5215521
2024,3,05177,"Matoshri College of Engineering and Research Centre, Eklahare, Nashik",0517799510,Artificial Intelligence and Data Science,OPEN,Ladies,State,I,77218,72.1467831
2024,3,05177,"Matoshri College of Engineering and Research Centre, Eklahare, Nashik",0517799510,Artificial Intelligence and Data Science,ST,Ladies,State,I,129884,44.8929536
2024,3,05177,"Matoshri College of Engineering and Research Centre, Eklahare, Nashik",0517799510,Artificial Intelligence and Data Science,NT1,Ladies,State,I,102653,60.2951569
2024,3,05177,"Matoshri College of Engineering and Research Centre, Eklahare, Nashik",0517799510,Artificial Intelligence and Data Science,NT2,Ladies,State,I,104660,59.9791975
2024,3,05177,"Matoshri College of Engineering and Research Centre, Eklahare, Nashik",0517799510,Artificial Intelligence and Data Science,SEBC,Ladies,State,I,60787,78.9120215
2024,3,05177,"Matoshri College of Engineering and Research Centre, Eklahare, Nashik",0517799510,Artificial Intelligence and Data Science,OPEN,PWD,State,I,169772,12.6044134
2024,3,05177,"Matoshri College of Engineering and Research Centre, Eklahare, Nashik",0517799510,Artificial Intelligence and Data Science,OPEN,General,State,II,177106,3.7972607
2024,3,05179,"Vishwabharati Academy's College of Engineering, Ahmednagar",0517924510,Computer Engineering,OPEN,General,Other,I,87874,67.6158803
2024,3,05179,"Vishwabharati Academy's College of Engineering, Ahmednagar",0517924510,Computer Engineering,OBC,General,Other,I,88125,67.5881106
2024,3,05179,"Vishwabharati Academy's College of Engineering, Ahmednagar",0517924510,Computer Engineering,OPEN,Defence,State,I,143562,35.3791065
2024,3,05179,"Vishwabharati Academy's College of Engineering, Ahmednagar",0517924510,Computer Engineering,OBC,Defence,State,I,80524,70.6178643
2024,3,05179,"Vishwabharati Academy's College of Engineering, Ahmednagar",0517924510,Computer Engineering,OPEN,TFWS,State,I,171320,11.0205778
2024,3,05179,"Vishwabharati Academy's College of Engineering, Ahmednagar",0517926310,Artificial Intelligence (AI) and Data Science,OPEN,General,Other,I,95672,63.5370419
2024,3,05179,"Vishwabharati Academy's College of Engineering, Ahmednagar",0517926310,Artificial Intelligence (AI) and Data Science,OPEN,General,Other,I,124068,48.6637821
2024,3,05179,"Vishwabharati Academy's College of Engineering, Ahmednagar",0517984410,Electronics and Computer Engineering,SC,General,Other,I,156352,25.5139718
2024,3,05179,"Vishwabharati Academy's College of Engineering, Ahmednagar",0517984410,Electronics and Computer Engineering,SC,General,Other,I,133714,42.2216419
2024,3,05181,"Gokhale Education Society's, R.H. Sapat College of Engineering, Management Studies and Research, Nashik",0518119110,Civil Engineering,OPEN,General,Other,I,106314,58.1588042
2024,3,05181,"Gokhale Education Society's, R.H. Sapat College of Engineering, Management Studies and Research, Nashik",0518119110,Civil Engineering,SC,General,Other,I,133063,42.8773305
2024,3,05181,"Gokhale Education Society's, R.H. Sapat College of Engineering, Management Studies and Research, Nashik",0518119110,Civil Engineering,OBC,General,Other,I,148585,31.6234334
2024,3,05181,"Gokhale Education Society's, R.H. Sapat College of Engineering, Management Studies and Research, Nashik",0518119110,Civil Engineering,OPEN,General,Other,I,173098,8.8405987
2024,3,05181,"Gokhale Education Society's, R.H. Sapat College of Engineering, Management Studies and Research, Nashik",0518119110,Civil Engineering,OPEN,General,Other,I,164978,17.7533973
2024,3,05181,"Gokhale Education Society's, R.H. Sapat College of Engineering, Management Studies and Research, Nashik",0518124510,Computer Engineering,OPEN,General,Other,I,38351,86.889129
2024,3,05181,"Gokhale Education Society's, R.H. Sapat College of Engineering, Management Studies and Research, Nashik",0518124510,Computer Engineering,OBC,General,Other,I,42389,85.4383663
2024,3,05181,"Gokhale Education Society's, R.H. Sapat College of Engineering, Management Studies and Research, Nashik",0518124510,Computer Engineering,OPEN,General,Other,I,106038,58.5786927
2024,3,05181,"Gokhale Education Society's, R.H. Sapat College of Engineering, Management Studies and Research, Nashik",0518137210,Electronics and Telecommunication Engg,OPEN,General,Other,I,51257,82.2448555
2024,3,05181,"Gokhale Education Society's, R.H. Sapat College of Engineering, Management Studies and Research, Nashik",0518137210,Electronics and Telecommunication Engg,SC,General,Other,I,123947,48.6637821
2024,3,05181,"Gokhale Education Society's, R.H. Sapat College of Engineering, Management Studies and Research, Nashik",0518137210,Electronics and Telecommunication Engg,OBC,General,Other,I,54355,81.2084441
2024,3,05181,"Gokhale Education Society's, R.H. Sapat College of Engineering, Management Studies and Research, Nashik",0518137210,Electronics and Telecommunication Engg,OPEN,General,Other,I,148275,31.6884901
2024,3,05181,"Gokhale Education Society's, R.H. Sapat College of Engineering, Management Studies and Research, Nashik",0518137210,Electronics and Telecommunication Engg,SC,General,Other,I,132541,43.4393889
2024,3,05182,"Kalyani Charitable Trust, Late Gambhirrao Natuba Sapkal College of Engineering, Anjaneri, Trimbakeshwar Road, Nashik",0518219110,Civil Engineering,SC,General,Other,I,174540,6.8903978
2024,3,05182,"Kalyani Charitable Trust, Late Gambhirrao Natuba Sapkal College of Engineering, Anjaneri, Trimbakeshwar Road, Nashik",0518224510,Computer Engineering,OPEN,General,Other,I,83475,69.627936
2024,3,05182,"Kalyani Charitable Trust, Late Gambhirrao Natuba Sapkal College of Engineering, Anjaneri, Trimbakeshwar Road, Nashik",0518224510,Computer Engineering,OBC,General,Other,I,104849,59.9791975
2024,3,05182,"Kalyani Charitable Trust, Late Gambhirrao Natuba Sapkal College of Engineering, Anjaneri, Trimbakeshwar Road, Nashik",0518224510,Computer Engineering,OPEN,Defence,State,I,158383,23.9858471
2024,3,05182,"Kalyani Charitable Trust, Late Gambhirrao Natuba Sapkal College of Engineering, Anjaneri, Trimbakeshwar Road, Nashik",0518229310,Electrical Engineering,OBC,General,Other,I,139171,38.8659877
2024,3,05182,"Kalyani Charitable Trust, Late Gambhirrao Natuba Sapkal College of Engineering, Anjaneri, Trimbakeshwar Road, Nashik",0518237210,Electronics and Telecommunication Engg,OPEN,Ladies,Other,I,106097,58.5786927
2024,3,05182,"Kalyani Charitable Trust, Late Gambhirrao Natuba Sapkal College of Engineering, Anjaneri, Trimbakeshwar Road, Nashik",0518237210,Electronics and Telecommunication Engg,OPEN,Ladies,Other,I,80917,70.5215521
2024,3,05182,"Kalyani Charitable Trust, Late Gambhirrao Natuba Sapkal College of Engineering, Anjaneri, Trimbakeshwar Road, Nashik",0518261210,Mechanical Engineering,OPEN,General,Other,I,150058,30.8566205
2024,3,05182,"Kalyani Charitable Trust, Late Gambhirrao Natuba Sapkal College of Engineering, Anjaneri, Trimbakeshwar Road, Nashik",0518261210,Mechanical Engineering,SC,General,Other,I,151008,29.6395567
2024,3,05182,"Kalyani Charitable Trust, Late Gambhirrao Natuba Sapkal College of Engineering, Anjaneri, Trimbakeshwar Road, Nashik",0518261210,Mechanical Engineering,OBC,General,Other,I,167806,14.7377685
2024,3,05244,"MET's Institute of Technology Polytechnic, Bhujbal Knowledge City, Adgaon Nashik",0524491610,Automation and Robotics,OBC,General,Other,I,74581,73.3652047
2024,3,05244,"MET's Institute of Technology Polytechnic, Bhujbal Knowledge City, Adgaon Nashik",0524491610,Automation and Robotics,OPEN,Ladies,Other,I,85157,68.7156482
2024,3,05244,"MET's Institute of Technology Polytechnic, Bhujbal Knowledge City, Adgaon Nashik",0524491610,Automation and Robotics,OBC,General,Other,I,146441,33.5585964
2024,3,05244,"MET's Institute of Technology Polytechnic, Bhujbal Knowledge City, Adgaon Nashik",0524492210,Civil and Environmental Engineering,OPEN,General,Other,I,81089,70.5008347
2024,3,05256,"Matoshri Education Soceity, Matoshri Asarabai Polytechnic,Nashik",0525624510,Computer Engineering,OPEN,General,Other,I,101426,60.596742
2024,3,05256,"Matoshri Education Soceity, Matoshri Asarabai Polytechnic,Nashik",0525624510,Computer Engineering,OBC,General,Other,I,111023,56.0103934
2024,3,05256,"Matoshri Education Soceity, Matoshri Asarabai Polytechnic,Nashik",0525624510,Computer Engineering,OPEN,Ladies,Other,I,105725,59.0509185
2024,3,05256,"Matoshri Education Soceity, Matoshri Asarabai Polytechnic,Nashik",0525624510,Computer Engineering,OBC,Defence,State,I,94563,64.4664266
2024,3,05256,"Matoshri Education Soceity, Matoshri Asarabai Polytechnic,Nashik",0525624610,Information Technology,OPEN,General,Other,I,97276,63.0701676
2024,3,05256,"Matoshri Education Soceity, Matoshri Asarabai Polytechnic,Nashik",0525624610,Information Technology,OBC,General,Other,I,144037,35.2166182
2024,3,05256,"Matoshri Education Soceity, Matoshri Asarabai Polytechnic,Nashik",0525624610,Information Technology,OPEN,Ladies,Other,I,128967,45.521922
2024,3,05256,"Matoshri Education Soceity, Matoshri Asarabai Polytechnic,Nashik",0525624610,Information Technology,OPEN,General,Other,I,162454,19.5522021
2024,3,05256,"Matoshri Education Soceity, Matoshri Asarabai Polytechnic,Nashik",0525624610,Information Technology,OPEN,Defence,State,I,130783,44.4778985
2024,3,05263,"Matoshri Education Soceity, Matoshri Institute Of Technology, Dhanore, Nashik",0526324510,Computer Engineering,OPEN,General,Other,I,107084,57.9919409
2024,3,05263,"Matoshri Education Soceity, Matoshri Institute Of Technology, Dhanore, Nashik",0526324510,Computer Engineering,SC,General,Other,I,124114,48.6637821
2024,3,05263,"Matoshri Education Soceity, Matoshri Institute Of Technology, Dhanore, Nashik",0526324510,Computer Engineering,OBC,General,Other,I,110257,56.9588351
2024,3,05263,"Matoshri Education Soceity, Matoshri Institute Of Technology, Dhanore, Nashik",0526324510,Computer Engineering,OPEN,Ladies,Other,I,98945,62.7875345
2024,3,05263,"Matoshri Education Soceity, Matoshri Institute Of Technology, Dhanore, Nashik",0526324510,Computer Engineering,OPEN,Defence,State,I,91345,65.8812284
2024,3,05263,"Matoshri Education Soceity, Matoshri Institute Of Technology, Dhanore, Nashik",0526329310,Electrical Engineering,OPEN,General,Other,I,119595,51.1396363
2024,3,05263,"Matoshri Education Soceity, Matoshri Institute Of Technology, Dhanore, Nashik",0526329310,Electrical Engineering,OBC,General,Other,I,134302,42.2200941
2024,3,05263,"Matoshri Education Soceity, Matoshri Institute Of Technology, Dhanore, Nashik",0526329310,Electrical Engineering,OPEN,General,Other,I,150962,29.6395567
2024,3,05263,"Matoshri Education Soceity, Matoshri Institute Of Technology, Dhanore, Nashik",0526337210,Electronics and Telecommunication Engg,OPEN,General,Other,I,97628,62.902955
2024,3,05263,"Matoshri Education Soceity, Matoshri Institute Of Technology, Dhanore, Nashik",0526337210,Electronics and Telecommunication Engg,SC,General,Other,I,164767,17.776617
2024,3,05263,"Matoshri Education Soceity, Matoshri Institute Of Technology, Dhanore, Nashik",0526337210,Electronics and Telecommunication Engg,OPEN,Ladies,Other,I,144478,34.805294
2024,3,05263,"Matoshri Education Soceity, Matoshri Institute Of Technology, Dhanore, Nashik",0526337210,Electronics and Telecommunication Engg,OPEN,Defence,State,I,150275,30.8111882
2024,3,05303,"Hon. Shri. Babanrao Pachpute Vichardhara Trust, Group of Institutions (Integrated Campus)-Parikrama, Kashti Shrigondha,",0530319110,Civil Engineering,OPEN,General,Other,I,137838,39.5390798
2024,3,05303,"Hon. Shri. Babanrao Pachpute Vichardhara Trust, Group of Institutions (Integrated Campus)-Parikrama, Kashti Shrigondha,",0530319110,Civil Engineering,OBC,General,Other,I,162983,19.2570952
2024,3,05303,"Hon. Shri. Babanrao Pachpute Vichardhara Trust, Group of Institutions (Integrated Campus)-Parikrama, Kashti Shrigondha,",0530324510,Computer Engineering,OPEN,General,Other,I,100373,61.3261708
2024,3,05303,"Hon. Shri. Babanrao Pachpute Vichardhara Trust, Group of Institutions (Integrated Campus)-Parikrama, Kashti Shrigondha,",0530324510,Computer Engineering,SC,General,Other,I,159856,22.1725851
2024,3,05303,"Hon. Shri. Babanrao Pachpute Vichardhara Trust, Group of Institutions (Integrated Campus)-Parikrama, Kashti Shrigondha,",0530324510,Computer Engineering,OBC,General,Other,I,119325,51.2170385
2024,3,05330,"PUNE VIDYARTHI GRIHA’S COLLEGE OF ENGINEERING & SHRIKRUSHNA S. DHAMANKAR INSTITUTE OF MANAGEMENT, NASHIK",0533024510,Computer Engineering,OPEN,General,Other,I,28968,90.2977118
2024,3,05330,"PUNE VIDYARTHI GRIHA’S COLLEGE OF ENGINEERING & SHRIKRUSHNA S. DHAMANKAR INSTITUTE OF MANAGEMENT, NASHIK",0533024510,Computer Engineering,SC,General,Other,I,37007,87.4495947
2024,3,05330,"PUNE VIDYARTHI GRIHA’S COLLEGE OF ENGINEERING & SHRIKRUSHNA S. DHAMANKAR INSTITUTE OF MANAGEMENT, NASHIK",0533024510,Computer Engineering,OBC,General,Other,I,66662,76.4789025
2024,3,05330,"PUNE VIDYARTHI GRIHA’S COLLEGE OF ENGINEERING & SHRIKRUSHNA S. DHAMANKAR INSTITUTE OF MANAGEMENT, NASHIK",0533024510,Computer Engineering,OPEN,Defence,State,I,101169,60.6237408
2024,3,05330,"PUNE VIDYARTHI GRIHA’S COLLEGE OF ENGINEERING & SHRIKRUSHNA S. DHAMANKAR INSTITUTE OF MANAGEMENT, NASHIK",0533024510,Computer Engineering,OBC,Defence,State,I,122023,50.0353239
2024,3,05330,"PUNE VIDYARTHI GRIHA’S COLLEGE OF ENGINEERING & SHRIKRUSHNA S. DHAMANKAR INSTITUTE OF MANAGEMENT, NASHIK",0533024510,Computer Engineering,EWS,General,State,I,44273,84.8060392
2024,3,05330,"PUNE VIDYARTHI GRIHA’S COLLEGE OF ENGINEERING & SHRIKRUSHNA S. DHAMANKAR INSTITUTE OF MANAGEMENT, NASHIK",0533024610,Information Technology,OPEN,General,Other,I,66577,76.4789025
2024,3,05330,"PUNE VIDYARTHI GRIHA’S COLLEGE OF ENGINEERING & SHRIKRUSHNA S. DHAMANKAR INSTITUTE OF MANAGEMENT, NASHIK",0533024610,Information Technology,OBC,General,Other,I,68417,75.7359803
2024,3,05330,"PUNE VIDYARTHI GRIHA’S COLLEGE OF ENGINEERING & SHRIKRUSHNA S. DHAMANKAR INSTITUTE OF MANAGEMENT, NASHIK",0533024610,Information Technology,OPEN,Ladies,Other,I,101271,60.6237408
2024,3,05330,"PUNE VIDYARTHI GRIHA’S COLLEGE OF ENGINEERING & SHRIKRUSHNA S. DHAMANKAR INSTITUTE OF MANAGEMENT, NASHIK",0533024610,Information Technology,OPEN,Defence,State,I,117112,52.5184688
2024,3,05330,"PUNE VIDYARTHI GRIHA’S COLLEGE OF ENGINEERING & SHRIKRUSHNA S. DHAMANKAR INSTITUTE OF MANAGEMENT, NASHIK",0533024610,Information Technology,OPEN,TFWS,State,I,61696,78.2152555
2024,3,05330,"PUNE VIDYARTHI GRIHA’S COLLEGE OF ENGINEERING & SHRIKRUSHNA S. DHAMANKAR INSTITUTE OF MANAGEMENT, NASHIK",0533024610,Information Technology,EWS,General,State,I,134048,42.2207447
2024,3,05330,"PUNE VIDYARTHI GRIHA’S COLLEGE OF ENGINEERING & SHRIKRUSHNA S. DHAMANKAR INSTITUTE OF MANAGEMENT, NASHIK",0533037210,Electronics and Telecommunication Engg,OPEN,General,Other,I,77150,72.1467831
2024,3,05330,"PUNE VIDYARTHI GRIHA’S COLLEGE OF ENGINEERING & SHRIKRUSHNA S. DHAMANKAR INSTITUTE OF MANAGEMENT, NASHIK",0533037210,Electronics and Telecommunication Engg,OBC,General,Other,I,77193,72.1467831
2024,3,05330,"PUNE VIDYARTHI GRIHA’S COLLEGE OF ENGINEERING & SHRIKRUSHNA S. DHAMANKAR INSTITUTE OF MANAGEMENT, NASHIK",0533037210,Electronics and Telecommunication Engg,OPEN,Ladies,Other,I,118848,51.7862916
2024,3,05330,"PUNE VIDYARTHI GRIHA’S COLLEGE OF ENGINEERING & SHRIKRUSHNA S. DHAMANKAR INSTITUTE OF MANAGEMENT, NASHIK",0533037210,Electronics and Telecommunication Engg,OPEN,Defence,State,I,65879,76.7300255
2024,3,05330,"PUNE VIDYARTHI GRIHA’S COLLEGE OF ENGINEERING & SHRIKRUSHNA S. DHAMANKAR INSTITUTE OF MANAGEMENT, NASHIK",0533037210,Electronics and Telecommunication Engg,OPEN,TFWS,State,I,122208,49.7949643
2024,3,05330,"PUNE VIDYARTHI GRIHA’S COLLEGE OF ENGINEERING & SHRIKRUSHNA S. DHAMANKAR INSTITUTE OF MANAGEMENT, NASHIK",0533061210,Mechanical Engineering,OPEN,General,Other,I,133941,42.2207447
2024,3,05330,"PUNE VIDYARTHI GRIHA’S COLLEGE OF ENGINEERING & SHRIKRUSHNA S. DHAMANKAR INSTITUTE OF MANAGEMENT, NASHIK",0533061210,Mechanical Engineering,OBC,General,Other,I,136037,40.99476
2024,3,05330,"PUNE VIDYARTHI GRIHA’S COLLEGE OF ENGINEERING & SHRIKRUSHNA S. DHAMANKAR INSTITUTE OF MANAGEMENT, NASHIK",0533061210,Mechanical Engineering,OPEN,Ladies,Other,I,131037,44.3676458
2024,3,05330,"PUNE VIDYARTHI GRIHA’S COLLEGE OF ENGINEERING & SHRIKRUSHNA S. DHAMANKAR INSTITUTE OF MANAGEMENT, NASHIK",0533061210,Mechanical Engineering,OPEN,General,Other,II,119725,51.1396363
2024,3,05330,"PUNE VIDYARTHI GRIHA’S COLLEGE OF ENGINEERING & SHRIKRUSHNA S. DHAMANKAR INSTITUTE OF MANAGEMENT, NASHIK",0533061210,Mechanical Engineering,OPEN,General,Other,I,72721,73.8893284
2024,3,05330,"PUNE VIDYARTHI GRIHA’S COLLEGE OF ENGINEERING & SHRIKRUSHNA S. DHAMANKAR INSTITUTE OF MANAGEMENT, NASHIK",0533099510,Artificial Intelligence and Data Science,OPEN,Defence,State,I,52459,81.8151897
2024,3,05330,"PUNE VIDYARTHI GRIHA’S COLLEGE OF ENGINEERING & SHRIKRUSHNA S. DHAMANKAR INSTITUTE OF MANAGEMENT, NASHIK",0533099510,Artificial Intelligence and Data Science,OPEN,TFWS,State,I,156766,24.7657909
2024,3,05331,"Sandip Foundation's, Sandip Institute of Engineering & Management, Nashik",0533119110,Civil Engineering,OPEN,General,Other,I,95041,63.7045846
2024,3,05331,"Sandip Foundation's, Sandip Institute of Engineering & Management, Nashik",0533119110,Civil Engineering,OBC,General,Other,I,127534,46.3657898
2024,3,05331,"Sandip Foundation's, Sandip Institute of Engineering & Management, Nashik",0533124510,Computer Engineering,OBC,General,Other,I,94038,64.9513096
2024,3,05331,"Sandip Foundation's, Sandip Institute of Engineering & Management, Nashik",0533124510,Computer Engineering,OPEN,Ladies,Other,I,49127,82.9978985
2024,3,05331,"Sandip Foundation's, Sandip Institute of Engineering & Management, Nashik",0533124510,Computer Engineering,OBC,General,Other,I,156440,25.5139718
2024,3,05331,"Sandip Foundation's, Sandip Institute of Engineering & Management, Nashik",0533129310,Electrical Engineering,OPEN,Defence,State,I,70929,74.6830629
2024,3,05331,"Sandip Foundation's, Sandip Institute of Engineering & Management, Nashik",0533137210,Electronics and Telecommunication Engg,OPEN,General,Other,I,64805,76.933232
2024,3,05331,"Sandip Foundation's, Sandip Institute of Engineering & Management, Nashik",0533137210,Electronics and Telecommunication Engg,SC,General,Other,I,93003,65.2878345
2024,3,05331,"Sandip Foundation's, Sandip Institute of Engineering & Management, Nashik",0533137210,Electronics and Telecommunication Engg,OPEN,Ladies,Other,I,81037,70.5008347
2024,3,05331,"Sandip Foundation's, Sandip Institute of Engineering & Management, Nashik",0533137210,Electronics and Telecommunication Engg,OPEN,General,Other,I,65323,76.7997668
2024,3,05380,"Adsul's Technical Campus, Chas Dist. Ahmednagar",0538024510,Computer Engineering,OPEN,Ladies,Other,I,163793,18.576741
2024,3,05380,"Adsul's Technical Campus, Chas Dist. Ahmednagar",0538024510,Computer Engineering,OPEN,Ladies,Other,I,175477,5.9571815
2024,3,05380,"Adsul's Technical Campus, Chas Dist. Ahmednagar",0538024510,Computer Engineering,OPEN,Ladies,Other,I,141759,36.9291471
2024,3,05380,"Adsul's Technical Campus, Chas Dist. Ahmednagar",0538024610,Information Technology,OPEN,General,Other,I,134976,41.8427081
2024,3,05380,"Adsul's Technical Campus, Chas Dist. Ahmednagar",0538024610,Information Technology,OBC,General,Other,I,157651,24.3027383
2024,3,05380,"Adsul's Technical Campus, Chas Dist. Ahmednagar",0538099510,Artificial Intelligence and Data Science,OBC,Defence,State,I,114665,54.0550229
2024,3,05380,"Adsul's Technical Campus, Chas Dist. Ahmednagar",0538099510,Artificial Intelligence and Data Science,OPEN,TFWS,State,I,170874,11.4731237
2024,3,05382,"Ahmednagar Jilha Maratha Vidya Prasarak Samajache, Shri. Chhatrapati Shivaji Maharaj College of Engineering, Nepti",0538219110,Civil Engineering,OPEN,General,Other,I,136612,40.2848342
2024,3,05382,"Ahmednagar Jilha Maratha Vidya Prasarak Samajache, Shri. Chhatrapati Shivaji Maharaj College of Engineering, Nepti",0538219110,Civil Engineering,OBC,General,Other,I,138580,39.0541888
2024,3,05390,"K.V.N. Naik S. P. Sansth's Loknete Gopinathji Munde Institute of Engineering Education & Research, Nashik.",0539019110,Civil Engineering,OPEN,General,Other,I,95360,63.5370419
2024,3,05390,"K.V.N. Naik S. P. Sansth's Loknete Gopinathji Munde Institute of Engineering Education & Research, Nashik.",0539019110,Civil Engineering,OPEN,General,Other,I,128071,46.2784017
2024,3,05390,"K.V.N. Naik S. P. Sansth's Loknete Gopinathji Munde Institute of Engineering Education & Research, Nashik.",0539024510,Computer Engineering,OPEN,General,Other,I,76072,72.6095528
2024,3,05390,"K.V.N. Naik S. P. Sansth's Loknete Gopinathji Munde Institute of Engineering Education & Research, Nashik.",0539024510,Computer Engineering,OBC,General,Other,I,82281,69.8140377
2024,3,05390,"K.V.N. Naik S. P. Sansth's Loknete Gopinathji Munde Institute of Engineering Education & Research, Nashik.",0539024510,Computer Engineering,OPEN,Ladies,Other,I,143834,35.3791065
2024,3,05390,"K.V.N. Naik S. P. Sansth's Loknete Gopinathji Munde Institute of Engineering Education & Research, Nashik.",0539024510,Computer Engineering,OPEN,Defence,State,I,55594,80.7413807
2024,3,05390,"K.V.N. Naik S. P. Sansth's Loknete Gopinathji Munde Institute of Engineering Education & Research, Nashik.",0539024510,Computer Engineering,OPEN,TFWS,State,I,160472,21.4924132
2024,3,05390,"K.V.N. Naik S. P. Sansth's Loknete Gopinathji Munde Institute of Engineering Education & Research, Nashik.",0539024610,Information Technology,OPEN,Ladies,Other,I,83422,69.627936
2024,3,05390,"K.V.N. Naik S. P. Sansth's Loknete Gopinathji Munde Institute of Engineering Education & Research, Nashik.",0539024610,Information Technology,OPEN,Ladies,Other,I,157425,24.3094646
2024,3,05390,"K.V.N. Naik S. P. Sansth's Loknete Gopinathji Munde Institute of Engineering Education & Research, Nashik.",0539092110,Artificial Intelligence and Machine Learning,OPEN,General,Other,I,92644,65.4406319
2024,3,05390,"K.V.N. Naik S. P. Sansth's Loknete Gopinathji Munde Institute of Engineering Education & Research, Nashik.",0539092110,Artificial Intelligence and Machine Learning,SC,General,Other,I,115042,53.8203081
2024,3,05390,"K.V.N. Naik S. P. Sansth's Loknete Gopinathji Munde Institute of Engineering Education & Research, Nashik.",0539092110,Artificial Intelligence and Machine Learning,OPEN,Ladies,Other,I,130885,44.3676458
2024,3,05396,"College of Engineering and Technology ,North Maharashtra Knowledge City, Jalgaon",0539624510,Computer Engineering,OPEN,General,Other,I,68457,75.7359803
2024,3,05396,"College of Engineering and Technology ,North Maharashtra Knowledge City, Jalgaon",0539624510,Computer Engineering,OBC,General,Other,I,126898,46.5102928
2024,3,05396,"College of Engineering and Technology ,North Maharashtra Knowledge City, Jalgaon",0539624510,Computer Engineering,OPEN,Ladies,Other,I,86975,67.8622856
2024,3,05399,"Sanghavi College of Engineering, Varvandi, Nashik.",0539919110,Civil Engineering,OPEN,General,Other,I,148068,32.0977394
2024,3,05399,"Sanghavi College of Engineering, Varvandi, Nashik.",0539919110,Civil Engineering,OBC,General,Other,I,178113,2.3525003
2024,3,05399,"Sanghavi College of Engineering, Varvandi, Nashik.",0539924510,Computer Engineering,OPEN,Defence,State,I,81754,70.4092512
2024,3,05399,"Sanghavi College of Engineering, Varvandi, Nashik.",0539924610,Information Technology,OPEN,General,Other,I,116322,53.517849
2024,3,05399,"Sanghavi College of Engineering, Varvandi, Nashik.",0539924610,Information Technology,SC,General,Other,I,126669,47.0113809
2024,3,05399,"Sanghavi College of Engineering, Varvandi, Nashik.",0539924610,Information Technology,OBC,General,Other,I,116574,52.9935209
2024,3,05399,"Sanghavi College of Engineering, Varvandi, Nashik.",0539924610,Information Technology,OPEN,Ladies,Other,I,110789,56.5649954
2024,3,05399,"Sanghavi College of Engineering, Varvandi, Nashik.",0539929310,Electrical Engineering,OPEN,General,Other,I,168392,13.7020033
2024,3,05399,"Sanghavi College of Engineering, Varvandi, Nashik.",0539929310,Electrical Engineering,SC,General,Other,I,179210,0.6150844
2024,3,05399,"Sanghavi College of Engineering, Varvandi, Nashik.",0539929310,Electrical Engineering,OBC,General,Other,I,176122,5.0033245
2024,3,05399,"Sanghavi College of Engineering, Varvandi, Nashik.",0539929310,Electrical Engineering,OPEN,Ladies,Other,I,148635,31.6234334
2024,3,05399,"Sanghavi College of Engineering, Varvandi, Nashik.",0539961210,Mechanical Engineering,OPEN,General,Other,I,158251,23.9858471
2024,3,05399,"Sanghavi College of Engineering, Varvandi, Nashik.",0539961210,Mechanical Engineering,OPEN,General,Other,II,168555,13.6621028
2024,3,05399,"Sanghavi College of Engineering, Varvandi, Nashik.",0539961210,Mechanical Engineering,SC,General,Other,I,174355,7.2451247
2024,3,05399,"Sanghavi College of Engineering, Varvandi, Nashik.",0539961210,Mechanical Engineering,SC,General,Other,II,174297,7.3207233
2024,3,05399,"Sanghavi College of Engineering, Varvandi, Nashik.",0539992110,Artificial Intelligence and Machine Learning,OPEN,General,Other,I,84979,68.7156482
2024,3,05399,"Sanghavi College of Engineering, Varvandi, Nashik.",0539992110,Artificial Intelligence and Machine Learning,OBC,General,Other,I,112260,55.1151268
2024,3,05399,"Sanghavi College of Engineering, Varvandi, Nashik.",0539992110,Artificial Intelligence and Machine Learning,OPEN,Ladies,Other,I,127187,46.3828235
2024,3,05399,"Sanghavi College of Engineering, Varvandi, Nashik.",0539992110,Artificial Intelligence and Machine Learning,OPEN,General,Other,I,120409,50.8618056
2024,3,05401,"Jawahar Education Society's Institute of Technology, Management & Research, Nashik.",0540124510,Computer Engineering,OPEN,General,Other,I,80386,70.8722936
2024,3,05401,"Jawahar Education Society's Institute of Technology, Management & Research, Nashik.",0540124510,Computer Engineering,OPEN,General,Other,I,112844,55.0733859
2024,3,05401,"Jawahar Education Society's Institute of Technology, Management & Research, Nashik.",0540124510,Computer Engineering,OPEN,Defence,State,I,73545,73.7743452
2024,3,05401,"Jawahar Education Society's Institute of Technology, Management & Research, Nashik.",0540124510,Computer Engineering,OBC,Defence,State,I,169590,13.0427194
2024,3,05401,"Jawahar Education Society's Institute of Technology, Management & Research, Nashik.",0540124610,Information Technology,OPEN,General,Other,I,97880,62.8733646
2024,3,05401,"Jawahar Education Society's Institute of Technology, Management & Research, Nashik.",0540124610,Information Technology,OBC,General,Other,I,105405,59.3445914
2024,3,05401,"Jawahar Education Society's Institute of Technology, Management & Research, Nashik.",0540124610,Information Technology,OPEN,Ladies,Other,I,138354,39.0541888
2024,3,05401,"Jawahar Education Society's Institute of Technology, Management & Research, Nashik.",0540124610,Information Technology,OPEN,General,Other,I,176631,4.3427669
2024,3,05401,"Jawahar Education Society's Institute of Technology, Management & Research, Nashik.",0540124610,Information Technology,OPEN,Defence,State,I,102316,60.5030966
2024,3,05401,"Jawahar Education Society's Institute of Technology, Management & Research, Nashik.",0540124610,Information Technology,OPEN,TFWS,State,I,174592,6.8903978
2024,3,05401,"Jawahar Education Society's Institute of Technology, Management & Research, Nashik.",0540126310,Artificial Intelligence (AI) and Data Science,OPEN,General,Other,I,103994,60.1291862
2024,3,05401,"Jawahar Education Society's Institute of Technology, Management & Research, Nashik.",0540126310,Artificial Intelligence (AI) and Data Science,OBC,General,Other,I,139221,38.8659877
2024,3,05401,"Jawahar Education Society's Institute of Technology, Management & Research, Nashik.",0540126310,Artificial Intelligence (AI) and Data Science,OPEN,Ladies,Other,I,105390,59.3445914
2024,3,05401,"Jawahar Education Society's Institute of Technology, Management & Research, Nashik.",0540126310,Artificial Intelligence (AI) and Data Science,OPEN,General,Other,I,101276,60.6237408
2024,3,05401,"Jawahar Education Society's Institute of Technology, Management & Research, Nashik.",0540129310,Electrical Engineering,OPEN,General,Other,I,157322,24.4231968
2024,3,05401,"Jawahar Education Society's Institute of Technology, Management & Research, Nashik.",0540129310,Electrical Engineering,OPEN,Ladies,Other,I,164823,17.776617
2024,3,05401,"Jawahar Education Society's Institute of Technology, Management & Research, Nashik.",0540129310,Electrical Engineering,OPEN,General,Other,I,138357,39.0541888
2024,3,05401,"Jawahar Education Society's Institute of Technology, Management & Research, Nashik.",0540184410,Electronics and Computer Engineering,OPEN,General,Other,I,138842,38.8849565
2024,3,05401,"Jawahar Education Society's Institute of Technology, Management & Research, Nashik.",0540184410,Electronics and Computer Engineering,SC,General,Other,I,145901,34.1954023
2024,3,05401,"Jawahar Education Society's Institute of Technology, Management & Research, Nashik.",0540184410,Electronics and Computer Engineering,OBC,General,Other,I,158073,24.0053974
2024,3,05401,"Jawahar Education Society's Institute of Technology, Management & Research, Nashik.",0540184410,Electronics and Computer Engineering,OPEN,General,Other,I,153900,27.5123271
2024,3,05408,"Vidya Niketan College of Engineering, Bota Sangamner",0540824510,Computer Engineering,OPEN,General,Other,I,132706,43.1231034
2024,3,05408,"Vidya Niketan College of Engineering, Bota Sangamner",0540824510,Computer Engineering,OBC,General,Other,I,148033,32.0977394
2024,3,05408,"Vidya Niketan College of Engineering, Bota Sangamner",0540824510,Computer Engineering,OPEN,Ladies,Other,I,147827,32.1785112
2024,3,05408,"Vidya Niketan College of Engineering, Bota Sangamner",0540824510,Computer Engineering,SC,General,Other,I,173392,8.4112538
2024,3,05409,"Rajiv Gandhi College of Engineering, At Post Karjule Hariya Tal.Parner, Dist.Ahmednagar",0540924510,Computer Engineering,OPEN,General,Other,I,143667,35.3791065
2024,3,05409,"Rajiv Gandhi College of Engineering, At Post Karjule Hariya Tal.Parner, Dist.Ahmednagar",0540924510,Computer Engineering,SC,General,Other,I,155893,25.6482713
2024,3,05409,"Rajiv Gandhi College of Engineering, At Post Karjule Hariya Tal.Parner, Dist.Ahmednagar",0540924510,Computer Engineering,OPEN,Ladies,Other,I,166700,15.6816655
2024,3,05409,"Rajiv Gandhi College of Engineering, At Post Karjule Hariya Tal.Parner, Dist.Ahmednagar",0540924510,Computer Engineering,OPEN,General,Other,I,172763,9.3921759
2024,3,05409,"Rajiv Gandhi College of Engineering, At Post Karjule Hariya Tal.Parner, Dist.Ahmednagar",0540924510,Computer Engineering,OPEN,General,Other,I,126384,47.4207012
2024,3,05418,"Guru Gobind Singh College of Engineering & Research Centre, Nashik.",0541824510,Computer Engineering,OPEN,General,Other,I,44234,84.8060392
2024,3,05418,"Guru Gobind Singh College of Engineering & Research Centre, Nashik.",0541824510,Computer Engineering,SC,General,Other,I,67529,76.1268781
2024,3,05418,"Guru Gobind Singh College of Engineering & Research Centre, Nashik.",0541824510,Computer Engineering,OBC,General,Other,I,70012,75.1972801
2024,3,05418,"Guru Gobind Singh College of Engineering & Research Centre, Nashik.",0541824510,Computer Engineering,OPEN,Ladies,Other,I,58786,79.5235744
2024,3,05418,"Guru Gobind Singh College of Engineering & Research Centre, Nashik.",0541824510,Computer Engineering,OPEN,Defence,State,I,125012,47.9842799
2024,3,05418,"Guru Gobind Singh College of Engineering & Research Centre, Nashik.",0541824510,Computer Engineering,OPEN,TFWS,State,I,30507,89.7386952
2024,3,05418,"Guru Gobind Singh College of Engineering & Research Centre, Nashik.",0541824510,Computer Engineering,OPEN,Orphan,State,I,106068,58.5786927
2024,3,05418,"Guru Gobind Singh College of Engineering & Research Centre, Nashik.",0541826310,Artificial Intelligence (AI) and Data Science,OPEN,General,Other,I,57228,80.0921435
2024,3,05418,"Guru Gobind Singh College of Engineering & Research Centre, Nashik.",0541826310,Artificial Intelligence (AI) and Data Science,SC,General,Other,I,92053,65.5460439
2024,3,05418,"Guru Gobind Singh College of Engineering & Research Centre, Nashik.",0541826310,Artificial Intelligence (AI) and Data Science,OBC,General,Other,I,61316,78.4507504
2024,3,05418,"Guru Gobind Singh College of Engineering & Research Centre, Nashik.",0541826310,Artificial Intelligence (AI) and Data Science,OPEN,Ladies,Other,I,61231,78.4507504
2024,3,05418,"Guru Gobind Singh College of Engineering & Research Centre, Nashik.",0541826310,Artificial Intelligence (AI) and Data Science,OPEN,General,Other,I,134159,42.2207447
2024,3,05418,"Guru Gobind Singh College of Engineering & Research Centre, Nashik.",0541829310,Electrical Engineering,OPEN,General,Other,I,94419,64.6500162
2024,3,05418,"Guru Gobind Singh College of Engineering & Research Centre, Nashik.",0541829310,Electrical Engineering,OPEN,General,Other,II,165426,16.7391126
2024,3,05497,"P.G. College of Engineering & Technology, Nandurbar",0549724510,Computer Engineering,OPEN,General,Other,I,136586,40.2848342
2024,3,05497,"P.G. College of Engineering & Technology, Nandurbar",0549724510,Computer Engineering,SC,General,Other,I,138637,38.8849565
2024,3,05497,"P.G. College of Engineering & Technology, Nandurbar",0549724510,Computer Engineering,OBC,General,Other,I,106494,58.1588042
2024,3,05497,"P.G. College of Engineering & Technology, Nandurbar",0549724510,Computer Engineering,OPEN,General,Other,I,179595,0.0640077
2024,3,06004,"Government College of Engineering & Research, Avasari Khurd",0600419110,Civil Engineering,OPEN,Defence,State,I,95832,63.5258359
2024,3,06004,"Government College of Engineering & Research, Avasari Khurd",0600419110,Civil Engineering,OPEN,Orphan,State,I,108794,57.2163252
2024,3,06004,"Government College of Engineering & Research, Avasari Khurd",0600424510,Computer Engineering,SC,General,Other,I,26628,91.1268781
2024,3,06004,"Government College of Engineering & Research, Avasari Khurd",0600424510,Computer Engineering,OPEN,Ladies,Other,I,29547,90.0724101
2024,3,06004,"Government College of Engineering & Research, Avasari Khurd",0600424510,Computer Engineering,SC,General,Other,I,27604,90.777366
2024,3,06004,"Government College of Engineering & Research, Avasari Khurd",0600437210,Electronics and Telecommunication Engg,OPEN,General,Other,I,21121,92.9340568
2024,3,06004,"Government College of Engineering & Research, Avasari Khurd",0600437210,Electronics and Telecommunication Engg,OPEN,Ladies,Other,I,146683,33.099972
2024,3,06004,"Government College of Engineering & Research, Avasari Khurd",0600437210,Electronics and Telecommunication Engg,OBC,Defence,State,I,81130,70.5008347
2024,3,06004,"Government College of Engineering & Research, Avasari Khurd",0600437210,Electronics and Telecommunication Engg,OPEN,Orphan,State,I,48356,83.4700421
2024,3,06004,"Government College of Engineering & Research, Avasari Khurd",0600446410,Instrumentation and Control Engineering,OPEN,General,Other,I,51005,82.4585869
2024,3,06004,"Government College of Engineering & Research, Avasari Khurd",0600446410,Instrumentation and Control Engineering,OBC,General,Other,I,62838,77.8445199
2024,3,06004,"Government College of Engineering & Research, Avasari Khurd",0600460210,Automobile Engineering,OPEN,General,Other,I,75077,73.112247
2024,3,06004,"Government College of Engineering & Research, Avasari Khurd",0600460210,Automobile Engineering,OBC,General,Other,I,170628,11.5084415
2024,3,06004,"Government College of Engineering & Research, Avasari Khurd",0600460210,Automobile Engineering,OPEN,Ladies,Other,I,109285,57.1543272
2024,3,06004,"Government College of Engineering & Research, Avasari Khurd",0600460210,Automobile Engineering,OPEN,General,Other,II,105126,59.8892661
2024,3,06004,"Government College of Engineering & Research, Avasari Khurd",0600461210,Mechanical Engineering,OPEN,General,Other,I,27757,90.7095159
2024,3,06004,"Government College of Engineering & Research, Avasari Khurd",0600461210,Mechanical Engineering,SC,General,Other,I,54861,81.0378274
2024,3,06004,"Government College of Engineering & Research, Avasari Khurd",0600461210,Mechanical Engineering,OBC,General,Other,I,35645,88.0156813
2024,3,06004,"Government College of Engineering & Research, Avasari Khurd",0600461210,Mechanical Engineering,OPEN,Defence,State,I,95438,63.5370419
2024,3,06004,"Government College of Engineering & Research, Avasari Khurd",0600461210,Mechanical Engineering,OPEN,TFWS,State,I,54605,81.0485225
2024,3,06004,"Government College of Engineering & Research, Avasari Khurd",0600461210,Mechanical Engineering,EWS,General,State,I,74629,73.3652047
2024,3,06005,"Government College of Engineering, Karad",0600519110,Civil Engineering,OPEN,General,State,I,19879,93.3794724
2024,3,06005,"Government College of Engineering, Karad",0600519110,Civil Engineering,NT1,General,State,I,79160,71.3988776
2024,3,06005,"Government College of Engineering, Karad",0600519110,Civil Engineering,NT2,General,State,I,25624,91.4391389
2024,3,06005,"Government College of Engineering, Karad",0600519110,Civil Engineering,SEBC,General,State,I,32543,89.0036224
2024,3,06005,"Government College of Engineering, Karad",0600519110,Civil Engineering,OPEN,Ladies,State,I,31390,89.3399508
2024,3,06005,"Government College of Engineering, Karad",0600519110,Civil Engineering,ST,Ladies,State,I,108280,57.2537563
2024,3,06005,"Government College of Engineering, Karad",0600519110,Civil Engineering,SEBC,Ladies,State,I,37929,87.0844527
2024,3,06005,"Government College of Engineering, Karad",0600524610,Information Technology,OPEN,General,State,I,10215,96.6084697
2024,3,06005,"Government College of Engineering, Karad",0600524610,Information Technology,NT2,General,State,I,16487,94.524207
2024,3,06005,"Government College of Engineering, Karad",0600524610,Information Technology,SC,Ladies,State,I,34570,88.1925789
2024,3,06005,"Government College of Engineering, Karad",0600524610,Information Technology,OBC,Ladies,State,I,12123,95.9986676
2024,3,06005,"Government College of Engineering, Karad",0600524610,Information Technology,OBC,PWD,State,I,136042,40.99476
2024,3,06005,"Government College of Engineering, Karad",0600529310,Electrical Engineering,OPEN,General,State,I,18451,93.871008
2024,3,06005,"Government College of Engineering, Karad",0600529310,Electrical Engineering,NT1,General,State,I,27514,90.7979989
2024,3,06005,"Government College of Engineering, Karad",0600529310,Electrical Engineering,SEBC,General,State,I,19902,93.3794724
2024,3,06005,"Government College of Engineering, Karad",0600529310,Electrical Engineering,OPEN,Ladies,State,I,10872,96.4106845
2024,3,06005,"Government College of Engineering, Karad",0600529310,Electrical Engineering,OBC,Ladies,State,I,19077,93.6711065
2024,3,06005,"Government College of Engineering, Karad",0600529310,Electrical Engineering,OPEN,Orphan,State,I,21371,92.8912908
2024,3,06005,"Government College of Engineering, Karad",0600537210,Electronics and Telecommunication Engg,OPEN,General,State,I,7524,97.4802749
2024,3,06005,"Government College of Engineering, Karad",0600537210,Electronics and Telecommunication Engg,OBC,General,State,I,13455,95.5459404
2024,3,06005,"Government College of Engineering, Karad",0600537210,Electronics and Telecommunication Engg,SEBC,General,State,I,10683,96.47493
2024,3,06005,"Government College of Engineering, Karad",0600537210,Electronics and Telecommunication Engg,OPEN,Ladies,State,I,14111,95.3015716
2024,3,06005,"Government College of Engineering, Karad",0600537210,Electronics and Telecommunication Engg,OPEN,TFWS,State,I,13541,95.5117816
2024,3,06005,"Government College of Engineering, Karad",0600561210,Mechanical Engineering,SC,General,State,I,51346,82.1878954
2024,3,06005,"Government College of Engineering, Karad",0600561210,Mechanical Engineering,OPEN,Ladies,State,I,25849,91.3238751
2024,3,06007,"Walchand College of Engineering, Sangli",0600719110,Civil Engineering,OPEN,General,State,I,9367,96.8987736
2024,3,06007,"Walchand College of Engineering, Sangli",0600719110,Civil Engineering,NT3,General,State,I,35923,87.8945473
2024,3,06007,"Walchand College of Engineering, Sangli",0600719110,Civil Engineering,SEBC,General,State,I,12506,95.8553634
2024,3,06007,"Walchand College of Engineering, Sangli",0600719110,Civil Engineering,OPEN,General,State,I,5670,98.0867461
2024,3,06007,"Walchand College of Engineering, Sangli",0600719110,Civil Engineering,SC,General,State,I,21421,92.8871646
2024,3,06007,"Walchand College of Engineering, Sangli",0600719110,Civil Engineering,NT2,General,State,I,9080,96.9797234
2024,3,06007,"Walchand College of Engineering, Sangli",0600719110,Civil Engineering,OBC,General,State,I,6649,97.7724112
2024,3,06007,"Walchand College of Engineering, Sangli",0600719110,Civil Engineering,SEBC,General,State,I,8155,97.2862902
2024,3,06007,"Walchand College of Engineering, Sangli",0600719110,Civil Engineering,OBC,Ladies,State,I,5844,98.0320286
2024,3,06007,"Walchand College of Engineering, Sangli",0600719110,Civil Engineering,EWS,General,State,I,6127,97.9277513
2024,3,06007,"Walchand College of Engineering, Sangli",0600724210,Computer Science and Engineering,OPEN,General,State,I,1463,99.4384957
2024,3,06007,"Walchand College of Engineering, Sangli",0600724210,Computer Science and Engineering,SC,General,State,I,8954,97.0354332
2024,3,06007,"Walchand College of Engineering, Sangli",0600724210,Computer Science and Engineering,OBC,General,State,I,1706,99.3601463
2024,3,06007,"Walchand College of Engineering, Sangli",0600724210,Computer Science and Engineering,ST,Ladies,State,I,39390,86.5743889
2024,3,06007,"Walchand College of Engineering, Sangli",0600724210,Computer Science and Engineering,OPEN,General,State,I,2873,98.9776836
2024,3,06007,"Walchand College of Engineering, Sangli",0600724610,Information Technology,OPEN,General,State,I,2978,98.9444814
2024,3,06007,"Walchand College of Engineering, Sangli",0600724610,Information Technology,VJ,General,State,I,8416,97.2109533
2024,3,06007,"Walchand College of Engineering, Sangli",0600724610,Information Technology,OPEN,Ladies,State,I,2786,99.0150854
2024,3,06007,"Walchand College of Engineering, Sangli",0600724610,Information Technology,SEBC,Ladies,State,I,4882,98.3328981
2024,3,06007,"Walchand College of Engineering, Sangli",0600724610,Information Technology,OBC,Defence,State,I,16820,94.4189289
2024,3,06007,"Walchand College of Engineering, Sangli",0600729310,Electrical Engineering,OPEN,General,State,I,6011,97.9793081
2024,3,06007,"Walchand College of Engineering, Sangli",0600729310,Electrical Engineering,SC,General,State,I,17878,94.0609349
2024,3,06007,"Walchand College of Engineering, Sangli",0600729310,Electrical Engineering,OBC,General,State,I,7462,97.5087373
2024,3,06007,"Walchand College of Engineering, Sangli",0600729310,Electrical Engineering,SEBC,General,State,I,8678,97.1295005
2024,3,06007,"Walchand College of Engineering, Sangli",0600729310,Electrical Engineering,OPEN,Ladies,State,I,8150,97.2862902
2024,3,06007,"Walchand College of Engineering, Sangli",0600729310,Electrical Engineering,SC,Ladies,State,I,28347,90.4797169
2024,3,06007,"Walchand College of Engineering, Sangli",0600729310,Electrical Engineering,ST,Ladies,State,I,10124,96.6529259
2024,3,06007,"Walchand College of Engineering, Sangli",0600729310,Electrical Engineering,OPEN,General,State,II,111387,55.8763225
2024,3,06007,"Walchand College of Engineering, Sangli",0600737610,Electronics Engineering,OPEN,General,State,I,4565,98.4474421
2024,3,06007,"Walchand College of Engineering, Sangli",0600737610,Electronics Engineering,OBC,General,State,I,5705,98.0817663
2024,3,06007,"Walchand College of Engineering, Sangli",0600737610,Electronics Engineering,OPEN,Ladies,State,I,5443,98.1506878
2024,3,06007,"Walchand College of Engineering, Sangli",0600737610,Electronics Engineering,OBC,Ladies,State,I,7731,97.4418041
2024,3,06007,"Walchand College of Engineering, Sangli",0600737610,Electronics Engineering,SEBC,Ladies,State,I,6965,97.6886302
2024,3,06007,"Walchand College of Engineering, Sangli",0600737610,Electronics Engineering,OPEN,TFWS,State,I,4432,98.4844069
2024,3,06007,"Walchand College of Engineering, Sangli",0600737610,Electronics Engineering,OPEN,Orphan,State,I,147160,32.8344132
2024,3,06007,"Walchand College of Engineering, Sangli",0600737610,Electronics Engineering,EWS,General,State,I,6514,97.8279243
2024,3,06007,"Walchand College of Engineering, Sangli",0600761210,Mechanical Engineering,OBC,General,State,I,7604,97.4604006
2024,3,06007,"Walchand College of Engineering, Sangli",0600761210,Mechanical Engineering,SEBC,General,State,I,10305,96.6007314
2024,3,06007,"Walchand College of Engineering, Sangli",0600761210,Mechanical Engineering,OPEN,Ladies,State,I,10146,96.6402337
2024,3,06007,"Walchand College of Engineering, Sangli",0600761210,Mechanical Engineering,ST,Ladies,State,I,12466,95.8571012
2024,3,06007,"Walchand College of Engineering, Sangli",0600761210,Mechanical Engineering,OBC,General,State,II,91485,65.722735
2024,3,06007,"Walchand College of Engineering, Sangli",0600761210,Mechanical Engineering,OPEN,General,State,I,3504,98.7825571
2024,3,06007,"Walchand College of Engineering, Sangli",0600761210,Mechanical Engineering,SC,General,State,I,15898,94.7536895
2024,3,06007,"Walchand College of Engineering, Sangli",0600761210,Mechanical Engineering,ST,General,State,I,74538,73.3652047
2024,3,06028,"Department of Technology, Shivaji University, Kolhapur",0602819110,Civil Engineering,OBC,Defence,State,I,159910,22.1725851
2024,3,06028,"Department of Technology, Shivaji University, Kolhapur",0602825410,Computer Science and Technology,OPEN,General,Other,I,31467,89.3321697
2024,3,06028,"Department of Technology, Shivaji University, Kolhapur",0602825410,Computer Science and Technology,SC,General,Other,I,89811,66.4751458
2024,3,06028,"Department of Technology, Shivaji University, Kolhapur",0602825410,Computer Science and Technology,OPEN,Ladies,Other,I,48579,83.4009466
2024,3,06028,"Department of Technology, Shivaji University, Kolhapur",0602825410,Computer Science and Technology,OBC,Defence,State,I,39233,86.6547892
2024,3,06028,"Department of Technology, Shivaji University, Kolhapur",0602825410,Computer Science and Technology,OPEN,TFWS,State,I,76784,72.3242844
2024,3,06028,"Department of Technology, Shivaji University, Kolhapur",0602837210,Electronics and Telecommunication Engg,OPEN,General,Other,I,33023,88.7794539
2024,3,06028,"Department of Technology, Shivaji University, Kolhapur",0602837210,Electronics and Telecommunication Engg,OBC,General,Other,I,60609,78.9173428
2024,3,06028,"Department of Technology, Shivaji University, Kolhapur",0602837210,Electronics and Telecommunication Engg,OPEN,General,Other,II,106591,58.1158577
2024,3,06028,"Department of Technology, Shivaji University, Kolhapur",0602837210,Electronics and Telecommunication Engg,OPEN,General,Other,I,102612,60.2951569
2024,3,06028,"Department of Technology, Shivaji University, Kolhapur",0602850310,Food Technology,OPEN,General,Other,I,25546,92.0988129
2024,3,06028,"Department of Technology, Shivaji University, Kolhapur",0602850310,Food Technology,SC,General,Other,I,123428,52.5315868
2024,3,06028,"Department of Technology, Shivaji University, Kolhapur",0602850310,Food Technology,OPEN,Ladies,Other,I,108380,60.3685769
2024,3,06036,"Government College of Engineering, Kolhapur",0603624210,Computer Science and Engineering,OPEN,General,Other,I,19456,93.5225248
2024,3,06036,"Government College of Engineering, Kolhapur",0603624210,Computer Science and Engineering,SC,General,Other,I,47412,83.6467428
2024,3,06036,"Government College of Engineering, Kolhapur",0603624210,Computer Science and Engineering,OBC,General,Other,I,44193,84.8060392
2024,3,06036,"Government College of Engineering, Kolhapur",0603624210,Computer Science and Engineering,OPEN,General,Other,I,23337,92.2405432
2024,3,06036,"Government College of Engineering, Kolhapur",0603626310,Artificial Intelligence (AI) and Data Science,OPEN,General,Other,I,33059,88.7794539
2024,3,06036,"Government College of Engineering, Kolhapur",0603626310,Artificial Intelligence (AI) and Data Science,SC,General,Other,I,51760,82.1493863
2024,3,06036,"Government College of Engineering, Kolhapur",0603626310,Artificial Intelligence (AI) and Data Science,OBC,General,Other,I,155430,25.7846411
2024,3,06036,"Government College of Engineering, Kolhapur",0603626310,Artificial Intelligence (AI) and Data Science,OPEN,General,Other,I,58805,79.5235744
2024,3,06036,"Government College of Engineering, Kolhapur",0603629310,Electrical Engineering,OPEN,General,Other,I,57256,80.0921435
2024,3,06036,"Government College of Engineering, Kolhapur",0603629310,Electrical Engineering,OBC,General,Other,I,78994,71.4038201
2024,3,06036,"Government College of Engineering, Kolhapur",0603629310,Electrical Engineering,OPEN,General,Other,I,98076,62.8733646
2024,3,06036,"Government College of Engineering, Kolhapur",0603629310,Electrical Engineering,OPEN,General,Other,I,115277,53.8203081
2024,3,06036,"Government College of Engineering, Kolhapur",0603637210,Electronics and Telecommunication Engg,OPEN,General,Other,I,48348,83.4700421
2024,3,06036,"Government College of Engineering, Kolhapur",0603637210,Electronics and Telecommunication Engg,OBC,General,Other,I,159672,22.2282247
2024,3,06036,"Government College of Engineering, Kolhapur",0603637210,Electronics and Telecommunication Engg,OPEN,Ladies,Other,I,70729,74.9324465
2024,3,06036,"Government College of Engineering, Kolhapur",0603637210,Electronics and Telecommunication Engg,OPEN,Defence,State,I,108327,57.2537563
2024,3,06036,"Government College of Engineering, Kolhapur",0603637210,Electronics and Telecommunication Engg,OBC,Defence,State,I,37197,87.3943543
2024,3,06036,"Government College of Engineering, Kolhapur",0603637210,Electronics and Telecommunication Engg,OPEN,TFWS,State,I,71201,74.5088207
2024,3,06122,"TSSMS's Pd. Vasantdada Patil Institute of Technology, Bavdhan, Pune",0612219110,Civil Engineering,SC,General,Other,I,114781,54.0550229
2024,3,06122,"TSSMS's Pd. Vasantdada Patil Institute of Technology, Bavdhan, Pune",0612219110,Civil Engineering,OBC,General,Other,I,129350,45.4574846
2024,3,06122,"TSSMS's Pd. Vasantdada Patil Institute of Technology, Bavdhan, Pune",0612219110,Civil Engineering,OPEN,Ladies,Other,I,133147,42.8773305
2024,3,06122,"TSSMS's Pd. Vasantdada Patil Institute of Technology, Bavdhan, Pune",0612224510,Computer Engineering,OPEN,General,Other,I,23997,91.9723529
2024,3,06122,"TSSMS's Pd. Vasantdada Patil Institute of Technology, Bavdhan, Pune",0612224510,Computer Engineering,SC,General,Other,I,33524,88.632522
2024,3,06122,"TSSMS's Pd. Vasantdada Patil Institute of Technology, Bavdhan, Pune",0612224510,Computer Engineering,OBC,General,Other,I,50276,82.7090241
2024,3,06122,"TSSMS's Pd. Vasantdada Patil Institute of Technology, Bavdhan, Pune",0612224510,Computer Engineering,OPEN,Ladies,Other,I,31921,89.2602313
2024,3,06122,"TSSMS's Pd. Vasantdada Patil Institute of Technology, Bavdhan, Pune",0612224510,Computer Engineering,OPEN,General,Other,I,62601,77.8466015
2024,3,06122,"TSSMS's Pd. Vasantdada Patil Institute of Technology, Bavdhan, Pune",0612261210,Mechanical Engineering,OPEN,General,Other,I,100295,61.6354671
2024,3,06122,"TSSMS's Pd. Vasantdada Patil Institute of Technology, Bavdhan, Pune",0612261210,Mechanical Engineering,SC,General,Other,I,113681,54.3568289
2024,3,06122,"TSSMS's Pd. Vasantdada Patil Institute of Technology, Bavdhan, Pune",0612261210,Mechanical Engineering,OBC,General,Other,I,127178,46.3828235
2024,3,06122,"TSSMS's Pd. Vasantdada Patil Institute of Technology, Bavdhan, Pune",0612261210,Mechanical Engineering,OPEN,Ladies,Other,I,133934,42.2207447
2024,3,06122,"TSSMS's Pd. Vasantdada Patil Institute of Technology, Bavdhan, Pune",0612291210,Computer Science and Engineering(Data Science),OPEN,General,Other,I,35591,88.0156813
2024,3,06122,"TSSMS's Pd. Vasantdada Patil Institute of Technology, Bavdhan, Pune",0612291210,Computer Science and Engineering(Data Science),OPEN,Ladies,Other,I,61357,78.4507504
2024,3,06122,"TSSMS's Pd. Vasantdada Patil Institute of Technology, Bavdhan, Pune",0612291210,Computer Science and Engineering(Data Science),OPEN,General,Other,I,99386,62.7216425
2024,3,06122,"TSSMS's Pd. Vasantdada Patil Institute of Technology, Bavdhan, Pune",0612291210,Computer Science and Engineering(Data Science),OPEN,Ladies,Other,I,73492,73.7743452
2024,3,06138,"Genba Sopanrao Moze Trust Parvatibai Genba Moze College of Engineering,Wagholi, Pune",0613824510,Computer Engineering,OPEN,General,Other,I,42888,85.3422371
2024,3,06138,"Genba Sopanrao Moze Trust Parvatibai Genba Moze College of Engineering,Wagholi, Pune",0613824510,Computer Engineering,OBC,General,Other,I,140659,37.6881791
2024,3,06138,"Genba Sopanrao Moze Trust Parvatibai Genba Moze College of Engineering,Wagholi, Pune",0613824510,Computer Engineering,OPEN,Ladies,Other,I,53797,81.3894523
2024,3,06138,"Genba Sopanrao Moze Trust Parvatibai Genba Moze College of Engineering,Wagholi, Pune",0613824510,Computer Engineering,OPEN,Defence,State,I,55845,80.5929134
2024,3,06138,"Genba Sopanrao Moze Trust Parvatibai Genba Moze College of Engineering,Wagholi, Pune",0613824510,Computer Engineering,OPEN,TFWS,State,I,50557,82.6959019
2024,3,06138,"Genba Sopanrao Moze Trust Parvatibai Genba Moze College of Engineering,Wagholi, Pune",0613824510,Computer Engineering,OPEN,Orphan,State,I,90865,65.9366282
2024,3,06138,"Genba Sopanrao Moze Trust Parvatibai Genba Moze College of Engineering,Wagholi, Pune",0613824610,Information Technology,OPEN,General,Other,I,52085,81.9801476
2024,3,06138,"Genba Sopanrao Moze Trust Parvatibai Genba Moze College of Engineering,Wagholi, Pune",0613824610,Information Technology,SC,General,Other,I,76820,72.3242844
2024,3,06138,"Genba Sopanrao Moze Trust Parvatibai Genba Moze College of Engineering,Wagholi, Pune",0613824610,Information Technology,OBC,General,Other,I,52210,81.934184
2024,3,06138,"Genba Sopanrao Moze Trust Parvatibai Genba Moze College of Engineering,Wagholi, Pune",0613824610,Information Technology,OPEN,Ladies,Other,I,57581,80.003358
2024,3,06138,"Genba Sopanrao Moze Trust Parvatibai Genba Moze College of Engineering,Wagholi, Pune",0613824610,Information Technology,OBC,Defence,State,I,107922,57.3310702
2024,3,06138,"Genba Sopanrao Moze Trust Parvatibai Genba Moze College of Engineering,Wagholi, Pune",0613824610,Information Technology,OPEN,TFWS,State,I,57306,80.0615027
2024,3,06138,"Genba Sopanrao Moze Trust Parvatibai Genba Moze College of Engineering,Wagholi, Pune",0613824610,Information Technology,OPEN,Orphan,State,I,107034,57.9919409
2024,3,06138,"Genba Sopanrao Moze Trust Parvatibai Genba Moze College of Engineering,Wagholi, Pune",0613826310,Artificial Intelligence (AI) and Data Science,OPEN,General,Other,I,57514,80.003358
2024,3,06138,"Genba Sopanrao Moze Trust Parvatibai Genba Moze College of Engineering,Wagholi, Pune",0613826310,Artificial Intelligence (AI) and Data Science,SC,General,Other,I,60183,78.9969285
2024,3,06138,"Genba Sopanrao Moze Trust Parvatibai Genba Moze College of Engineering,Wagholi, Pune",0613826310,Artificial Intelligence (AI) and Data Science,OPEN,General,Other,I,58911,79.4895283
2024,3,06138,"Genba Sopanrao Moze Trust Parvatibai Genba Moze College of Engineering,Wagholi, Pune",0613826310,Artificial Intelligence (AI) and Data Science,SC,General,Other,I,121313,50.6004122
2024,3,06138,"Genba Sopanrao Moze Trust Parvatibai Genba Moze College of Engineering,Wagholi, Pune",0613837210,Electronics and Telecommunication Engg,OPEN,General,Other,I,57335,80.0615027
2024,3,06138,"Genba Sopanrao Moze Trust Parvatibai Genba Moze College of Engineering,Wagholi, Pune",0613837210,Electronics and Telecommunication Engg,SC,General,Other,I,87303,67.8440824
2024,3,06138,"Genba Sopanrao Moze Trust Parvatibai Genba Moze College of Engineering,Wagholi, Pune",0613837210,Electronics and Telecommunication Engg,OBC,General,Other,I,75598,72.8176141
2024,3,06138,"Genba Sopanrao Moze Trust Parvatibai Genba Moze College of Engineering,Wagholi, Pune",0613837210,Electronics and Telecommunication Engg,OPEN,Ladies,Other,I,65289,76.7997668
2024,3,06138,"Genba Sopanrao Moze Trust Parvatibai Genba Moze College of Engineering,Wagholi, Pune",0613837210,Electronics and Telecommunication Engg,OPEN,Defence,State,I,92819,65.3627105
2024,3,06138,"Genba Sopanrao Moze Trust Parvatibai Genba Moze College of Engineering,Wagholi, Pune",0613837210,Electronics and Telecommunication Engg,OPEN,TFWS,State,I,54558,81.0485225
2024,3,06138,"Genba Sopanrao Moze Trust Parvatibai Genba Moze College of Engineering,Wagholi, Pune",0613837210,Electronics and Telecommunication Engg,EWS,General,State,I,133196,42.725346
2024,3,06139,"Progressive Education Society's Modern College of Engineering, Pune",0613924510,Computer Engineering,OPEN,General,State,I,14122,95.3015716
2024,3,06139,"Progressive Education Society's Modern College of Engineering, Pune",0613924510,Computer Engineering,SC,General,State,I,28024,90.5913294
2024,3,06139,"Progressive Education Society's Modern College of Engineering, Pune",0613924510,Computer Engineering,ST,General,State,I,104164,60.1291862
2024,3,06139,"Progressive Education Society's Modern College of Engineering, Pune",0613924510,Computer Engineering,NT2,General,State,I,14259,95.2773852
2024,3,06139,"Progressive Education Society's Modern College of Engineering, Pune",0613924510,Computer Engineering,OBC,General,State,I,16085,94.6574281
2024,3,06139,"Progressive Education Society's Modern College of Engineering, Pune",0613924510,Computer Engineering,OPEN,Ladies,State,I,14562,95.1867816
2024,3,06139,"Progressive Education Society's Modern College of Engineering, Pune",0613924510,Computer Engineering,OBC,Ladies,State,I,16548,94.5227112
2024,3,06139,"Progressive Education Society's Modern College of Engineering, Pune",0613924510,Computer Engineering,SEBC,Ladies,State,I,15959,94.689576
2024,3,06139,"Progressive Education Society's Modern College of Engineering, Pune",0613924510,Computer Engineering,OPEN,PWD,State,I,150194,30.8111882
2024,3,06139,"Progressive Education Society's Modern College of Engineering, Pune",0613924510,Computer Engineering,OPEN,TFWS,State,I,14558,95.1867816
2024,3,06139,"Progressive Education Society's Modern College of Engineering, Pune",0613924510,Computer Engineering,OPEN,Orphan,State,I,21751,92.7315754
2024,3,06139,"Progressive Education Society's Modern College of Engineering, Pune",0613924610,Information Technology,OPEN,General,State,I,16574,94.5198836
2024,3,06139,"Progressive Education Society's Modern College of Engineering, Pune",0613924610,Information Technology,ST,General,State,I,138818,38.8849565
2024,3,06139,"Progressive Education Society's Modern College of Engineering, Pune",0613924610,Information Technology,NT2,General,State,I,16735,94.4433332
2024,3,06139,"Progressive Education Society's Modern College of Engineering, Pune",0613924610,Information Technology,OBC,General,State,I,17013,94.3388464
2024,3,06139,"Progressive Education Society's Modern College of Engineering, Pune",0613924610,Information Technology,OPEN,Ladies,State,I,16833,94.4189289
2024,3,06139,"Progressive Education Society's Modern College of Engineering, Pune",0613924610,Information Technology,ST,Ladies,State,I,122140,50.0353239
2024,3,06139,"Progressive Education Society's Modern College of Engineering, Pune",0613924610,Information Technology,OBC,Ladies,State,I,17085,94.3331807
2024,3,06139,"Progressive Education Society's Modern College of Engineering, Pune",0613924610,Information Technology,OPEN,Orphan,State,I,23519,92.1947909
2024,3,06139,"Progressive Education Society's Modern College of Engineering, Pune",0613929310,Electrical Engineering,OPEN,General,State,I,44454,84.6402007
2024,3,06139,"Progressive Education Society's Modern College of Engineering, Pune",0613929310,Electrical Engineering,SC,General,State,I,79033,71.4038201
2024,3,06139,"Progressive Education Society's Modern College of Engineering, Pune",0613929310,Electrical Engineering,ST,General,State,I,115453,53.7694785
2024,3,06139,"Progressive Education Society's Modern College of Engineering, Pune",0613929310,Electrical Engineering,OBC,General,State,I,46303,84.1570554
2024,3,06139,"Progressive Education Society's Modern College of Engineering, Pune",0613929310,Electrical Engineering,OPEN,Ladies,State,I,31754,89.2835379
2024,3,06139,"Progressive Education Society's Modern College of Engineering, Pune",0613929310,Electrical Engineering,ST,Ladies,State,I,85208,68.7156482
2024,3,06139,"Progressive Education Society's Modern College of Engineering, Pune",0613929310,Electrical Engineering,NT2,Ladies,State,I,33942,88.553941
2024,3,06139,"Progressive Education Society's Modern College of Engineering, Pune",0613929310,Electrical Engineering,OBC,Ladies,State,I,96207,63.2687832
2024,3,06139,"Progressive Education Society's Modern College of Engineering, Pune",0613929310,Electrical Engineering,OBC,PWD,State,I,27015,90.9279807
2024,3,06139,"Progressive Education Society's Modern College of Engineering, Pune",0613929310,Electrical Engineering,OPEN,TFWS,State,I,109845,57.0470967
2024,3,06139,"Progressive Education Society's Modern College of Engineering, Pune",0613937210,Electronics and Telecommunication Engg,OPEN,General,State,I,20966,93.0070517
2024,3,06139,"Progressive Education Society's Modern College of Engineering, Pune",0613937210,Electronics and Telecommunication Engg,SC,General,State,I,44725,84.5942451
2024,3,06139,"Progressive Education Society's Modern College of Engineering, Pune",0613937210,Electronics and Telecommunication Engg,ST,General,State,I,169472,13.0626183
2024,3,06139,"Progressive Education Society's Modern College of Engineering, Pune",0613937210,Electronics and Telecommunication Engg,OBC,General,State,I,22818,92.4262209
2024,3,06139,"Progressive Education Society's Modern College of Engineering, Pune",0613937210,Electronics and Telecommunication Engg,OPEN,Ladies,State,I,19573,93.4772066
2024,3,06139,"Progressive Education Society's Modern College of Engineering, Pune",0613937210,Electronics and Telecommunication Engg,SC,Ladies,State,I,40896,86.0863663
2024,3,06139,"Progressive Education Society's Modern College of Engineering, Pune",0613937210,Electronics and Telecommunication Engg,OBC,Ladies,State,I,21266,92.9153295
2024,3,06139,"Progressive Education Society's Modern College of Engineering, Pune",0613937210,Electronics and Telecommunication Engg,OPEN,PWD,State,I,20551,93.1559091
2024,3,06139,"Progressive Education Society's Modern College of Engineering, Pune",0613961210,Mechanical Engineering,OPEN,General,State,I,47152,83.7440631
2024,3,06139,"Progressive Education Society's Modern College of Engineering, Pune",0613961210,Mechanical Engineering,ST,General,State,I,73020,73.8486985
2024,3,06139,"Progressive Education Society's Modern College of Engineering, Pune",0613961210,Mechanical Engineering,NT1,General,State,I,63398,77.820685
2024,3,06139,"Progressive Education Society's Modern College of Engineering, Pune",0613961210,Mechanical Engineering,NT3,General,State,I,47447,83.639399
2024,3,06139,"Progressive Education Society's Modern College of Engineering, Pune",0613961210,Mechanical Engineering,OBC,General,State,I,55384,80.7840564
2024,3,06139,"Progressive Education Society's Modern College of Engineering, Pune",0613961210,Mechanical Engineering,OPEN,Ladies,State,I,87605,67.6869909
2024,3,06139,"Progressive Education Society's Modern College of Engineering, Pune",0613961210,Mechanical Engineering,SC,Ladies,State,I,156899,24.7657909
2024,3,06139,"Progressive Education Society's Modern College of Engineering, Pune",0613961210,Mechanical Engineering,NT1,Ladies,State,I,58950,79.4895283
2024,3,06139,"Progressive Education Society's Modern College of Engineering, Pune",0613961210,Mechanical Engineering,OBC,Ladies,State,I,29811,89.9248303
2024,3,06139,"Progressive Education Society's Modern College of Engineering, Pune",0613961210,Mechanical Engineering,OPEN,PWD,State,I,133742,42.2216419
2024,3,06139,"Progressive Education Society's Modern College of Engineering, Pune",0613984410,Electronics and Computer Engineering,OPEN,General,State,I,19316,93.5406895
2024,3,06139,"Progressive Education Society's Modern College of Engineering, Pune",0613984410,Electronics and Computer Engineering,SC,General,State,I,40234,86.1969983
2024,3,06139,"Progressive Education Society's Modern College of Engineering, Pune",0613984410,Electronics and Computer Engineering,ST,General,State,I,41115,85.9711131
2024,3,06139,"Progressive Education Society's Modern College of Engineering, Pune",0613984410,Electronics and Computer Engineering,VJ,General,State,I,21841,92.7108008
2024,3,06139,"Progressive Education Society's Modern College of Engineering, Pune",0613984410,Electronics and Computer Engineering,ST,Ladies,State,I,20336,93.2403522
2024,3,06139,"Progressive Education Society's Modern College of Engineering, Pune",0613984410,Electronics and Computer Engineering,SEBC,Ladies,State,I,31939,89.2602313
2024,3,06139,"Progressive Education Society's Modern College of Engineering, Pune",0613992110,Artificial Intelligence and Machine Learning,OPEN,General,State,I,18439,93.871008
2024,3,06139,"Progressive Education Society's Modern College of Engineering, Pune",0613992110,Artificial Intelligence and Machine Learning,SC,General,State,I,36608,87.5036363
2024,3,06139,"Progressive Education Society's Modern College of Engineering, Pune",0613992110,Artificial Intelligence and Machine Learning,OBC,General,State,I,18864,93.7458444
2024,3,06139,"Progressive Education Society's Modern College of Engineering, Pune",0613992110,Artificial Intelligence and Machine Learning,OPEN,Ladies,State,I,18415,93.8756856
2024,3,06139,"Progressive Education Society's Modern College of Engineering, Pune",0613992110,Artificial Intelligence and Machine Learning,OBC,Ladies,State,I,18691,93.833949
2024,3,06139,"Progressive Education Society's Modern College of Engineering, Pune",0613992110,Artificial Intelligence and Machine Learning,OPEN,TFWS,State,I,16695,94.4451717
2024,3,06139,"Progressive Education Society's Modern College of Engineering, Pune",0613992110,Artificial Intelligence and Machine Learning,EWS,General,State,I,29902,89.9196403
2024,3,06139,"Progressive Education Society's Modern College of Engineering, Pune",0613999510,Artificial Intelligence and Data Science,OPEN,General,State,I,17809,94.0878795
2024,3,06139,"Progressive Education Society's Modern College of Engineering, Pune",0613999510,Artificial Intelligence and Data Science,OBC,General,State,I,18360,93.8767748
2024,3,06139,"Progressive Education Society's Modern College of Engineering, Pune",0613999510,Artificial Intelligence and Data Science,OPEN,Ladies,State,I,17208,94.303005
2024,3,06139,"Progressive Education Society's Modern College of Engineering, Pune",0613999510,Artificial Intelligence and Data Science,SC,Ladies,State,I,39005,86.7139959
2024,3,06139,"Progressive Education Society's Modern College of Engineering, Pune",0613999510,Artificial Intelligence and Data Science,OPEN,PWD,State,I,27924,90.6140311
2024,3,06141,"Jaywant Shikshan Prasarak Mandal's,Rajarshi Shahu College of Engineering, Tathawade, Pune",0614119110,Civil Engineering,OPEN,General,State,I,49520,82.8590175
2024,3,06141,"Jaywant Shikshan Prasarak Mandal's,Rajarshi Shahu College of Engineering, Tathawade, Pune",0614119110,Civil Engineering,OBC,General,State,I,59773,79.1318865
2024,3,06141,"Jaywant Shikshan Prasarak Mandal's,Rajarshi Shahu College of Engineering, Tathawade, Pune",0614119110,Civil Engineering,SC,Ladies,State,I,78172,71.716606
2024,3,06141,"Jaywant Shikshan Prasarak Mandal's,Rajarshi Shahu College of Engineering, Tathawade, Pune",0614119110,Civil Engineering,SEBC,Ladies,State,I,47629,83.5806009
2024,3,06141,"Jaywant Shikshan Prasarak Mandal's,Rajarshi Shahu College of Engineering, Tathawade, Pune",0614119110,Civil Engineering,OPEN,Defence,State,I,86124,68.2901694
2024,3,06141,"Jaywant Shikshan Prasarak Mandal's,Rajarshi Shahu College of Engineering, Tathawade, Pune",0614119110,Civil Engineering,EWS,General,State,I,80916,70.5215521
2024,3,06141,"Jaywant Shikshan Prasarak Mandal's,Rajarshi Shahu College of Engineering, Tathawade, Pune",0614124510,Computer Engineering,OPEN,General,State,I,10098,96.6592611
2024,3,06141,"Jaywant Shikshan Prasarak Mandal's,Rajarshi Shahu College of Engineering, Tathawade, Pune",0614124510,Computer Engineering,SC,General,State,I,25528,91.491173
2024,3,06141,"Jaywant Shikshan Prasarak Mandal's,Rajarshi Shahu College of Engineering, Tathawade, Pune",0614124510,Computer Engineering,NT1,General,State,I,15537,94.8262965
2024,3,06141,"Jaywant Shikshan Prasarak Mandal's,Rajarshi Shahu College of Engineering, Tathawade, Pune",0614124510,Computer Engineering,OBC,General,State,I,10858,96.4124538
2024,3,06141,"Jaywant Shikshan Prasarak Mandal's,Rajarshi Shahu College of Engineering, Tathawade, Pune",0614124510,Computer Engineering,SEBC,General,State,I,11044,96.3500312
2024,3,06141,"Jaywant Shikshan Prasarak Mandal's,Rajarshi Shahu College of Engineering, Tathawade, Pune",0614124510,Computer Engineering,OPEN,Ladies,State,I,8938,97.0436452
2024,3,06141,"Jaywant Shikshan Prasarak Mandal's,Rajarshi Shahu College of Engineering, Tathawade, Pune",0614124510,Computer Engineering,ST,Ladies,State,I,178329,1.9947637
2024,3,06141,"Jaywant Shikshan Prasarak Mandal's,Rajarshi Shahu College of Engineering, Tathawade, Pune",0614124510,Computer Engineering,SEBC,Ladies,State,I,12328,95.9432049
2024,3,06141,"Jaywant Shikshan Prasarak Mandal's,Rajarshi Shahu College of Engineering, Tathawade, Pune",0614124510,Computer Engineering,OBC,Defence,State,I,28461,90.4350482
2024,3,06141,"Jaywant Shikshan Prasarak Mandal's,Rajarshi Shahu College of Engineering, Tathawade, Pune",0614124510,Computer Engineering,EWS,General,State,I,16547,94.5227112
2024,3,06141,"Jaywant Shikshan Prasarak Mandal's,Rajarshi Shahu College of Engineering, Tathawade, Pune",0614124610,Information Technology,OPEN,General,State,I,11501,96.1956995
2024,3,06141,"Jaywant Shikshan Prasarak Mandal's,Rajarshi Shahu College of Engineering, Tathawade, Pune",0614124610,Information Technology,OBC,General,State,I,11915,96.0561858
2024,3,06141,"Jaywant Shikshan Prasarak Mandal's,Rajarshi Shahu College of Engineering, Tathawade, Pune",0614124610,Information Technology,SEBC,General,State,I,12577,95.8373747
2024,3,06141,"Jaywant Shikshan Prasarak Mandal's,Rajarshi Shahu College of Engineering, Tathawade, Pune",0614124610,Information Technology,OPEN,Ladies,State,I,11929,96.0561858
2024,3,06141,"Jaywant Shikshan Prasarak Mandal's,Rajarshi Shahu College of Engineering, Tathawade, Pune",0614124610,Information Technology,SC,Ladies,State,I,29983,89.8898358
2024,3,06141,"Jaywant Shikshan Prasarak Mandal's,Rajarshi Shahu College of Engineering, Tathawade, Pune",0614124610,Information Technology,SEBC,Ladies,State,I,12779,95.7929744
2024,3,06141,"Jaywant Shikshan Prasarak Mandal's,Rajarshi Shahu College of Engineering, Tathawade, Pune",0614124610,Information Technology,OPEN,Defence,State,I,21431,92.8871646
2024,3,06141,"Jaywant Shikshan Prasarak Mandal's,Rajarshi Shahu College of Engineering, Tathawade, Pune",0614124610,Information Technology,EWS,General,State,I,19141,93.6707809
2024,3,06141,"Jaywant Shikshan Prasarak Mandal's,Rajarshi Shahu College of Engineering, Tathawade, Pune",0614126210,Computer Science and Business Systems,OPEN,General,State,I,12207,95.9635156
2024,3,06141,"Jaywant Shikshan Prasarak Mandal's,Rajarshi Shahu College of Engineering, Tathawade, Pune",0614126210,Computer Science and Business Systems,SC,General,State,I,35881,87.920678
2024,3,06141,"Jaywant Shikshan Prasarak Mandal's,Rajarshi Shahu College of Engineering, Tathawade, Pune",0614126210,Computer Science and Business Systems,ST,General,State,I,114607,54.0550229
2024,3,06141,"Jaywant Shikshan Prasarak Mandal's,Rajarshi Shahu College of Engineering, Tathawade, Pune",0614126210,Computer Science and Business Systems,SEBC,General,State,I,13974,95.3789894
2024,3,06141,"Jaywant Shikshan Prasarak Mandal's,Rajarshi Shahu College of Engineering, Tathawade, Pune",0614126210,Computer Science and Business Systems,SC,Ladies,State,I,30151,89.874785
2024,3,06141,"Jaywant Shikshan Prasarak Mandal's,Rajarshi Shahu College of Engineering, Tathawade, Pune",0614126210,Computer Science and Business Systems,OBC,Ladies,State,I,15768,94.7829716
2024,3,06141,"Jaywant Shikshan Prasarak Mandal's,Rajarshi Shahu College of Engineering, Tathawade, Pune",0614126210,Computer Science and Business Systems,SEBC,Ladies,State,I,14896,95.0451763
2024,3,06141,"Jaywant Shikshan Prasarak Mandal's,Rajarshi Shahu College of Engineering, Tathawade, Pune",0614126210,Computer Science and Business Systems,OPEN,TFWS,State,I,11359,96.2307277
2024,3,06141,"Jaywant Shikshan Prasarak Mandal's,Rajarshi Shahu College of Engineering, Tathawade, Pune",0614126210,Computer Science and Business Systems,OBC,Defence,State,I,36549,87.5123219
2024,3,06141,"Jaywant Shikshan Prasarak Mandal's,Rajarshi Shahu College of Engineering, Tathawade, Pune",0614126210,Computer Science and Business Systems,EWS,General,State,I,23210,92.2801912
2024,3,06141,"Jaywant Shikshan Prasarak Mandal's,Rajarshi Shahu College of Engineering, Tathawade, Pune",0614129310,Electrical Engineering,OPEN,General,State,I,23102,92.3038397
2024,3,06141,"Jaywant Shikshan Prasarak Mandal's,Rajarshi Shahu College of Engineering, Tathawade, Pune",0614129310,Electrical Engineering,SEBC,General,State,I,34244,88.4426131
2024,3,06141,"Jaywant Shikshan Prasarak Mandal's,Rajarshi Shahu College of Engineering, Tathawade, Pune",0614129310,Electrical Engineering,OPEN,Ladies,State,I,28474,90.4350482
2024,3,06141,"Jaywant Shikshan Prasarak Mandal's,Rajarshi Shahu College of Engineering, Tathawade, Pune",0614129310,Electrical Engineering,OBC,Ladies,State,I,32854,88.890236
2024,3,06141,"Jaywant Shikshan Prasarak Mandal's,Rajarshi Shahu College of Engineering, Tathawade, Pune",0614129310,Electrical Engineering,SEBC,Ladies,State,I,33915,88.553941
2024,3,06141,"Jaywant Shikshan Prasarak Mandal's,Rajarshi Shahu College of Engineering, Tathawade, Pune",0614129310,Electrical Engineering,OPEN,PWD,State,I,171303,11.0205778
2024,3,06141,"Jaywant Shikshan Prasarak Mandal's,Rajarshi Shahu College of Engineering, Tathawade, Pune",0614137210,Electronics and Telecommunication Engg,OPEN,General,State,I,17178,94.303005
2024,3,06141,"Jaywant Shikshan Prasarak Mandal's,Rajarshi Shahu College of Engineering, Tathawade, Pune",0614137210,Electronics and Telecommunication Engg,ST,General,State,I,161724,20.9331029
2024,3,06141,"Jaywant Shikshan Prasarak Mandal's,Rajarshi Shahu College of Engineering, Tathawade, Pune",0614137210,Electronics and Telecommunication Engg,OBC,General,State,I,19432,93.5275353
2024,3,06141,"Jaywant Shikshan Prasarak Mandal's,Rajarshi Shahu College of Engineering, Tathawade, Pune",0614137210,Electronics and Telecommunication Engg,SEBC,General,State,I,19592,93.4764585
2024,3,06141,"Jaywant Shikshan Prasarak Mandal's,Rajarshi Shahu College of Engineering, Tathawade, Pune",0614137210,Electronics and Telecommunication Engg,OPEN,Ladies,State,I,17919,94.0591659
2024,3,06141,"Jaywant Shikshan Prasarak Mandal's,Rajarshi Shahu College of Engineering, Tathawade, Pune",0614137210,Electronics and Telecommunication Engg,SC,Ladies,State,I,39275,86.6547892
2024,3,06141,"Jaywant Shikshan Prasarak Mandal's,Rajarshi Shahu College of Engineering, Tathawade, Pune",0614137210,Electronics and Telecommunication Engg,ST,Ladies,State,I,18554,93.8694333
2024,3,06141,"Jaywant Shikshan Prasarak Mandal's,Rajarshi Shahu College of Engineering, Tathawade, Pune",0614137210,Electronics and Telecommunication Engg,SEBC,Ladies,State,I,42877,85.3426422
2024,3,06141,"Jaywant Shikshan Prasarak Mandal's,Rajarshi Shahu College of Engineering, Tathawade, Pune",0614137210,Electronics and Telecommunication Engg,OPEN,PWD,State,I,30396,89.778798
2024,3,06141,"Jaywant Shikshan Prasarak Mandal's,Rajarshi Shahu College of Engineering, Tathawade, Pune",0614161210,Mechanical Engineering,OPEN,General,State,I,31026,89.4907774
2024,3,06141,"Jaywant Shikshan Prasarak Mandal's,Rajarshi Shahu College of Engineering, Tathawade, Pune",0614161210,Mechanical Engineering,SC,General,State,I,56760,80.2743712
2024,3,06141,"Jaywant Shikshan Prasarak Mandal's,Rajarshi Shahu College of Engineering, Tathawade, Pune",0614161210,Mechanical Engineering,ST,General,State,I,62521,77.8466015
2024,3,06141,"Jaywant Shikshan Prasarak Mandal's,Rajarshi Shahu College of Engineering, Tathawade, Pune",0614161210,Mechanical Engineering,VJ,General,State,I,44926,84.5731157
2024,3,06141,"Jaywant Shikshan Prasarak Mandal's,Rajarshi Shahu College of Engineering, Tathawade, Pune",0614161210,Mechanical Engineering,NT2,General,State,I,42846,85.3426422
2024,3,06141,"Jaywant Shikshan Prasarak Mandal's,Rajarshi Shahu College of Engineering, Tathawade, Pune",0614161210,Mechanical Engineering,OPEN,Ladies,State,I,88450,67.5033807
2024,3,06141,"Jaywant Shikshan Prasarak Mandal's,Rajarshi Shahu College of Engineering, Tathawade, Pune",0614161210,Mechanical Engineering,SC,Ladies,State,I,69803,75.2159961
2024,3,06141,"Jaywant Shikshan Prasarak Mandal's,Rajarshi Shahu College of Engineering, Tathawade, Pune",0614161210,Mechanical Engineering,NT1,Ladies,State,I,73697,73.5848302
2024,3,06141,"Jaywant Shikshan Prasarak Mandal's,Rajarshi Shahu College of Engineering, Tathawade, Pune",0614161210,Mechanical Engineering,NT2,Ladies,State,I,108425,57.2537563
2024,3,06141,"Jaywant Shikshan Prasarak Mandal's,Rajarshi Shahu College of Engineering, Tathawade, Pune",0614161210,Mechanical Engineering,NT3,Ladies,State,I,45101,84.524207
2024,3,06141,"Jaywant Shikshan Prasarak Mandal's,Rajarshi Shahu College of Engineering, Tathawade, Pune",0614161210,Mechanical Engineering,OBC,Ladies,State,I,52838,81.7658119
2024,3,06141,"Jaywant Shikshan Prasarak Mandal's,Rajarshi Shahu College of Engineering, Tathawade, Pune",0614161210,Mechanical Engineering,OPEN,Defence,State,I,107658,57.414259
2024,3,06141,"Jaywant Shikshan Prasarak Mandal's,Rajarshi Shahu College of Engineering, Tathawade, Pune",0614191610,Automation and Robotics,OPEN,General,State,I,24313,91.8929842
2024,3,06141,"Jaywant Shikshan Prasarak Mandal's,Rajarshi Shahu College of Engineering, Tathawade, Pune",0614191610,Automation and Robotics,SC,General,State,I,39952,86.2308451
2024,3,06141,"Jaywant Shikshan Prasarak Mandal's,Rajarshi Shahu College of Engineering, Tathawade, Pune",0614191610,Automation and Robotics,ST,General,State,I,41771,85.5759641
2024,3,06141,"Jaywant Shikshan Prasarak Mandal's,Rajarshi Shahu College of Engineering, Tathawade, Pune",0614191610,Automation and Robotics,NT3,General,State,I,23810,92.0938243
2024,3,06141,"Jaywant Shikshan Prasarak Mandal's,Rajarshi Shahu College of Engineering, Tathawade, Pune",0614191610,Automation and Robotics,OPEN,Ladies,State,I,25352,91.5509861
2024,3,06141,"Jaywant Shikshan Prasarak Mandal's,Rajarshi Shahu College of Engineering, Tathawade, Pune",0614191610,Automation and Robotics,OBC,Ladies,State,I,42162,85.455686
2024,3,06144,"Genba Sopanrao Moze College of Engineering, Baner-Balewadi, Pune",0614419110,Civil Engineering,OPEN,General,Other,I,79807,71.1376941
2024,3,06144,"Genba Sopanrao Moze College of Engineering, Baner-Balewadi, Pune",0614419110,Civil Engineering,SC,General,Other,I,127679,46.3657898
2024,3,06144,"Genba Sopanrao Moze College of Engineering, Baner-Balewadi, Pune",0614419110,Civil Engineering,OBC,General,Other,I,90967,65.9366282
2024,3,06144,"Genba Sopanrao Moze College of Engineering, Baner-Balewadi, Pune",0614419110,Civil Engineering,OPEN,General,Other,II,105916,58.5786927
2024,3,06144,"Genba Sopanrao Moze College of Engineering, Baner-Balewadi, Pune",0614419110,Civil Engineering,OPEN,General,Other,I,176174,4.9568966
2024,3,06144,"Genba Sopanrao Moze College of Engineering, Baner-Balewadi, Pune",0614424510,Computer Engineering,OPEN,General,Other,I,47617,83.5806009
2024,3,06144,"Genba Sopanrao Moze College of Engineering, Baner-Balewadi, Pune",0614424510,Computer Engineering,SC,General,Other,I,67113,76.2466193
2024,3,06144,"Genba Sopanrao Moze College of Engineering, Baner-Balewadi, Pune",0614424510,Computer Engineering,OBC,General,Other,I,65372,76.7997668
2024,3,06144,"Genba Sopanrao Moze College of Engineering, Baner-Balewadi, Pune",0614424510,Computer Engineering,OPEN,Ladies,Other,I,51373,82.1878954
2024,3,06144,"Genba Sopanrao Moze College of Engineering, Baner-Balewadi, Pune",0614424510,Computer Engineering,OPEN,Defence,State,I,61136,78.5613347
2024,3,06144,"Genba Sopanrao Moze College of Engineering, Baner-Balewadi, Pune",0614424510,Computer Engineering,OPEN,TFWS,State,I,44500,84.6402007
2024,3,06144,"Genba Sopanrao Moze College of Engineering, Baner-Balewadi, Pune",0614424510,Computer Engineering,OPEN,Orphan,State,I,74802,73.1237323
2024,3,06144,"Genba Sopanrao Moze College of Engineering, Baner-Balewadi, Pune",0614424610,Information Technology,OPEN,General,Other,I,41540,85.7790463
2024,3,06144,"Genba Sopanrao Moze College of Engineering, Baner-Balewadi, Pune",0614424610,Information Technology,OBC,General,Other,I,51610,82.1766955
2024,3,06144,"Genba Sopanrao Moze College of Engineering, Baner-Balewadi, Pune",0614424610,Information Technology,OPEN,Ladies,Other,I,51463,82.1766955
2024,3,06144,"Genba Sopanrao Moze College of Engineering, Baner-Balewadi, Pune",0614424610,Information Technology,OPEN,TFWS,State,I,48469,83.4009466
2024,3,06144,"Genba Sopanrao Moze College of Engineering, Baner-Balewadi, Pune",0614424610,Information Technology,OBC,Defence,State,I,86665,68.0717863
2024,3,06144,"Genba Sopanrao Moze College of Engineering, Baner-Balewadi, Pune",0614424610,Information Technology,OPEN,Orphan,State,I,64707,77.1713278
2024,3,06144,"Genba Sopanrao Moze College of Engineering, Baner-Balewadi, Pune",0614461210,Mechanical Engineering,OPEN,General,Other,I,95512,63.5370419
2024,3,06144,"Genba Sopanrao Moze College of Engineering, Baner-Balewadi, Pune",0614461210,Mechanical Engineering,SC,General,Other,I,111162,56.0103934
2024,3,06144,"Genba Sopanrao Moze College of Engineering, Baner-Balewadi, Pune",0614461210,Mechanical Engineering,OBC,General,Other,I,111344,55.8763225
2024,3,06144,"Genba Sopanrao Moze College of Engineering, Baner-Balewadi, Pune",0614461210,Mechanical Engineering,OPEN,Ladies,Other,I,100278,61.6354671
2024,3,06144,"Genba Sopanrao Moze College of Engineering, Baner-Balewadi, Pune",0614461210,Mechanical Engineering,OPEN,General,Other,I,74032,73.4468855
2024,3,06144,"Genba Sopanrao Moze College of Engineering, Baner-Balewadi, Pune",0614492110,Artificial Intelligence and Machine Learning,OPEN,General,Other,I,56881,80.2743712
2024,3,06144,"Genba Sopanrao Moze College of Engineering, Baner-Balewadi, Pune",0614492110,Artificial Intelligence and Machine Learning,OBC,General,Other,I,61214,78.5613347
2024,3,06144,"Genba Sopanrao Moze College of Engineering, Baner-Balewadi, Pune",0614492110,Artificial Intelligence and Machine Learning,OPEN,Ladies,Other,I,53293,81.658825
2024,3,06144,"Genba Sopanrao Moze College of Engineering, Baner-Balewadi, Pune",0614492110,Artificial Intelligence and Machine Learning,OPEN,General,Other,I,124502,48.0648514
2024,3,06144,"Genba Sopanrao Moze College of Engineering, Baner-Balewadi, Pune",0614499510,Artificial Intelligence and Data Science,OPEN,General,Other,I,55603,80.7413807
2024,3,06144,"Genba Sopanrao Moze College of Engineering, Baner-Balewadi, Pune",0614499510,Artificial Intelligence and Data Science,SC,General,Other,I,76891,72.3242844
2024,3,06144,"Genba Sopanrao Moze College of Engineering, Baner-Balewadi, Pune",0614499510,Artificial Intelligence and Data Science,OBC,General,Other,I,56239,80.5358903
2024,3,06144,"Genba Sopanrao Moze College of Engineering, Baner-Balewadi, Pune",0614499510,Artificial Intelligence and Data Science,OPEN,Ladies,Other,I,57380,80.0615027
2024,3,06144,"Genba Sopanrao Moze College of Engineering, Baner-Balewadi, Pune",0614499510,Artificial Intelligence and Data Science,OPEN,Defence,State,I,87647,67.6158803
2024,3,06144,"Genba Sopanrao Moze College of Engineering, Baner-Balewadi, Pune",0614499510,Artificial Intelligence and Data Science,OPEN,TFWS,State,I,51129,82.4585869
2024,3,06144,"Genba Sopanrao Moze College of Engineering, Baner-Balewadi, Pune",0614499510,Artificial Intelligence and Data Science,EWS,General,State,I,127061,46.5102928
2024,3,06145,"JSPM'S Jaywantrao Sawant College of Engineering,Pune",0614524510,Computer Engineering,OPEN,General,Other,I,19025,93.7092583
2024,3,06145,"JSPM'S Jaywantrao Sawant College of Engineering,Pune",0614524510,Computer Engineering,OBC,General,Other,I,20071,93.2978364
2024,3,06145,"JSPM'S Jaywantrao Sawant College of Engineering,Pune",0614524510,Computer Engineering,OPEN,Ladies,Other,I,18220,93.9690933
2024,3,06145,"JSPM'S Jaywantrao Sawant College of Engineering,Pune",0614524510,Computer Engineering,OPEN,Defence,State,I,33042,88.7794539
2024,3,06145,"JSPM'S Jaywantrao Sawant College of Engineering,Pune",0614524510,Computer Engineering,OBC,Defence,State,I,53790,81.3894523
2024,3,06145,"JSPM'S Jaywantrao Sawant College of Engineering,Pune",0614524510,Computer Engineering,OPEN,TFWS,State,I,16265,94.5914991
2024,3,06145,"JSPM'S Jaywantrao Sawant College of Engineering,Pune",0614524510,Computer Engineering,EWS,General,State,I,36129,87.6637005
2024,3,06145,"JSPM'S Jaywantrao Sawant College of Engineering,Pune",0614524610,Information Technology,OPEN,General,Other,I,20672,93.1131822
2024,3,06145,"JSPM'S Jaywantrao Sawant College of Engineering,Pune",0614524610,Information Technology,SC,General,Other,I,40096,86.2190813
2024,3,06145,"JSPM'S Jaywantrao Sawant College of Engineering,Pune",0614524610,Information Technology,OBC,General,Other,I,21867,92.7091495
2024,3,06145,"JSPM'S Jaywantrao Sawant College of Engineering,Pune",0614524610,Information Technology,OPEN,Ladies,Other,I,22230,92.5961339
2024,3,06145,"JSPM'S Jaywantrao Sawant College of Engineering,Pune",0614524610,Information Technology,OBC,Defence,State,I,54997,80.9741447
2024,3,06145,"JSPM'S Jaywantrao Sawant College of Engineering,Pune",0614524610,Information Technology,OPEN,TFWS,State,I,20152,93.284975
2024,3,06145,"JSPM'S Jaywantrao Sawant College of Engineering,Pune",0614524610,Information Technology,OPEN,Orphan,State,I,47705,83.5806009
2024,3,06145,"JSPM'S Jaywantrao Sawant College of Engineering,Pune",0614526310,Artificial Intelligence (AI) and Data Science,SC,General,Other,I,41688,85.7455441
2024,3,06145,"JSPM'S Jaywantrao Sawant College of Engineering,Pune",0614526310,Artificial Intelligence (AI) and Data Science,SC,General,Other,I,23077,92.3038397
2024,3,06145,"JSPM'S Jaywantrao Sawant College of Engineering,Pune",0614529310,Electrical Engineering,OPEN,General,Other,I,57272,80.0921435
2024,3,06145,"JSPM'S Jaywantrao Sawant College of Engineering,Pune",0614529310,Electrical Engineering,SC,General,Other,I,79768,71.1376941
2024,3,06145,"JSPM'S Jaywantrao Sawant College of Engineering,Pune",0614529310,Electrical Engineering,OPEN,Ladies,Other,I,68946,75.3591206
2024,3,06145,"JSPM'S Jaywantrao Sawant College of Engineering,Pune",0614529310,Electrical Engineering,OPEN,TFWS,State,I,53783,81.3894523
2024,3,06145,"JSPM'S Jaywantrao Sawant College of Engineering,Pune",0614529310,Electrical Engineering,OPEN,Orphan,State,I,137134,40.1066152
2024,3,06145,"JSPM'S Jaywantrao Sawant College of Engineering,Pune",0614537210,Electronics and Telecommunication Engg,OPEN,General,Other,I,30181,89.874785
2024,3,06145,"JSPM'S Jaywantrao Sawant College of Engineering,Pune",0614537210,Electronics and Telecommunication Engg,SC,General,Other,I,53759,81.3894523
2024,3,06145,"JSPM'S Jaywantrao Sawant College of Engineering,Pune",0614537210,Electronics and Telecommunication Engg,OBC,General,Other,I,31863,89.2602313
2024,3,06145,"JSPM'S Jaywantrao Sawant College of Engineering,Pune",0614537210,Electronics and Telecommunication Engg,OPEN,Ladies,Other,I,27456,90.8058519
2024,3,06145,"JSPM'S Jaywantrao Sawant College of Engineering,Pune",0614537210,Electronics and Telecommunication Engg,OPEN,Defence,State,I,49921,82.7776364
2024,3,06145,"JSPM'S Jaywantrao Sawant College of Engineering,Pune",0614537210,Electronics and Telecommunication Engg,OPEN,TFWS,State,I,32461,89.0376221
2024,3,06145,"JSPM'S Jaywantrao Sawant College of Engineering,Pune",0614537210,Electronics and Telecommunication Engg,EWS,General,State,I,49870,82.7776364
2024,3,06145,"JSPM'S Jaywantrao Sawant College of Engineering,Pune",0614561210,Mechanical Engineering,OPEN,General,Other,I,63878,77.7152332
2024,3,06145,"JSPM'S Jaywantrao Sawant College of Engineering,Pune",0614561210,Mechanical Engineering,OPEN,Ladies,Other,I,73028,73.8486985
2024,3,06145,"JSPM'S Jaywantrao Sawant College of Engineering,Pune",0614561210,Mechanical Engineering,OBC,Defence,State,I,78566,71.7115
2024,3,06145,"JSPM'S Jaywantrao Sawant College of Engineering,Pune",0614561210,Mechanical Engineering,OPEN,TFWS,State,I,166300,16.1364215
2024,3,06146,"MIT Academy of Engineering,Alandi, Pune",0614619110,Civil Engineering,OPEN,General,State,I,56237,80.5358903
2024,3,06146,"MIT Academy of Engineering,Alandi, Pune",0614619110,Civil Engineering,ST,General,State,I,143896,35.2166182
2024,3,06146,"MIT Academy of Engineering,Alandi, Pune",0614619110,Civil Engineering,VJ,General,State,I,75609,72.8176141
2024,3,06146,"MIT Academy of Engineering,Alandi, Pune",0614619110,Civil Engineering,NT2,General,State,I,60283,78.9969285
2024,3,06146,"MIT Academy of Engineering,Alandi, Pune",0614619110,Civil Engineering,OBC,General,State,I,64009,77.6411427
2024,3,06146,"MIT Academy of Engineering,Alandi, Pune",0614619110,Civil Engineering,OPEN,Ladies,State,I,49177,82.9978985
2024,3,06146,"MIT Academy of Engineering,Alandi, Pune",0614619110,Civil Engineering,NT1,Ladies,State,I,101686,60.546705
2024,3,06146,"MIT Academy of Engineering,Alandi, Pune",0614619110,Civil Engineering,OBC,Ladies,State,I,54817,81.0378274
2024,3,06146,"MIT Academy of Engineering,Alandi, Pune",0614619110,Civil Engineering,OPEN,PWD,State,I,98911,62.7875345
2024,3,06146,"MIT Academy of Engineering,Alandi, Pune",0614624510,Computer Engineering,OPEN,General,State,I,11806,96.1115923
2024,3,06146,"MIT Academy of Engineering,Alandi, Pune",0614624510,Computer Engineering,SC,General,State,I,22294,92.5934223
2024,3,06146,"MIT Academy of Engineering,Alandi, Pune",0614624510,Computer Engineering,ST,General,State,I,104768,59.9791975
2024,3,06146,"MIT Academy of Engineering,Alandi, Pune",0614624510,Computer Engineering,NT1,General,State,I,19942,93.3592031
2024,3,06146,"MIT Academy of Engineering,Alandi, Pune",0614624510,Computer Engineering,NT2,General,State,I,14449,95.2362773
2024,3,06146,"MIT Academy of Engineering,Alandi, Pune",0614624510,Computer Engineering,OBC,General,State,I,13883,95.3912021
2024,3,06146,"MIT Academy of Engineering,Alandi, Pune",0614624510,Computer Engineering,SEBC,General,State,I,15437,94.8378933
2024,3,06146,"MIT Academy of Engineering,Alandi, Pune",0614624510,Computer Engineering,OPEN,Ladies,State,I,13041,95.6777226
2024,3,06146,"MIT Academy of Engineering,Alandi, Pune",0614624510,Computer Engineering,SC,Ladies,State,I,33655,88.6037289
2024,3,06146,"MIT Academy of Engineering,Alandi, Pune",0614624510,Computer Engineering,VJ,Ladies,State,I,44661,84.6087386
2024,3,06146,"MIT Academy of Engineering,Alandi, Pune",0614624510,Computer Engineering,OBC,Ladies,State,I,14123,95.3015716
2024,3,06146,"MIT Academy of Engineering,Alandi, Pune",0614624510,Computer Engineering,SEBC,Ladies,State,I,15596,94.8243232
2024,3,06146,"MIT Academy of Engineering,Alandi, Pune",0614624510,Computer Engineering,OPEN,Defence,State,I,17500,94.1728861
2024,3,06146,"MIT Academy of Engineering,Alandi, Pune",0614624510,Computer Engineering,OBC,Defence,State,I,22415,92.5368222
2024,3,06146,"MIT Academy of Engineering,Alandi, Pune",0614624510,Computer Engineering,EWS,General,State,I,22085,92.6351162
2024,3,06146,"MIT Academy of Engineering,Alandi, Pune",0614624610,Information Technology,OPEN,General,State,I,14505,95.2044334
2024,3,06146,"MIT Academy of Engineering,Alandi, Pune",0614624610,Information Technology,SC,General,State,I,27760,90.7095159
2024,3,06146,"MIT Academy of Engineering,Alandi, Pune",0614624610,Information Technology,ST,General,State,I,115424,53.7694785
2024,3,06146,"MIT Academy of Engineering,Alandi, Pune",0614624610,Information Technology,OBC,General,State,I,14755,95.1394167
2024,3,06146,"MIT Academy of Engineering,Alandi, Pune",0614624610,Information Technology,SEBC,General,State,I,17002,94.3388464
2024,3,06146,"MIT Academy of Engineering,Alandi, Pune",0614624610,Information Technology,OPEN,Ladies,State,I,14017,95.3558147
2024,3,06146,"MIT Academy of Engineering,Alandi, Pune",0614624610,Information Technology,NT2,Ladies,State,I,20267,93.2547779
2024,3,06146,"MIT Academy of Engineering,Alandi, Pune",0614624610,Information Technology,SEBC,Ladies,State,I,17921,94.0591659
2024,3,06146,"MIT Academy of Engineering,Alandi, Pune",0614624610,Information Technology,OPEN,TFWS,State,I,8899,97.0497898
2024,3,06146,"MIT Academy of Engineering,Alandi, Pune",0614624610,Information Technology,EWS,General,State,I,22102,92.6351162
2024,3,06146,"MIT Academy of Engineering,Alandi, Pune",0614637210,Electronics and Telecommunication Engg,OPEN,General,State,I,21075,92.9711565
2024,3,06146,"MIT Academy of Engineering,Alandi, Pune",0614637210,Electronics and Telecommunication Engg,SC,General,State,I,40059,86.2308451
2024,3,06146,"MIT Academy of Engineering,Alandi, Pune",0614637210,Electronics and Telecommunication Engg,ST,General,State,I,176782,4.0661895
2024,3,06146,"MIT Academy of Engineering,Alandi, Pune",0614637210,Electronics and Telecommunication Engg,NT3,General,State,I,22381,92.5598125
2024,3,06146,"MIT Academy of Engineering,Alandi, Pune",0614637210,Electronics and Telecommunication Engg,OBC,General,State,I,22390,92.5598125
2024,3,06146,"MIT Academy of Engineering,Alandi, Pune",0614637210,Electronics and Telecommunication Engg,SEBC,General,State,I,23901,92.0214155
2024,3,06146,"MIT Academy of Engineering,Alandi, Pune",0614637210,Electronics and Telecommunication Engg,OPEN,Ladies,State,I,21163,92.9340568
2024,3,06146,"MIT Academy of Engineering,Alandi, Pune",0614637210,Electronics and Telecommunication Engg,SC,Ladies,State,I,36295,87.5899987
2024,3,06146,"MIT Academy of Engineering,Alandi, Pune",0614637210,Electronics and Telecommunication Engg,ST,Ladies,State,I,21789,92.7108008
2024,3,06146,"MIT Academy of Engineering,Alandi, Pune",0614637210,Electronics and Telecommunication Engg,OBC,Ladies,State,I,21441,92.8871646
2024,3,06146,"MIT Academy of Engineering,Alandi, Pune",0614637210,Electronics and Telecommunication Engg,SEBC,Ladies,State,I,42672,85.3822102
2024,3,06146,"MIT Academy of Engineering,Alandi, Pune",0614637210,Electronics and Telecommunication Engg,OPEN,PWD,State,I,13911,95.3887811
2024,3,06146,"MIT Academy of Engineering,Alandi, Pune",0614637210,Electronics and Telecommunication Engg,OBC,PWD,State,I,30752,89.591785
2024,3,06146,"MIT Academy of Engineering,Alandi, Pune",0614650710,Chemical Engineering,OPEN,General,State,I,42149,85.455686
2024,3,06146,"MIT Academy of Engineering,Alandi, Pune",0614650710,Chemical Engineering,VJ,General,State,I,50918,82.4751693
2024,3,06146,"MIT Academy of Engineering,Alandi, Pune",0614650710,Chemical Engineering,OPEN,Ladies,State,I,47121,83.7447544
2024,3,06146,"MIT Academy of Engineering,Alandi, Pune",0614650710,Chemical Engineering,OPEN,PWD,State,I,68646,75.6212581
2024,3,06146,"MIT Academy of Engineering,Alandi, Pune",0614650710,Chemical Engineering,OPEN,Defence,State,I,31062,89.4824361
2024,3,06146,"MIT Academy of Engineering,Alandi, Pune",0614650710,Chemical Engineering,OPEN,TFWS,State,I,121665,50.0957604
2024,3,06146,"MIT Academy of Engineering,Alandi, Pune",0614661210,Mechanical Engineering,OPEN,General,State,I,39074,86.7139959
2024,3,06146,"MIT Academy of Engineering,Alandi, Pune",0614661210,Mechanical Engineering,SC,General,State,I,52474,81.8151897
2024,3,06146,"MIT Academy of Engineering,Alandi, Pune",0614661210,Mechanical Engineering,ST,General,State,I,177776,2.7561837
2024,3,06146,"MIT Academy of Engineering,Alandi, Pune",0614661210,Mechanical Engineering,NT2,General,State,I,55872,80.5929134
2024,3,06146,"MIT Academy of Engineering,Alandi, Pune",0614661210,Mechanical Engineering,OBC,General,State,I,39102,86.7139959
2024,3,06146,"MIT Academy of Engineering,Alandi, Pune",0614661210,Mechanical Engineering,OPEN,Ladies,State,I,35514,88.0194481
2024,3,06146,"MIT Academy of Engineering,Alandi, Pune",0614661210,Mechanical Engineering,SC,Ladies,State,I,63913,77.7152332
2024,3,06146,"MIT Academy of Engineering,Alandi, Pune",0614661210,Mechanical Engineering,ST,Ladies,State,I,166886,15.5975889
2024,3,06146,"MIT Academy of Engineering,Alandi, Pune",0614661210,Mechanical Engineering,VJ,Ladies,State,I,28572,90.4057549
2024,3,06146,"MIT Academy of Engineering,Alandi, Pune",0614661210,Mechanical Engineering,OPEN,PWD,State,I,111633,55.3559436
2024,3,06146,"MIT Academy of Engineering,Alandi, Pune",0614691110,Computer Science and Engineering(Artificial Intelligence and Machine Learning),OPEN,General,State,I,14523,95.2044334
2024,3,06146,"MIT Academy of Engineering,Alandi, Pune",0614691110,Computer Science and Engineering(Artificial Intelligence and Machine Learning),OBC,General,State,I,15413,94.8397684
2024,3,06146,"MIT Academy of Engineering,Alandi, Pune",0614691110,Computer Science and Engineering(Artificial Intelligence and Machine Learning),SEBC,General,State,I,16792,94.4356715
2024,3,06146,"MIT Academy of Engineering,Alandi, Pune",0614691110,Computer Science and Engineering(Artificial Intelligence and Machine Learning),OPEN,Ladies,State,I,15797,94.7829716
2024,3,06146,"MIT Academy of Engineering,Alandi, Pune",0614691110,Computer Science and Engineering(Artificial Intelligence and Machine Learning),SEBC,Ladies,State,I,16625,94.4796463
2024,3,06146,"MIT Academy of Engineering,Alandi, Pune",0614691110,Computer Science and Engineering(Artificial Intelligence and Machine Learning),EWS,General,State,I,17217,94.261235
2024,3,06146,"MIT Academy of Engineering,Alandi, Pune",0614691210,Computer Science and Engineering(Data Science),OPEN,General,State,I,14705,95.1653374
2024,3,06146,"MIT Academy of Engineering,Alandi, Pune",0614691210,Computer Science and Engineering(Data Science),SC,General,State,I,33139,88.7742666
2024,3,06146,"MIT Academy of Engineering,Alandi, Pune",0614691210,Computer Science and Engineering(Data Science),NT2,General,State,I,20291,93.2547779
2024,3,06146,"MIT Academy of Engineering,Alandi, Pune",0614691210,Computer Science and Engineering(Data Science),OPEN,Ladies,State,I,16243,94.5993915
2024,3,06146,"MIT Academy of Engineering,Alandi, Pune",0614691210,Computer Science and Engineering(Data Science),SC,Ladies,State,I,35875,87.920678
2024,3,06146,"MIT Academy of Engineering,Alandi, Pune",0614691210,Computer Science and Engineering(Data Science),OBC,Ladies,State,I,16250,94.5914991
2024,3,06146,"MIT Academy of Engineering,Alandi, Pune",0614691210,Computer Science and Engineering(Data Science),EWS,General,State,I,143727,35.3791065
2024,3,06146,"MIT Academy of Engineering,Alandi, Pune",0614692710,Computer Engineering (Software Engineering),OPEN,General,State,I,15572,94.8244993
2024,3,06146,"MIT Academy of Engineering,Alandi, Pune",0614692710,Computer Engineering (Software Engineering),ST,General,State,I,113297,54.3920183
2024,3,06146,"MIT Academy of Engineering,Alandi, Pune",0614692710,Computer Engineering (Software Engineering),OBC,General,State,I,16426,94.5541467
2024,3,06146,"MIT Academy of Engineering,Alandi, Pune",0614692710,Computer Engineering (Software Engineering),SEBC,General,State,I,17712,94.0958488
2024,3,06146,"MIT Academy of Engineering,Alandi, Pune",0614692710,Computer Engineering (Software Engineering),OPEN,Ladies,State,I,15452,94.8378933
2024,3,06146,"MIT Academy of Engineering,Alandi, Pune",0614692710,Computer Engineering (Software Engineering),ST,Ladies,State,I,116005,53.7424491
2024,3,06146,"MIT Academy of Engineering,Alandi, Pune",0614692710,Computer Engineering (Software Engineering),OPEN,TFWS,State,I,10088,96.6592611
2024,3,06146,"MIT Academy of Engineering,Alandi, Pune",0614692710,Computer Engineering (Software Engineering),EWS,General,State,I,22240,92.5961339
2024,3,06155,"G.H.Raisoni College of Engineering & Management, Wagholi, Pune",0615526010,Computer Science and Engineering (Cyber Security),OPEN,General,State,I,29294,90.1066152
2024,3,06155,"G.H.Raisoni College of Engineering & Management, Wagholi, Pune",0615526010,Computer Science and Engineering (Cyber Security),OPEN,Ladies,State,I,31363,89.3399508
2024,3,06155,"G.H.Raisoni College of Engineering & Management, Wagholi, Pune",0615526010,Computer Science and Engineering (Cyber Security),OPEN,TFWS,State,I,167672,15.1214416
2024,3,06155,"G.H.Raisoni College of Engineering & Management, Wagholi, Pune",0615529310,Electrical Engineering,OPEN,General,State,I,65042,76.933232
2024,3,06155,"G.H.Raisoni College of Engineering & Management, Wagholi, Pune",0615529310,Electrical Engineering,OPEN,Ladies,State,I,63355,77.8250739
2024,3,06155,"G.H.Raisoni College of Engineering & Management, Wagholi, Pune",0615529310,Electrical Engineering,OPEN,TFWS,State,I,89325,66.8505265
2024,3,06155,"G.H.Raisoni College of Engineering & Management, Wagholi, Pune",0615561210,Mechanical Engineering,OPEN,General,State,I,59059,79.4895283
2024,3,06155,"G.H.Raisoni College of Engineering & Management, Wagholi, Pune",0615561210,Mechanical Engineering,OPEN,Ladies,State,I,88447,67.5033807
2024,3,06155,"G.H.Raisoni College of Engineering & Management, Wagholi, Pune",0615561210,Mechanical Engineering,OPEN,TFWS,State,I,171668,10.4465918
2024,3,06155,"G.H.Raisoni College of Engineering & Management, Wagholi, Pune",0615591110,Computer Science and Engineering(Artificial Intelligence and Machine Learning),OPEN,General,State,I,26446,91.1978661
2024,3,06155,"G.H.Raisoni College of Engineering & Management, Wagholi, Pune",0615591110,Computer Science and Engineering(Artificial Intelligence and Machine Learning),OPEN,Ladies,State,I,18788,93.7520868
2024,3,06155,"G.H.Raisoni College of Engineering & Management, Wagholi, Pune",0615591110,Computer Science and Engineering(Artificial Intelligence and Machine Learning),OPEN,TFWS,State,I,122961,49.513096
2024,3,06155,"G.H.Raisoni College of Engineering & Management, Wagholi, Pune",0615591310,Computer Science and Engineering (Artificial Intelligence),OPEN,General,State,I,27657,90.777366
2024,3,06155,"G.H.Raisoni College of Engineering & Management, Wagholi, Pune",0615591310,Computer Science and Engineering (Artificial Intelligence),OPEN,Ladies,State,I,29648,90.0182846
2024,3,06155,"G.H.Raisoni College of Engineering & Management, Wagholi, Pune",0615591310,Computer Science and Engineering (Artificial Intelligence),OPEN,TFWS,State,I,133892,42.2216419
2024,3,06156,"Marathwada Mitra Mandal's College of Engineering, Karvenagar, Pune",0615624510,Computer Engineering,OPEN,General,State,I,12313,95.9432049
2024,3,06156,"Marathwada Mitra Mandal's College of Engineering, Karvenagar, Pune",0615624510,Computer Engineering,NT2,General,State,I,18493,93.871008
2024,3,06156,"Marathwada Mitra Mandal's College of Engineering, Karvenagar, Pune",0615624510,Computer Engineering,OBC,General,State,I,14138,95.3015716
2024,3,06156,"Marathwada Mitra Mandal's College of Engineering, Karvenagar, Pune",0615624510,Computer Engineering,SEBC,General,State,I,15815,94.7726504
2024,3,06156,"Marathwada Mitra Mandal's College of Engineering, Karvenagar, Pune",0615624510,Computer Engineering,OPEN,Ladies,State,I,7121,97.6202596
2024,3,06156,"Marathwada Mitra Mandal's College of Engineering, Karvenagar, Pune",0615624510,Computer Engineering,SC,Ladies,State,I,29981,89.8898358
2024,3,06156,"Marathwada Mitra Mandal's College of Engineering, Karvenagar, Pune",0615624510,Computer Engineering,ST,Ladies,State,I,124110,48.6637821
2024,3,06156,"Marathwada Mitra Mandal's College of Engineering, Karvenagar, Pune",0615624510,Computer Engineering,OPEN,PWD,State,I,12655,95.8254736
2024,3,06156,"Marathwada Mitra Mandal's College of Engineering, Karvenagar, Pune",0615624510,Computer Engineering,OPEN,TFWS,State,I,20698,93.0771189
2024,3,06156,"Marathwada Mitra Mandal's College of Engineering, Karvenagar, Pune",0615624610,Information Technology,OPEN,General,State,I,16646,94.4796463
2024,3,06156,"Marathwada Mitra Mandal's College of Engineering, Karvenagar, Pune",0615624610,Information Technology,SC,General,State,I,35658,88.0156813
2024,3,06156,"Marathwada Mitra Mandal's College of Engineering, Karvenagar, Pune",0615624610,Information Technology,ST,General,State,I,155747,25.6482713
2024,3,06156,"Marathwada Mitra Mandal's College of Engineering, Karvenagar, Pune",0615624610,Information Technology,VJ,General,State,I,38270,86.8966951
2024,3,06156,"Marathwada Mitra Mandal's College of Engineering, Karvenagar, Pune",0615624610,Information Technology,NT3,General,State,I,23728,92.1089443
2024,3,06156,"Marathwada Mitra Mandal's College of Engineering, Karvenagar, Pune",0615624610,Information Technology,OBC,General,State,I,17584,94.163061
2024,3,06156,"Marathwada Mitra Mandal's College of Engineering, Karvenagar, Pune",0615624610,Information Technology,OPEN,Ladies,State,I,15220,94.9881677
2024,3,06156,"Marathwada Mitra Mandal's College of Engineering, Karvenagar, Pune",0615624610,Information Technology,OBC,Ladies,State,I,17406,94.2112699
2024,3,06156,"Marathwada Mitra Mandal's College of Engineering, Karvenagar, Pune",0615624610,Information Technology,OBC,Defence,State,I,45514,84.3938885
2024,3,06156,"Marathwada Mitra Mandal's College of Engineering, Karvenagar, Pune",0615624610,Information Technology,OPEN,Orphan,State,I,28137,90.5124049
2024,3,06156,"Marathwada Mitra Mandal's College of Engineering, Karvenagar, Pune",0615629310,Electrical Engineering,OPEN,General,State,I,41380,85.8772819
2024,3,06156,"Marathwada Mitra Mandal's College of Engineering, Karvenagar, Pune",0615629310,Electrical Engineering,ST,General,State,I,56686,80.3003309
2024,3,06156,"Marathwada Mitra Mandal's College of Engineering, Karvenagar, Pune",0615629310,Electrical Engineering,NT1,General,State,I,58129,79.7465759
2024,3,06156,"Marathwada Mitra Mandal's College of Engineering, Karvenagar, Pune",0615629310,Electrical Engineering,SEBC,General,State,I,30677,89.680975
2024,3,06156,"Marathwada Mitra Mandal's College of Engineering, Karvenagar, Pune",0615629310,Electrical Engineering,OPEN,Ladies,State,I,67008,76.2466193
2024,3,06156,"Marathwada Mitra Mandal's College of Engineering, Karvenagar, Pune",0615629310,Electrical Engineering,NT2,Ladies,State,I,55630,80.6344635
2024,3,06156,"Marathwada Mitra Mandal's College of Engineering, Karvenagar, Pune",0615629310,Electrical Engineering,OPEN,PWD,State,I,108744,57.2163252
2024,3,06156,"Marathwada Mitra Mandal's College of Engineering, Karvenagar, Pune",0615637210,Electronics and Telecommunication Engg,OPEN,General,State,I,18553,93.8694333
2024,3,06156,"Marathwada Mitra Mandal's College of Engineering, Karvenagar, Pune",0615637210,Electronics and Telecommunication Engg,NT2,General,State,I,24788,91.7222085
2024,3,06156,"Marathwada Mitra Mandal's College of Engineering, Karvenagar, Pune",0615637210,Electronics and Telecommunication Engg,OBC,General,State,I,22749,92.4273158
2024,3,06156,"Marathwada Mitra Mandal's College of Engineering, Karvenagar, Pune",0615637210,Electronics and Telecommunication Engg,OPEN,Ladies,State,I,17491,94.1728861
2024,3,06156,"Marathwada Mitra Mandal's College of Engineering, Karvenagar, Pune",0615637210,Electronics and Telecommunication Engg,SC,Ladies,State,I,49208,82.9978985
2024,3,06156,"Marathwada Mitra Mandal's College of Engineering, Karvenagar, Pune",0615637210,Electronics and Telecommunication Engg,OBC,Ladies,State,I,22354,92.5598125
2024,3,06156,"Marathwada Mitra Mandal's College of Engineering, Karvenagar, Pune",0615637210,Electronics and Telecommunication Engg,EWS,General,State,I,33503,88.6962727
2024,3,06156,"Marathwada Mitra Mandal's College of Engineering, Karvenagar, Pune",0615661210,Mechanical Engineering,OPEN,General,State,I,42490,85.4082122
2024,3,06156,"Marathwada Mitra Mandal's College of Engineering, Karvenagar, Pune",0615661210,Mechanical Engineering,SC,General,State,I,82900,69.7639628
2024,3,06156,"Marathwada Mitra Mandal's College of Engineering, Karvenagar, Pune",0615661210,Mechanical Engineering,ST,General,State,I,48340,83.4700421
2024,3,06156,"Marathwada Mitra Mandal's College of Engineering, Karvenagar, Pune",0615661210,Mechanical Engineering,NT3,General,State,I,50040,82.7099252
2024,3,06156,"Marathwada Mitra Mandal's College of Engineering, Karvenagar, Pune",0615661210,Mechanical Engineering,OBC,General,State,I,29104,90.2921536
2024,3,06156,"Marathwada Mitra Mandal's College of Engineering, Karvenagar, Pune",0615661210,Mechanical Engineering,OPEN,Ladies,State,I,42314,85.4541675
2024,3,06156,"Marathwada Mitra Mandal's College of Engineering, Karvenagar, Pune",0615661210,Mechanical Engineering,OBC,Ladies,State,I,37329,87.3711769
2024,3,06156,"Marathwada Mitra Mandal's College of Engineering, Karvenagar, Pune",0615699510,Artificial Intelligence and Data Science,OPEN,General,State,I,15987,94.689576
2024,3,06156,"Marathwada Mitra Mandal's College of Engineering, Karvenagar, Pune",0615699510,Artificial Intelligence and Data Science,SC,General,State,I,39448,86.5601955
2024,3,06156,"Marathwada Mitra Mandal's College of Engineering, Karvenagar, Pune",0615699510,Artificial Intelligence and Data Science,ST,General,State,I,161732,20.9331029
2024,3,06156,"Marathwada Mitra Mandal's College of Engineering, Karvenagar, Pune",0615699510,Artificial Intelligence and Data Science,OBC,General,State,I,19018,93.7092583
2024,3,06156,"Marathwada Mitra Mandal's College of Engineering, Karvenagar, Pune",0615699510,Artificial Intelligence and Data Science,OPEN,Ladies,State,I,10914,96.3915731
2024,3,06156,"Marathwada Mitra Mandal's College of Engineering, Karvenagar, Pune",0615699510,Artificial Intelligence and Data Science,VJ,Ladies,State,I,38285,86.8966951
2024,3,06156,"Marathwada Mitra Mandal's College of Engineering, Karvenagar, Pune",0615699510,Artificial Intelligence and Data Science,OPEN,TFWS,State,I,11869,96.0627006
2024,3,06156,"Marathwada Mitra Mandal's College of Engineering, Karvenagar, Pune",0615699510,Artificial Intelligence and Data Science,EWS,General,State,I,29424,90.0772352
2024,3,06175,"Pimpri Chinchwad Education Trust, Pimpri Chinchwad College of Engineering, Pune",0617519110,Civil Engineering,OPEN,General,State,I,18342,93.9014758
2024,3,06175,"Pimpri Chinchwad Education Trust, Pimpri Chinchwad College of Engineering, Pune",0617519110,Civil Engineering,SC,General,State,I,35200,88.0535835
2024,3,06175,"Pimpri Chinchwad Education Trust, Pimpri Chinchwad College of Engineering, Pune",0617519110,Civil Engineering,SEBC,General,State,I,25210,91.5656321
2024,3,06175,"Pimpri Chinchwad Education Trust, Pimpri Chinchwad College of Engineering, Pune",0617519110,Civil Engineering,OPEN,Ladies,State,I,22036,92.6570811
2024,3,06175,"Pimpri Chinchwad Education Trust, Pimpri Chinchwad College of Engineering, Pune",0617519110,Civil Engineering,NT2,Ladies,State,I,58200,79.7465759
2024,3,06175,"Pimpri Chinchwad Education Trust, Pimpri Chinchwad College of Engineering, Pune",0617519110,Civil Engineering,OPEN,Defence,State,I,17303,94.2401197
2024,3,06175,"Pimpri Chinchwad Education Trust, Pimpri Chinchwad College of Engineering, Pune",0617519110,Civil Engineering,OPEN,TFWS,State,I,16950,94.3462898
2024,3,06175,"Pimpri Chinchwad Education Trust, Pimpri Chinchwad College of Engineering, Pune",0617519110,Civil Engineering,EWS,General,State,I,117596,52.2046883
2024,3,06175,"Pimpri Chinchwad Education Trust, Pimpri Chinchwad College of Engineering, Pune",0617524510,Computer Engineering,OPEN,General,State,I,3760,98.7008251
2024,3,06175,"Pimpri Chinchwad Education Trust, Pimpri Chinchwad College of Engineering, Pune",0617524510,Computer Engineering,ST,General,State,I,33904,88.553941
2024,3,06175,"Pimpri Chinchwad Education Trust, Pimpri Chinchwad College of Engineering, Pune",0617524510,Computer Engineering,VJ,General,State,I,10396,96.5648238
2024,3,06175,"Pimpri Chinchwad Education Trust, Pimpri Chinchwad College of Engineering, Pune",0617524510,Computer Engineering,OBC,General,State,I,4065,98.5949295
2024,3,06175,"Pimpri Chinchwad Education Trust, Pimpri Chinchwad College of Engineering, Pune",0617524510,Computer Engineering,OPEN,Ladies,State,I,3527,98.7736437
2024,3,06175,"Pimpri Chinchwad Education Trust, Pimpri Chinchwad College of Engineering, Pune",0617524510,Computer Engineering,VJ,Ladies,State,I,15558,94.8244993
2024,3,06175,"Pimpri Chinchwad Education Trust, Pimpri Chinchwad College of Engineering, Pune",0617524510,Computer Engineering,OBC,Ladies,State,I,4928,98.3270274
2024,3,06175,"Pimpri Chinchwad Education Trust, Pimpri Chinchwad College of Engineering, Pune",0617524510,Computer Engineering,OPEN,TFWS,State,I,2778,99.0196078
2024,3,06175,"Pimpri Chinchwad Education Trust, Pimpri Chinchwad College of Engineering, Pune",0617524510,Computer Engineering,EWS,General,State,I,6880,97.7001563
2024,3,06175,"Pimpri Chinchwad Education Trust, Pimpri Chinchwad College of Engineering, Pune",0617524510,Computer Engineering,OPEN,General,State,I,6356,97.859073
2024,3,06175,"Pimpri Chinchwad Education Trust, Pimpri Chinchwad College of Engineering, Pune",0617524510,Computer Engineering,ST,General,State,I,48569,83.4009466
2024,3,06175,"Pimpri Chinchwad Education Trust, Pimpri Chinchwad College of Engineering, Pune",0617524510,Computer Engineering,OBC,General,State,I,7133,97.6202596
2024,3,06175,"Pimpri Chinchwad Education Trust, Pimpri Chinchwad College of Engineering, Pune",0617524510,Computer Engineering,SEBC,General,State,I,8313,97.2160405
2024,3,06175,"Pimpri Chinchwad Education Trust, Pimpri Chinchwad College of Engineering, Pune",0617524510,Computer Engineering,SEBC,Ladies,State,I,9211,96.9431416
2024,3,06175,"Pimpri Chinchwad Education Trust, Pimpri Chinchwad College of Engineering, Pune",0617524510,Computer Engineering,OBC,Defence,State,I,22152,92.6335559
2024,3,06175,"Pimpri Chinchwad Education Trust, Pimpri Chinchwad College of Engineering, Pune",0617524610,Information Technology,OPEN,General,State,I,4769,98.3761174
2024,3,06175,"Pimpri Chinchwad Education Trust, Pimpri Chinchwad College of Engineering, Pune",0617524610,Information Technology,SC,General,State,I,9994,96.7175957
2024,3,06175,"Pimpri Chinchwad Education Trust, Pimpri Chinchwad College of Engineering, Pune",0617524610,Information Technology,OBC,General,State,I,4951,98.3152612
2024,3,06175,"Pimpri Chinchwad Education Trust, Pimpri Chinchwad College of Engineering, Pune",0617524610,Information Technology,SEBC,General,State,I,6508,97.8279243
2024,3,06175,"Pimpri Chinchwad Education Trust, Pimpri Chinchwad College of Engineering, Pune",0617524610,Information Technology,OPEN,Ladies,State,I,4148,98.5733915
2024,3,06175,"Pimpri Chinchwad Education Trust, Pimpri Chinchwad College of Engineering, Pune",0617524610,Information Technology,VJ,Ladies,State,I,20401,93.2178631
2024,3,06175,"Pimpri Chinchwad Education Trust, Pimpri Chinchwad College of Engineering, Pune",0617524610,Information Technology,OPEN,PWD,State,I,85441,68.4785771
2024,3,06175,"Pimpri Chinchwad Education Trust, Pimpri Chinchwad College of Engineering, Pune",0617524610,Information Technology,OPEN,TFWS,State,I,4360,98.5032945
2024,3,06175,"Pimpri Chinchwad Education Trust, Pimpri Chinchwad College of Engineering, Pune",0617524610,Information Technology,OPEN,Orphan,State,I,8642,97.1357306
2024,3,06175,"Pimpri Chinchwad Education Trust, Pimpri Chinchwad College of Engineering, Pune",0617537210,Electronics and Telecommunication Engg,OPEN,General,State,I,8126,97.2978705
2024,3,06175,"Pimpri Chinchwad Education Trust, Pimpri Chinchwad College of Engineering, Pune",0617537210,Electronics and Telecommunication Engg,SC,General,State,I,21465,92.8488216
2024,3,06175,"Pimpri Chinchwad Education Trust, Pimpri Chinchwad College of Engineering, Pune",0617537210,Electronics and Telecommunication Engg,ST,General,State,I,95983,63.5258359
2024,3,06175,"Pimpri Chinchwad Education Trust, Pimpri Chinchwad College of Engineering, Pune",0617537210,Electronics and Telecommunication Engg,OBC,General,State,I,9343,96.903172
2024,3,06175,"Pimpri Chinchwad Education Trust, Pimpri Chinchwad College of Engineering, Pune",0617537210,Electronics and Telecommunication Engg,SEBC,General,State,I,10476,96.5413029
2024,3,06175,"Pimpri Chinchwad Education Trust, Pimpri Chinchwad College of Engineering, Pune",0617537210,Electronics and Telecommunication Engg,OPEN,Ladies,State,I,7004,97.6849731
2024,3,06175,"Pimpri Chinchwad Education Trust, Pimpri Chinchwad College of Engineering, Pune",0617537210,Electronics and Telecommunication Engg,ST,Ladies,State,I,140907,37.6014199
2024,3,06175,"Pimpri Chinchwad Education Trust, Pimpri Chinchwad College of Engineering, Pune",0617537210,Electronics and Telecommunication Engg,OBC,Ladies,State,I,8784,97.0696299
2024,3,06175,"Pimpri Chinchwad Education Trust, Pimpri Chinchwad College of Engineering, Pune",0617537210,Electronics and Telecommunication Engg,OBC,Defence,State,I,32478,89.0376221
2024,3,06175,"Pimpri Chinchwad Education Trust, Pimpri Chinchwad College of Engineering, Pune",0617537210,Electronics and Telecommunication Engg,OPEN,Orphan,State,I,13851,95.3932298
2024,3,06175,"Pimpri Chinchwad Education Trust, Pimpri Chinchwad College of Engineering, Pune",0617561210,Mechanical Engineering,OPEN,General,State,I,11558,96.1824536
2024,3,06175,"Pimpri Chinchwad Education Trust, Pimpri Chinchwad College of Engineering, Pune",0617561210,Mechanical Engineering,SC,General,State,I,44035,84.8482325
2024,3,06175,"Pimpri Chinchwad Education Trust, Pimpri Chinchwad College of Engineering, Pune",0617561210,Mechanical Engineering,ST,General,State,I,155687,25.6745674
2024,3,06175,"Pimpri Chinchwad Education Trust, Pimpri Chinchwad College of Engineering, Pune",0617561210,Mechanical Engineering,OBC,General,State,I,16758,94.4433332
2024,3,06175,"Pimpri Chinchwad Education Trust, Pimpri Chinchwad College of Engineering, Pune",0617561210,Mechanical Engineering,SEBC,General,State,I,23820,92.0938243
2024,3,06175,"Pimpri Chinchwad Education Trust, Pimpri Chinchwad College of Engineering, Pune",0617561210,Mechanical Engineering,OPEN,Ladies,State,I,18800,93.7520868
2024,3,06175,"Pimpri Chinchwad Education Trust, Pimpri Chinchwad College of Engineering, Pune",0617561210,Mechanical Engineering,ST,Ladies,State,I,21826,92.7108008
2024,3,06175,"Pimpri Chinchwad Education Trust, Pimpri Chinchwad College of Engineering, Pune",0617561210,Mechanical Engineering,OBC,Ladies,State,I,8628,97.1357306
2024,3,06175,"Pimpri Chinchwad Education Trust, Pimpri Chinchwad College of Engineering, Pune",0617561210,Mechanical Engineering,OPEN,TFWS,State,I,30339,89.7974248
2024,3,06175,"Pimpri Chinchwad Education Trust, Pimpri Chinchwad College of Engineering, Pune",0617561210,Mechanical Engineering,OPEN,General,State,II,157927,24.0471793
2024,3,06175,"Pimpri Chinchwad Education Trust, Pimpri Chinchwad College of Engineering, Pune",0617591110,Computer Science and Engineering(Artificial Intelligence and Machine Learning),OPEN,General,State,I,5649,98.0941515
2024,3,06175,"Pimpri Chinchwad Education Trust, Pimpri Chinchwad College of Engineering, Pune",0617591110,Computer Science and Engineering(Artificial Intelligence and Machine Learning),SC,General,State,I,16173,94.5996586
2024,3,06175,"Pimpri Chinchwad Education Trust, Pimpri Chinchwad College of Engineering, Pune",0617591110,Computer Science and Engineering(Artificial Intelligence and Machine Learning),OBC,General,State,I,6743,97.7477297
2024,3,06175,"Pimpri Chinchwad Education Trust, Pimpri Chinchwad College of Engineering, Pune",0617591110,Computer Science and Engineering(Artificial Intelligence and Machine Learning),SEBC,General,State,I,7431,97.535738
2024,3,06175,"Pimpri Chinchwad Education Trust, Pimpri Chinchwad College of Engineering, Pune",0617591110,Computer Science and Engineering(Artificial Intelligence and Machine Learning),OPEN,Ladies,State,I,5752,98.0509496
2024,3,06175,"Pimpri Chinchwad Education Trust, Pimpri Chinchwad College of Engineering, Pune",0617591110,Computer Science and Engineering(Artificial Intelligence and Machine Learning),SC,Ladies,State,I,15044,95.033389
2024,3,06175,"Pimpri Chinchwad Education Trust, Pimpri Chinchwad College of Engineering, Pune",0617591110,Computer Science and Engineering(Artificial Intelligence and Machine Learning),EWS,General,State,I,9426,96.8881345
2024,3,06177,"Sinhgad College of Engineering, Vadgaon (BK), Pune",0617708210,Bio Technology,OPEN,General,Other,I,12651,96.1189329
2024,3,06177,"Sinhgad College of Engineering, Vadgaon (BK), Pune",0617708210,Bio Technology,OPEN,General,Other,I,11990,0.0
2024,3,06177,"Sinhgad College of Engineering, Vadgaon (BK), Pune",0617719110,Civil Engineering,OPEN,General,Other,I,58545,79.5290328
2024,3,06177,"Sinhgad College of Engineering, Vadgaon (BK), Pune",0617719110,Civil Engineering,SC,General,Other,I,102927,60.2921536
2024,3,06177,"Sinhgad College of Engineering, Vadgaon (BK), Pune",0617719110,Civil Engineering,OPEN,Ladies,Other,I,86576,68.0717863
2024,3,06177,"Sinhgad College of Engineering, Vadgaon (BK), Pune",0617719110,Civil Engineering,OPEN,TFWS,State,I,54724,81.0378274
2024,3,06177,"Sinhgad College of Engineering, Vadgaon (BK), Pune",0617719110,Civil Engineering,OPEN,Orphan,State,I,150959,29.6395567
2024,3,06177,"Sinhgad College of Engineering, Vadgaon (BK), Pune",0617724510,Computer Engineering,OPEN,General,Other,I,13848,95.3932298
2024,3,06177,"Sinhgad College of Engineering, Vadgaon (BK), Pune",0617724510,Computer Engineering,OBC,General,Other,I,14920,95.0382314
2024,3,06177,"Sinhgad College of Engineering, Vadgaon (BK), Pune",0617724510,Computer Engineering,OPEN,Defence,State,I,29954,89.9196403
2024,3,06177,"Sinhgad College of Engineering, Vadgaon (BK), Pune",0617724510,Computer Engineering,OPEN,TFWS,State,I,14099,95.3445649
2024,3,06177,"Sinhgad College of Engineering, Vadgaon (BK), Pune",0617724510,Computer Engineering,OPEN,Orphan,State,I,15543,94.8262965
2024,3,06177,"Sinhgad College of Engineering, Vadgaon (BK), Pune",0617737210,Electronics and Telecommunication Engg,OPEN,General,Other,I,19763,93.4175138
2024,3,06177,"Sinhgad College of Engineering, Vadgaon (BK), Pune",0617737210,Electronics and Telecommunication Engg,OPEN,Ladies,Other,I,26855,90.9518962
2024,3,06177,"Sinhgad College of Engineering, Vadgaon (BK), Pune",0617737210,Electronics and Telecommunication Engg,OPEN,General,Other,I,62061,78.1973837
2024,3,06177,"Sinhgad College of Engineering, Vadgaon (BK), Pune",0617737210,Electronics and Telecommunication Engg,OPEN,Ladies,Other,I,39694,86.450638
2024,3,06177,"Sinhgad College of Engineering, Vadgaon (BK), Pune",0617750710,Chemical Engineering,OPEN,General,Other,I,54972,80.9741447
2024,3,06177,"Sinhgad College of Engineering, Vadgaon (BK), Pune",0617750710,Chemical Engineering,SC,General,Other,I,80573,70.6178643
2024,3,06177,"Sinhgad College of Engineering, Vadgaon (BK), Pune",0617750710,Chemical Engineering,OPEN,Ladies,Other,I,86771,68.0717863
2024,3,06177,"Sinhgad College of Engineering, Vadgaon (BK), Pune",0617750710,Chemical Engineering,OPEN,General,Other,I,67972,76.0337773
2024,3,06177,"Sinhgad College of Engineering, Vadgaon (BK), Pune",0617761210,Mechanical Engineering,OPEN,General,Other,I,57478,80.003358
2024,3,06177,"Sinhgad College of Engineering, Vadgaon (BK), Pune",0617761210,Mechanical Engineering,OBC,General,Other,I,88347,67.5033807
2024,3,06177,"Sinhgad College of Engineering, Vadgaon (BK), Pune",0617761210,Mechanical Engineering,OPEN,Ladies,Other,I,60158,78.9969285
2024,3,06177,"Sinhgad College of Engineering, Vadgaon (BK), Pune",0617761210,Mechanical Engineering,OPEN,Defence,State,I,105143,59.8892661
2024,3,06177,"Sinhgad College of Engineering, Vadgaon (BK), Pune",0617761210,Mechanical Engineering,OPEN,TFWS,State,I,55969,80.5929134
2024,3,06177,"Sinhgad College of Engineering, Vadgaon (BK), Pune",0617761210,Mechanical Engineering,OPEN,Orphan,State,I,134446,42.2200941
2024,3,06178,"Sinhgad Technical Education Society's Smt. Kashibai Navale College of Engineering,Vadgaon,Pune",0617824510,Computer Engineering,OPEN,General,Other,I,16254,94.5914991
2024,3,06178,"Sinhgad Technical Education Society's Smt. Kashibai Navale College of Engineering,Vadgaon,Pune",0617824510,Computer Engineering,OPEN,General,Other,I,16070,94.6574281
2024,3,06178,"Sinhgad Technical Education Society's Smt. Kashibai Navale College of Engineering,Vadgaon,Pune",0617837210,Electronics and Telecommunication Engg,OPEN,General,Other,I,24574,91.7946848
2024,3,06178,"Sinhgad Technical Education Society's Smt. Kashibai Navale College of Engineering,Vadgaon,Pune",0617837210,Electronics and Telecommunication Engg,OBC,General,Other,I,30168,89.874785
2024,3,06178,"Sinhgad Technical Education Society's Smt. Kashibai Navale College of Engineering,Vadgaon,Pune",0617837210,Electronics and Telecommunication Engg,OPEN,General,Other,I,23329,92.2550706
2024,3,06178,"Sinhgad Technical Education Society's Smt. Kashibai Navale College of Engineering,Vadgaon,Pune",0617837210,Electronics and Telecommunication Engg,OBC,General,Other,I,42977,85.3422371
2024,3,06178,"Sinhgad Technical Education Society's Smt. Kashibai Navale College of Engineering,Vadgaon,Pune",0617861210,Mechanical Engineering,OPEN,General,Other,I,72637,73.8893284
2024,3,06178,"Sinhgad Technical Education Society's Smt. Kashibai Navale College of Engineering,Vadgaon,Pune",0617861210,Mechanical Engineering,SC,General,Other,I,91509,65.722735
2024,3,06178,"Sinhgad Technical Education Society's Smt. Kashibai Navale College of Engineering,Vadgaon,Pune",0617861210,Mechanical Engineering,OBC,General,Other,I,105979,58.5786927
2024,3,06178,"Sinhgad Technical Education Society's Smt. Kashibai Navale College of Engineering,Vadgaon,Pune",0617861210,Mechanical Engineering,OPEN,Defence,State,I,82102,70.2544031
2024,3,06178,"Sinhgad Technical Education Society's Smt. Kashibai Navale College of Engineering,Vadgaon,Pune",0617861210,Mechanical Engineering,OBC,Defence,State,I,66262,76.5963466
2024,3,06178,"Sinhgad Technical Education Society's Smt. Kashibai Navale College of Engineering,Vadgaon,Pune",0617861210,Mechanical Engineering,OPEN,TFWS,State,I,177091,3.8658496
2024,3,06179,"Indira College of Engineering & Management, Pune",0617924510,Computer Engineering,OPEN,General,State,I,27497,90.8058519
2024,3,06179,"Indira College of Engineering & Management, Pune",0617924510,Computer Engineering,SC,General,State,I,53979,81.3738935
2024,3,06179,"Indira College of Engineering & Management, Pune",0617924510,Computer Engineering,ST,General,State,I,39047,86.7139959
2024,3,06179,"Indira College of Engineering & Management, Pune",0617924510,Computer Engineering,NT3,General,State,I,29948,89.9196403
2024,3,06179,"Indira College of Engineering & Management, Pune",0617924510,Computer Engineering,OBC,General,State,I,36553,87.5123219
2024,3,06179,"Indira College of Engineering & Management, Pune",0617924510,Computer Engineering,SEBC,General,State,I,28522,90.4350482
2024,3,06179,"Indira College of Engineering & Management, Pune",0617924510,Computer Engineering,OPEN,Ladies,State,I,34755,88.1886477
2024,3,06179,"Indira College of Engineering & Management, Pune",0617924510,Computer Engineering,ST,Ladies,State,I,49016,83.032746
2024,3,06179,"Indira College of Engineering & Management, Pune",0617924510,Computer Engineering,OBC,Ladies,State,I,75188,73.112247
2024,3,06179,"Indira College of Engineering & Management, Pune",0617924510,Computer Engineering,OPEN,Defence,State,I,26882,90.9518962
2024,3,06179,"Indira College of Engineering & Management, Pune",0617924510,Computer Engineering,OPEN,TFWS,State,I,55810,80.5929134
2024,3,06179,"Indira College of Engineering & Management, Pune",0617924610,Information Technology,OPEN,General,State,I,34958,88.1366358
2024,3,06179,"Indira College of Engineering & Management, Pune",0617924610,Information Technology,OBC,General,State,I,35601,88.0156813
2024,3,06179,"Indira College of Engineering & Management, Pune",0617924610,Information Technology,SEBC,General,State,I,41676,85.7455441
2024,3,06179,"Indira College of Engineering & Management, Pune",0617924610,Information Technology,OPEN,Ladies,State,I,36710,87.5005698
2024,3,06179,"Indira College of Engineering & Management, Pune",0617924610,Information Technology,SC,Ladies,State,I,59412,79.3458895
2024,3,06179,"Indira College of Engineering & Management, Pune",0617924610,Information Technology,OBC,Ladies,State,I,38966,86.7801974
2024,3,06179,"Indira College of Engineering & Management, Pune",0617924610,Information Technology,OPEN,Defence,State,I,50697,82.5540242
2024,3,06179,"Indira College of Engineering & Management, Pune",0617924610,Information Technology,OPEN,TFWS,State,I,29854,89.9248303
2024,3,06179,"Indira College of Engineering & Management, Pune",0617924610,Information Technology,OBC,Defence,State,I,73266,73.7956676
2024,3,06179,"Indira College of Engineering & Management, Pune",0617924610,Information Technology,EWS,General,State,I,67167,76.2466193
2024,3,06179,"Indira College of Engineering & Management, Pune",0617937210,Electronics and Telecommunication Engg,OPEN,General,State,I,41713,85.7455441
2024,3,06179,"Indira College of Engineering & Management, Pune",0617937210,Electronics and Telecommunication Engg,SC,General,State,I,69237,75.3516004
2024,3,06179,"Indira College of Engineering & Management, Pune",0617937210,Electronics and Telecommunication Engg,ST,General,State,I,43745,85.0743746
2024,3,06179,"Indira College of Engineering & Management, Pune",0617937210,Electronics and Telecommunication Engg,OBC,General,State,I,43415,85.1704164
2024,3,06179,"Indira College of Engineering & Management, Pune",0617937210,Electronics and Telecommunication Engg,SEBC,General,State,I,40272,86.1969983
2024,3,06179,"Indira College of Engineering & Management, Pune",0617937210,Electronics and Telecommunication Engg,OPEN,Ladies,State,I,76341,72.5041736
2024,3,06179,"Indira College of Engineering & Management, Pune",0617937210,Electronics and Telecommunication Engg,SC,Ladies,State,I,42374,85.4383663
2024,3,06179,"Indira College of Engineering & Management, Pune",0617937210,Electronics and Telecommunication Engg,OPEN,PWD,State,I,55030,80.9741447
2024,3,06179,"Indira College of Engineering & Management, Pune",0617961210,Mechanical Engineering,OPEN,General,State,I,87749,67.6158803
2024,3,06179,"Indira College of Engineering & Management, Pune",0617961210,Mechanical Engineering,SC,General,State,I,106067,58.5786927
2024,3,06179,"Indira College of Engineering & Management, Pune",0617961210,Mechanical Engineering,ST,General,State,I,91997,65.5509182
2024,3,06179,"Indira College of Engineering & Management, Pune",0617961210,Mechanical Engineering,NT1,General,State,I,96318,63.2687832
2024,3,06179,"Indira College of Engineering & Management, Pune",0617961210,Mechanical Engineering,OBC,General,State,I,80844,70.5215521
2024,3,06179,"Indira College of Engineering & Management, Pune",0617961210,Mechanical Engineering,OPEN,Ladies,State,I,78084,71.716606
2024,3,06179,"Indira College of Engineering & Management, Pune",0617961210,Mechanical Engineering,OBC,Ladies,State,I,100816,60.8485656
2024,3,06179,"Indira College of Engineering & Management, Pune",0617961210,Mechanical Engineering,SEBC,Ladies,State,I,89100,67.0458361
2024,3,06179,"Indira College of Engineering & Management, Pune",0617999510,Artificial Intelligence and Data Science,OPEN,General,State,I,36916,87.4749583
2024,3,06179,"Indira College of Engineering & Management, Pune",0617999510,Artificial Intelligence and Data Science,SC,General,State,I,56155,80.5896708
2024,3,06179,"Indira College of Engineering & Management, Pune",0617999510,Artificial Intelligence and Data Science,NT2,General,State,I,41175,85.9711131
2024,3,06179,"Indira College of Engineering & Management, Pune",0617999510,Artificial Intelligence and Data Science,OPEN,Ladies,State,I,24822,91.6680519
2024,3,06179,"Indira College of Engineering & Management, Pune",0617999510,Artificial Intelligence and Data Science,SC,Ladies,State,I,61825,78.2152555
2024,3,06179,"Indira College of Engineering & Management, Pune",0617999510,Artificial Intelligence and Data Science,ST,Ladies,State,I,40864,86.0863663
2024,3,06179,"Indira College of Engineering & Management, Pune",0617999510,Artificial Intelligence and Data Science,OBC,Ladies,State,I,59945,79.1318865
2024,3,06179,"Indira College of Engineering & Management, Pune",0617999510,Artificial Intelligence and Data Science,OPEN,PWD,State,I,69682,75.2159961
2024,3,06182,"Sinhgad Technical Education Society, Sinhgad Institute of Technology and Science, Narhe (Ambegaon)",0618219110,Civil Engineering,OPEN,General,Other,I,95180,63.7045846
2024,3,06182,"Sinhgad Technical Education Society, Sinhgad Institute of Technology and Science, Narhe (Ambegaon)",0618219110,Civil Engineering,SC,General,Other,I,115417,53.7694785
2024,3,06182,"Sinhgad Technical Education Society, Sinhgad Institute of Technology and Science, Narhe (Ambegaon)",0618219110,Civil Engineering,OPEN,General,Other,I,173441,8.4112538
2024,3,06182,"Sinhgad Technical Education Society, Sinhgad Institute of Technology and Science, Narhe (Ambegaon)",0618219110,Civil Engineering,SC,General,Other,I,115774,53.7424491
2024,3,06182,"Sinhgad Technical Education Society, Sinhgad Institute of Technology and Science, Narhe (Ambegaon)",0618224510,Computer Engineering,OPEN,General,Other,I,25393,91.5477593
2024,3,06182,"Sinhgad Technical Education Society, Sinhgad Institute of Technology and Science, Narhe (Ambegaon)",0618224510,Computer Engineering,OPEN,Ladies,Other,I,46204,84.1907754
2024,3,06182,"Sinhgad Technical Education Society, Sinhgad Institute of Technology and Science, Narhe (Ambegaon)",0618224510,Computer Engineering,OPEN,General,Other,I,38220,86.9353148
2024,3,06182,"Sinhgad Technical Education Society, Sinhgad Institute of Technology and Science, Narhe (Ambegaon)",0618237210,Electronics and Telecommunication Engg,OPEN,General,Other,I,35685,88.0156813
2024,3,06182,"Sinhgad Technical Education Society, Sinhgad Institute of Technology and Science, Narhe (Ambegaon)",0618237210,Electronics and Telecommunication Engg,SC,General,Other,I,67374,76.1358545
2024,3,06182,"Sinhgad Technical Education Society, Sinhgad Institute of Technology and Science, Narhe (Ambegaon)",0618237210,Electronics and Telecommunication Engg,OPEN,Defence,State,I,68716,75.5247196
2024,3,06182,"Sinhgad Technical Education Society, Sinhgad Institute of Technology and Science, Narhe (Ambegaon)",0618237210,Electronics and Telecommunication Engg,EWS,General,State,I,70905,74.6830629
2024,3,06184,"K. J.'s Educational Institut Trinity College of Engineering and Research, Pisoli, Haveli",0618424510,Computer Engineering,OPEN,General,Other,I,32425,89.0376221
2024,3,06184,"K. J.'s Educational Institut Trinity College of Engineering and Research, Pisoli, Haveli",0618424510,Computer Engineering,SC,General,Other,I,58160,79.7465759
2024,3,06184,"K. J.'s Educational Institut Trinity College of Engineering and Research, Pisoli, Haveli",0618424510,Computer Engineering,OBC,General,Other,I,44674,84.6087386
2024,3,06184,"K. J.'s Educational Institut Trinity College of Engineering and Research, Pisoli, Haveli",0618424510,Computer Engineering,OPEN,Ladies,Other,I,44853,84.5942451
2024,3,06184,"K. J.'s Educational Institut Trinity College of Engineering and Research, Pisoli, Haveli",0618424510,Computer Engineering,OPEN,General,Other,I,35705,87.9526086
2024,3,06184,"K. J.'s Educational Institut Trinity College of Engineering and Research, Pisoli, Haveli",0618424510,Computer Engineering,SC,General,Other,I,89984,66.4751458
2024,3,06184,"K. J.'s Educational Institut Trinity College of Engineering and Research, Pisoli, Haveli",0618429310,Electrical Engineering,OPEN,General,Other,I,76218,72.6095528
2024,3,06184,"K. J.'s Educational Institut Trinity College of Engineering and Research, Pisoli, Haveli",0618429310,Electrical Engineering,OPEN,Ladies,Other,I,97506,63.0701676
2024,3,06184,"K. J.'s Educational Institut Trinity College of Engineering and Research, Pisoli, Haveli",0618429310,Electrical Engineering,OPEN,Defence,State,I,81889,70.2544031
2024,3,06184,"K. J.'s Educational Institut Trinity College of Engineering and Research, Pisoli, Haveli",0618429310,Electrical Engineering,OPEN,TFWS,State,I,131207,43.9565943
2024,3,06184,"K. J.'s Educational Institut Trinity College of Engineering and Research, Pisoli, Haveli",0618437210,Electronics and Telecommunication Engg,OPEN,General,Other,I,58800,79.5235744
2024,3,06184,"K. J.'s Educational Institut Trinity College of Engineering and Research, Pisoli, Haveli",0618437210,Electronics and Telecommunication Engg,SC,General,Other,I,95085,63.7045846
2024,3,06184,"K. J.'s Educational Institut Trinity College of Engineering and Research, Pisoli, Haveli",0618437210,Electronics and Telecommunication Engg,OPEN,General,Other,I,61706,78.2152555
2024,3,06184,"K. J.'s Educational Institut Trinity College of Engineering and Research, Pisoli, Haveli",0618461210,Mechanical Engineering,OPEN,Defence,State,I,55169,80.7858869
2024,3,06185,Sinhgad Institute of Technology,0618524510,Computer Engineering,OPEN,General,Other,I,33947,88.553941
2024,3,06185,Sinhgad Institute of Technology,0618524510,Computer Engineering,SC,General,Other,I,46432,84.0259309
2024,3,06185,Sinhgad Institute of Technology,0618524510,Computer Engineering,OBC,General,Other,I,40908,86.0863663
2024,3,06185,Sinhgad Institute of Technology,0618524510,Computer Engineering,OPEN,Ladies,Other,I,36005,87.8152279
2024,3,06185,Sinhgad Institute of Technology,0618524510,Computer Engineering,OPEN,Defence,State,I,49689,82.7820291
2024,3,06185,Sinhgad Institute of Technology,0618524510,Computer Engineering,OPEN,TFWS,State,I,60298,78.9969285
2024,3,06185,Sinhgad Institute of Technology,0618524510,Computer Engineering,SEBC,Defence,State,I,28791,90.3485031
2024,3,06185,Sinhgad Institute of Technology,0618524510,Computer Engineering,OPEN,Orphan,State,I,86697,68.0717863
2024,3,06185,Sinhgad Institute of Technology,0618524510,Computer Engineering,EWS,General,State,I,73551,73.7743452
2024,3,06185,Sinhgad Institute of Technology,0618524610,Information Technology,OPEN,General,Other,I,37250,87.3943543
2024,3,06185,Sinhgad Institute of Technology,0618524610,Information Technology,OBC,General,Other,I,37608,87.1564824
2024,3,06185,Sinhgad Institute of Technology,0618524610,Information Technology,OPEN,Ladies,Other,I,38239,86.8966951
2024,3,06185,Sinhgad Institute of Technology,0618524610,Information Technology,OPEN,TFWS,State,I,41220,85.9343121
2024,3,06185,Sinhgad Institute of Technology,0618524610,Information Technology,OPEN,Orphan,State,I,78692,71.5965758
2024,3,06185,Sinhgad Institute of Technology,0618529310,Electrical Engineering,OPEN,General,Other,I,69587,75.3410409
2024,3,06185,Sinhgad Institute of Technology,0618529310,Electrical Engineering,SC,General,Other,I,82657,69.800376
2024,3,06185,Sinhgad Institute of Technology,0618529310,Electrical Engineering,OPEN,Ladies,Other,I,89924,66.4751458
2024,3,06185,Sinhgad Institute of Technology,0618529310,Electrical Engineering,OPEN,Defence,State,I,86940,67.8622856
2024,3,06185,Sinhgad Institute of Technology,0618529310,Electrical Engineering,OPEN,TFWS,State,I,150845,30.3265615
2024,3,06185,Sinhgad Institute of Technology,0618537210,Electronics and Telecommunication Engg,OPEN,General,Other,I,48064,83.5369475
2024,3,06185,Sinhgad Institute of Technology,0618537210,Electronics and Telecommunication Engg,SC,General,Other,I,67982,76.0337773
2024,3,06185,Sinhgad Institute of Technology,0618537210,Electronics and Telecommunication Engg,OBC,General,Other,I,73883,73.5848302
2024,3,06185,Sinhgad Institute of Technology,0618537210,Electronics and Telecommunication Engg,OPEN,Ladies,Other,I,52890,81.7658119
2024,3,06185,Sinhgad Institute of Technology,0618537210,Electronics and Telecommunication Engg,OPEN,Defence,State,I,71264,74.5088207
2024,3,06185,Sinhgad Institute of Technology,0618537210,Electronics and Telecommunication Engg,OPEN,TFWS,State,I,45686,84.3369649
2024,3,06185,Sinhgad Institute of Technology,0618537210,Electronics and Telecommunication Engg,OPEN,Orphan,State,I,116731,52.9935209
2024,3,06185,Sinhgad Institute of Technology,0618561210,Mechanical Engineering,OPEN,General,Other,I,105605,59.0509185
2024,3,06185,Sinhgad Institute of Technology,0618561210,Mechanical Engineering,SC,General,Other,I,122211,49.7949643
2024,3,06185,Sinhgad Institute of Technology,0618561210,Mechanical Engineering,OBC,General,Other,I,113971,54.1800379
2024,3,06185,Sinhgad Institute of Technology,0618561210,Mechanical Engineering,OPEN,Ladies,Other,I,115756,53.7424491
2024,3,06187,"Sinhgad Academy of Engineering, Kondhwa (BK) Kondhwa-Saswad Road, Pune",0618719110,Civil Engineering,OPEN,General,Other,I,82856,69.7639628
2024,3,06187,"Sinhgad Academy of Engineering, Kondhwa (BK) Kondhwa-Saswad Road, Pune",0618719110,Civil Engineering,SC,General,Other,I,109687,57.0470967
2024,3,06187,"Sinhgad Academy of Engineering, Kondhwa (BK) Kondhwa-Saswad Road, Pune",0618719110,Civil Engineering,OBC,General,Other,I,111780,55.3559436
2024,3,06187,"Sinhgad Academy of Engineering, Kondhwa (BK) Kondhwa-Saswad Road, Pune",0618719110,Civil Engineering,OPEN,Ladies,Other,I,69694,75.2159961
2024,3,06187,"Sinhgad Academy of Engineering, Kondhwa (BK) Kondhwa-Saswad Road, Pune",0618719110,Civil Engineering,OPEN,Defence,State,I,146157,33.6953839
2024,3,06187,"Sinhgad Academy of Engineering, Kondhwa (BK) Kondhwa-Saswad Road, Pune",0618724510,Computer Engineering,OPEN,General,Other,I,27278,90.8331157
2024,3,06187,"Sinhgad Academy of Engineering, Kondhwa (BK) Kondhwa-Saswad Road, Pune",0618724510,Computer Engineering,SC,General,Other,I,45115,84.524207
2024,3,06187,"Sinhgad Academy of Engineering, Kondhwa (BK) Kondhwa-Saswad Road, Pune",0618724510,Computer Engineering,OBC,General,Other,I,31503,89.3321697
2024,3,06187,"Sinhgad Academy of Engineering, Kondhwa (BK) Kondhwa-Saswad Road, Pune",0618724510,Computer Engineering,OPEN,Ladies,Other,I,27336,90.8331157
2024,3,06187,"Sinhgad Academy of Engineering, Kondhwa (BK) Kondhwa-Saswad Road, Pune",0618724510,Computer Engineering,OPEN,Defence,State,I,46444,84.0259309
2024,3,06187,"Sinhgad Academy of Engineering, Kondhwa (BK) Kondhwa-Saswad Road, Pune",0618724510,Computer Engineering,SEBC,Defence,State,I,52114,81.934184
2024,3,06187,"Sinhgad Academy of Engineering, Kondhwa (BK) Kondhwa-Saswad Road, Pune",0618724510,Computer Engineering,OPEN,Orphan,State,I,50091,82.7099252
2024,3,06187,"Sinhgad Academy of Engineering, Kondhwa (BK) Kondhwa-Saswad Road, Pune",0618724610,Information Technology,OPEN,General,Other,I,32516,89.0376221
2024,3,06187,"Sinhgad Academy of Engineering, Kondhwa (BK) Kondhwa-Saswad Road, Pune",0618724610,Information Technology,OBC,General,Other,I,32892,88.890236
2024,3,06187,"Sinhgad Academy of Engineering, Kondhwa (BK) Kondhwa-Saswad Road, Pune",0618724610,Information Technology,OPEN,Ladies,Other,I,33393,88.6997043
2024,3,06187,"Sinhgad Academy of Engineering, Kondhwa (BK) Kondhwa-Saswad Road, Pune",0618724610,Information Technology,OPEN,General,Other,I,108703,57.2163252
2024,3,06187,"Sinhgad Academy of Engineering, Kondhwa (BK) Kondhwa-Saswad Road, Pune",0618737210,Electronics and Telecommunication Engg,OPEN,General,Other,I,35722,87.9526086
2024,3,06187,"Sinhgad Academy of Engineering, Kondhwa (BK) Kondhwa-Saswad Road, Pune",0618737210,Electronics and Telecommunication Engg,SC,General,Other,I,79992,70.889365
2024,3,06187,"Sinhgad Academy of Engineering, Kondhwa (BK) Kondhwa-Saswad Road, Pune",0618737210,Electronics and Telecommunication Engg,OBC,General,Other,I,52528,81.8151897
2024,3,06187,"Sinhgad Academy of Engineering, Kondhwa (BK) Kondhwa-Saswad Road, Pune",0618737210,Electronics and Telecommunication Engg,OPEN,General,Other,I,167012,15.5975889
2024,3,06187,"Sinhgad Academy of Engineering, Kondhwa (BK) Kondhwa-Saswad Road, Pune",0618737210,Electronics and Telecommunication Engg,OPEN,Defence,State,I,78998,71.4038201
2024,3,06187,"Sinhgad Academy of Engineering, Kondhwa (BK) Kondhwa-Saswad Road, Pune",0618737210,Electronics and Telecommunication Engg,OPEN,TFWS,State,I,40749,86.1227045
2024,3,06187,"Sinhgad Academy of Engineering, Kondhwa (BK) Kondhwa-Saswad Road, Pune",0618737210,Electronics and Telecommunication Engg,EWS,General,State,I,99109,62.7875345
2024,3,06187,"Sinhgad Academy of Engineering, Kondhwa (BK) Kondhwa-Saswad Road, Pune",0618761210,Mechanical Engineering,OPEN,General,Other,I,90812,65.9366282
2024,3,06187,"Sinhgad Academy of Engineering, Kondhwa (BK) Kondhwa-Saswad Road, Pune",0618761210,Mechanical Engineering,OBC,General,Other,I,93855,65.0377535
2024,3,06203,"Marathwada Mitra Mandal's Institute of Technology, Lohgaon, Pune",0620319110,Civil Engineering,OPEN,General,Other,I,88542,67.294477
2024,3,06203,"Marathwada Mitra Mandal's Institute of Technology, Lohgaon, Pune",0620319110,Civil Engineering,SC,General,Other,I,101940,60.546705
2024,3,06203,"Marathwada Mitra Mandal's Institute of Technology, Lohgaon, Pune",0620319110,Civil Engineering,OBC,General,Other,I,110445,56.846611
2024,3,06203,"Marathwada Mitra Mandal's Institute of Technology, Lohgaon, Pune",0620324510,Computer Engineering,OPEN,General,Other,I,24498,91.8183008
2024,3,06203,"Marathwada Mitra Mandal's Institute of Technology, Lohgaon, Pune",0620324510,Computer Engineering,OPEN,Ladies,Other,I,48553,83.4009466
2024,3,06203,"Marathwada Mitra Mandal's Institute of Technology, Lohgaon, Pune",0620324510,Computer Engineering,OPEN,Defence,State,I,39764,86.3062406
2024,3,06203,"Marathwada Mitra Mandal's Institute of Technology, Lohgaon, Pune",0620324510,Computer Engineering,OBC,Defence,State,I,51674,82.1493863
2024,3,06203,"Marathwada Mitra Mandal's Institute of Technology, Lohgaon, Pune",0620324510,Computer Engineering,OPEN,TFWS,State,I,23518,92.1947909
2024,3,06203,"Marathwada Mitra Mandal's Institute of Technology, Lohgaon, Pune",0620324510,Computer Engineering,OPEN,Orphan,State,I,66991,76.3630319
2024,3,06203,"Marathwada Mitra Mandal's Institute of Technology, Lohgaon, Pune",0620326610,Robotics and Artificial Intelligence,OPEN,General,Other,I,39134,86.7111001
2024,3,06203,"Marathwada Mitra Mandal's Institute of Technology, Lohgaon, Pune",0620326610,Robotics and Artificial Intelligence,OBC,Defence,State,I,45488,84.3938885
2024,3,06203,"Marathwada Mitra Mandal's Institute of Technology, Lohgaon, Pune",0620326610,Robotics and Artificial Intelligence,OPEN,TFWS,State,I,99402,62.7216425
2024,3,06203,"Marathwada Mitra Mandal's Institute of Technology, Lohgaon, Pune",0620361210,Mechanical Engineering,OPEN,General,Other,I,72439,74.1162962
2024,3,06203,"Marathwada Mitra Mandal's Institute of Technology, Lohgaon, Pune",0620361210,Mechanical Engineering,SC,General,Other,I,103612,60.1504384
2024,3,06203,"Marathwada Mitra Mandal's Institute of Technology, Lohgaon, Pune",0620361210,Mechanical Engineering,OBC,Defence,State,I,83585,69.4683908
2024,3,06203,"Marathwada Mitra Mandal's Institute of Technology, Lohgaon, Pune",0620361210,Mechanical Engineering,OPEN,TFWS,State,I,167866,14.3617021
2024,3,06203,"Marathwada Mitra Mandal's Institute of Technology, Lohgaon, Pune",0620362410,Mechatronics Engineering,OPEN,General,Other,I,71098,74.6830629
2024,3,06203,"Marathwada Mitra Mandal's Institute of Technology, Lohgaon, Pune",0620362410,Mechatronics Engineering,OPEN,Ladies,Other,I,109783,57.0470967
2024,3,06203,"Marathwada Mitra Mandal's Institute of Technology, Lohgaon, Pune",0620362410,Mechatronics Engineering,OPEN,General,Other,I,66266,76.5963466
2024,3,06203,"Marathwada Mitra Mandal's Institute of Technology, Lohgaon, Pune",0620362410,Mechatronics Engineering,OPEN,Ladies,Other,I,140591,37.6881791
2024,3,06203,"Marathwada Mitra Mandal's Institute of Technology, Lohgaon, Pune",0620399510,Artificial Intelligence and Data Science,OPEN,General,Other,I,30654,89.6994627
2024,3,06203,"Marathwada Mitra Mandal's Institute of Technology, Lohgaon, Pune",0620399510,Artificial Intelligence and Data Science,OBC,General,Other,I,33654,88.6037289
2024,3,06203,"Marathwada Mitra Mandal's Institute of Technology, Lohgaon, Pune",0620399510,Artificial Intelligence and Data Science,OPEN,Ladies,Other,I,26163,91.2510363
2024,3,06203,"Marathwada Mitra Mandal's Institute of Technology, Lohgaon, Pune",0620399510,Artificial Intelligence and Data Science,OPEN,Defence,State,I,59696,79.1872032
2024,3,06203,"Marathwada Mitra Mandal's Institute of Technology, Lohgaon, Pune",0620399510,Artificial Intelligence and Data Science,OBC,Defence,State,I,64068,77.6411427
2024,3,06203,"Marathwada Mitra Mandal's Institute of Technology, Lohgaon, Pune",0620399510,Artificial Intelligence and Data Science,OPEN,TFWS,State,I,29840,89.9248303
2024,3,06203,"Marathwada Mitra Mandal's Institute of Technology, Lohgaon, Pune",0620399510,Artificial Intelligence and Data Science,EWS,General,State,I,85847,68.2901694
2024,3,06206,"Pune District Education Association's College of Engineering, Manjari(Bk), Hadapsar, Pune",0620624510,Computer Engineering,OPEN,General,Other,I,40165,86.2190813
2024,3,06206,"Pune District Education Association's College of Engineering, Manjari(Bk), Hadapsar, Pune",0620624510,Computer Engineering,SC,General,Other,I,61080,78.5613347
2024,3,06206,"Pune District Education Association's College of Engineering, Manjari(Bk), Hadapsar, Pune",0620624510,Computer Engineering,OPEN,Ladies,Other,I,59163,79.4055287
2024,3,06206,"Pune District Education Association's College of Engineering, Manjari(Bk), Hadapsar, Pune",0620624510,Computer Engineering,OPEN,Defence,State,I,36196,87.6007466
2024,3,06206,"Pune District Education Association's College of Engineering, Manjari(Bk), Hadapsar, Pune",0620624510,Computer Engineering,OPEN,TFWS,State,I,43030,85.2662319
2024,3,06206,"Pune District Education Association's College of Engineering, Manjari(Bk), Hadapsar, Pune",0620624510,Computer Engineering,OPEN,Orphan,State,I,107823,57.414259
2024,3,06206,"Pune District Education Association's College of Engineering, Manjari(Bk), Hadapsar, Pune",0620624610,Information Technology,OPEN,General,Other,I,44602,84.6087386
2024,3,06206,"Pune District Education Association's College of Engineering, Manjari(Bk), Hadapsar, Pune",0620624610,Information Technology,OBC,General,Other,I,55477,80.7413807
2024,3,06206,"Pune District Education Association's College of Engineering, Manjari(Bk), Hadapsar, Pune",0620624610,Information Technology,OPEN,General,Other,I,40093,86.2190813
2024,3,06206,"Pune District Education Association's College of Engineering, Manjari(Bk), Hadapsar, Pune",0620624610,Information Technology,OBC,General,Other,I,66884,76.3630319
2024,3,06206,"Pune District Education Association's College of Engineering, Manjari(Bk), Hadapsar, Pune",0620637210,Electronics and Telecommunication Engg,OPEN,General,Other,I,54521,81.1614491
2024,3,06206,"Pune District Education Association's College of Engineering, Manjari(Bk), Hadapsar, Pune",0620637210,Electronics and Telecommunication Engg,SC,General,Other,I,73002,73.8486985
2024,3,06206,"Pune District Education Association's College of Engineering, Manjari(Bk), Hadapsar, Pune",0620637210,Electronics and Telecommunication Engg,OBC,General,Other,I,58266,79.6526596
2024,3,06206,"Pune District Education Association's College of Engineering, Manjari(Bk), Hadapsar, Pune",0620637210,Electronics and Telecommunication Engg,OPEN,Ladies,Other,I,59000,79.4895283
2024,3,06206,"Pune District Education Association's College of Engineering, Manjari(Bk), Hadapsar, Pune",0620637210,Electronics and Telecommunication Engg,OPEN,Defence,State,I,109364,57.1543272
2024,3,06206,"Pune District Education Association's College of Engineering, Manjari(Bk), Hadapsar, Pune",0620637210,Electronics and Telecommunication Engg,OBC,Defence,State,I,30289,89.8015148
2024,3,06206,"Pune District Education Association's College of Engineering, Manjari(Bk), Hadapsar, Pune",0620637210,Electronics and Telecommunication Engg,OPEN,TFWS,State,I,118666,51.7862916
2024,3,06206,"Pune District Education Association's College of Engineering, Manjari(Bk), Hadapsar, Pune",0620661210,Mechanical Engineering,OPEN,General,Other,I,98259,62.8351694
2024,3,06206,"Pune District Education Association's College of Engineering, Manjari(Bk), Hadapsar, Pune",0620699510,Artificial Intelligence and Data Science,OPEN,General,Other,I,46669,83.9659115
2024,3,06206,"Pune District Education Association's College of Engineering, Manjari(Bk), Hadapsar, Pune",0620699510,Artificial Intelligence and Data Science,SC,General,Other,I,62715,77.8445199
2024,3,06206,"Pune District Education Association's College of Engineering, Manjari(Bk), Hadapsar, Pune",0620699510,Artificial Intelligence and Data Science,OBC,General,Other,I,57975,79.8240416
2024,3,06206,"Pune District Education Association's College of Engineering, Manjari(Bk), Hadapsar, Pune",0620699510,Artificial Intelligence and Data Science,OPEN,General,Other,I,76741,72.3242844
2024,3,06206,"Pune District Education Association's College of Engineering, Manjari(Bk), Hadapsar, Pune",0620699510,Artificial Intelligence and Data Science,SC,General,Other,I,103749,60.1504384
2024,3,06207,"Dr. D. Y. Patil Unitech Society's Dr. D. Y. Patil Institute of Technology, Pimpri, Pune",0620719110,Civil Engineering,OPEN,Defence,State,I,92041,65.5460439
2024,3,06207,"Dr. D. Y. Patil Unitech Society's Dr. D. Y. Patil Institute of Technology, Pimpri, Pune",0620719110,Civil Engineering,OPEN,TFWS,State,I,41364,85.8772819
2024,3,06207,"Dr. D. Y. Patil Unitech Society's Dr. D. Y. Patil Institute of Technology, Pimpri, Pune",0620719110,Civil Engineering,EWS,General,State,I,144702,34.805294
2024,3,06207,"Dr. D. Y. Patil Unitech Society's Dr. D. Y. Patil Institute of Technology, Pimpri, Pune",0620724510,Computer Engineering,OPEN,Defence,State,I,18281,93.9032684
2024,3,06207,"Dr. D. Y. Patil Unitech Society's Dr. D. Y. Patil Institute of Technology, Pimpri, Pune",0620724510,Computer Engineering,OPEN,TFWS,State,I,8287,97.2230306
2024,3,06207,"Dr. D. Y. Patil Unitech Society's Dr. D. Y. Patil Institute of Technology, Pimpri, Pune",0620724510,Computer Engineering,OBC,Defence,State,I,32809,88.9034341
2024,3,06207,"Dr. D. Y. Patil Unitech Society's Dr. D. Y. Patil Institute of Technology, Pimpri, Pune",0620724510,Computer Engineering,EWS,General,State,I,19273,93.6359026
2024,3,06207,"Dr. D. Y. Patil Unitech Society's Dr. D. Y. Patil Institute of Technology, Pimpri, Pune",0620737210,Electronics and Telecommunication Engg,OPEN,Ladies,Other,I,91902,65.5509182
2024,3,06207,"Dr. D. Y. Patil Unitech Society's Dr. D. Y. Patil Institute of Technology, Pimpri, Pune",0620737210,Electronics and Telecommunication Engg,OPEN,Ladies,Other,I,29058,90.2921536
2024,3,06207,"Dr. D. Y. Patil Unitech Society's Dr. D. Y. Patil Institute of Technology, Pimpri, Pune",0620761210,Mechanical Engineering,SC,General,Other,I,54682,81.0485225
2024,3,06207,"Dr. D. Y. Patil Unitech Society's Dr. D. Y. Patil Institute of Technology, Pimpri, Pune",0620761210,Mechanical Engineering,OPEN,Ladies,Other,I,26110,91.2732713
2024,3,06207,"Dr. D. Y. Patil Unitech Society's Dr. D. Y. Patil Institute of Technology, Pimpri, Pune",0620761210,Mechanical Engineering,OPEN,Defence,State,I,90151,66.1855163
2024,3,06207,"Dr. D. Y. Patil Unitech Society's Dr. D. Y. Patil Institute of Technology, Pimpri, Pune",0620761210,Mechanical Engineering,OBC,Defence,State,I,81956,70.2544031
2024,3,06207,"Dr. D. Y. Patil Unitech Society's Dr. D. Y. Patil Institute of Technology, Pimpri, Pune",0620761210,Mechanical Engineering,EWS,General,State,I,114757,54.0550229
2024,3,06207,"Dr. D. Y. Patil Unitech Society's Dr. D. Y. Patil Institute of Technology, Pimpri, Pune",0620799510,Artificial Intelligence and Data Science,OPEN,General,Other,I,12024,96.0264086
2024,3,06207,"Dr. D. Y. Patil Unitech Society's Dr. D. Y. Patil Institute of Technology, Pimpri, Pune",0620799510,Artificial Intelligence and Data Science,OBC,General,Other,I,13198,95.6466244
2024,3,06207,"Dr. D. Y. Patil Unitech Society's Dr. D. Y. Patil Institute of Technology, Pimpri, Pune",0620799510,Artificial Intelligence and Data Science,OPEN,Ladies,Other,I,14058,95.3474417
2024,3,06207,"Dr. D. Y. Patil Unitech Society's Dr. D. Y. Patil Institute of Technology, Pimpri, Pune",0620799510,Artificial Intelligence and Data Science,OPEN,General,Other,I,22207,92.6335559
2024,3,06214,"K. E. Society's Rajarambapu Institute of Technology, Walwa, Sangli",0621419110,Civil Engineering,OPEN,General,State,I,30534,89.7106951
2024,3,06214,"K. E. Society's Rajarambapu Institute of Technology, Walwa, Sangli",0621419110,Civil Engineering,OBC,General,State,I,69709,75.2159961
2024,3,06214,"K. E. Society's Rajarambapu Institute of Technology, Walwa, Sangli",0621419110,Civil Engineering,EWS,General,State,I,69550,75.3410409
2024,3,06214,"K. E. Society's Rajarambapu Institute of Technology, Walwa, Sangli",0621421910,Robotics and Automation,OPEN,General,State,I,65074,76.8897938
2024,3,06214,"K. E. Society's Rajarambapu Institute of Technology, Walwa, Sangli",0621421910,Robotics and Automation,SC,General,State,I,81344,70.4817329
2024,3,06214,"K. E. Society's Rajarambapu Institute of Technology, Walwa, Sangli",0621421910,Robotics and Automation,ST,General,State,I,127850,46.3188381
2024,3,06214,"K. E. Society's Rajarambapu Institute of Technology, Walwa, Sangli",0621421910,Robotics and Automation,VJ,General,State,I,74172,73.4468855
2024,3,06214,"K. E. Society's Rajarambapu Institute of Technology, Walwa, Sangli",0621421910,Robotics and Automation,NT3,General,State,I,39052,86.7139959
2024,3,06214,"K. E. Society's Rajarambapu Institute of Technology, Walwa, Sangli",0621421910,Robotics and Automation,SEBC,General,State,I,39261,86.6547892
2024,3,06214,"K. E. Society's Rajarambapu Institute of Technology, Walwa, Sangli",0621424510,Computer Engineering,OPEN,General,State,I,18614,93.8492553
2024,3,06214,"K. E. Society's Rajarambapu Institute of Technology, Walwa, Sangli",0621424510,Computer Engineering,ST,General,State,I,34291,88.4426131
2024,3,06214,"K. E. Society's Rajarambapu Institute of Technology, Walwa, Sangli",0621424510,Computer Engineering,NT1,General,State,I,23828,92.0938243
2024,3,06214,"K. E. Society's Rajarambapu Institute of Technology, Walwa, Sangli",0621424510,Computer Engineering,OBC,General,State,I,20199,93.2798858
2024,3,06214,"K. E. Society's Rajarambapu Institute of Technology, Walwa, Sangli",0621424510,Computer Engineering,SEBC,General,State,I,17328,94.2401197
2024,3,06214,"K. E. Society's Rajarambapu Institute of Technology, Walwa, Sangli",0621424510,Computer Engineering,OPEN,Ladies,State,I,22524,92.5256639
2024,3,06214,"K. E. Society's Rajarambapu Institute of Technology, Walwa, Sangli",0621429310,Electrical Engineering,SC,General,State,I,66765,76.4789025
2024,3,06214,"K. E. Society's Rajarambapu Institute of Technology, Walwa, Sangli",0621429310,Electrical Engineering,OBC,General,State,I,33643,88.6037289
2024,3,06214,"K. E. Society's Rajarambapu Institute of Technology, Walwa, Sangli",0621429310,Electrical Engineering,OPEN,Ladies,State,I,25244,91.5656321
2024,3,06214,"K. E. Society's Rajarambapu Institute of Technology, Walwa, Sangli",0621429310,Electrical Engineering,OBC,Ladies,State,I,51787,82.1493863
2024,3,06214,"K. E. Society's Rajarambapu Institute of Technology, Walwa, Sangli",0621437210,Electronics and Telecommunication Engg,OPEN,General,State,I,26919,90.9377099
2024,3,06214,"K. E. Society's Rajarambapu Institute of Technology, Walwa, Sangli",0621437210,Electronics and Telecommunication Engg,ST,General,State,I,39814,86.3062406
2024,3,06214,"K. E. Society's Rajarambapu Institute of Technology, Walwa, Sangli",0621437210,Electronics and Telecommunication Engg,OBC,General,State,I,24869,91.6557848
2024,3,06214,"K. E. Society's Rajarambapu Institute of Technology, Walwa, Sangli",0621437210,Electronics and Telecommunication Engg,OBC,PWD,State,I,30892,89.541677
2024,3,06214,"K. E. Society's Rajarambapu Institute of Technology, Walwa, Sangli",0621456810,Computer Science and Information Technology,OPEN,General,State,I,23212,92.2801912
2024,3,06214,"K. E. Society's Rajarambapu Institute of Technology, Walwa, Sangli",0621456810,Computer Science and Information Technology,SC,General,State,I,47328,83.6467428
2024,3,06214,"K. E. Society's Rajarambapu Institute of Technology, Walwa, Sangli",0621456810,Computer Science and Information Technology,ST,General,State,I,25245,91.5656321
2024,3,06214,"K. E. Society's Rajarambapu Institute of Technology, Walwa, Sangli",0621461210,Mechanical Engineering,OPEN,General,State,I,56395,80.4298831
2024,3,06214,"K. E. Society's Rajarambapu Institute of Technology, Walwa, Sangli",0621461210,Mechanical Engineering,SC,General,State,I,113004,54.7526673
2024,3,06214,"K. E. Society's Rajarambapu Institute of Technology, Walwa, Sangli",0621461210,Mechanical Engineering,ST,General,State,I,84529,69.0659616
2024,3,06214,"K. E. Society's Rajarambapu Institute of Technology, Walwa, Sangli",0621461210,Mechanical Engineering,OBC,General,State,I,66566,76.4789025
2024,3,06214,"K. E. Society's Rajarambapu Institute of Technology, Walwa, Sangli",0621461210,Mechanical Engineering,SEBC,General,State,I,107110,57.9919409
2024,3,06214,"K. E. Society's Rajarambapu Institute of Technology, Walwa, Sangli",0621461210,Mechanical Engineering,SC,Ladies,State,I,59644,79.1872032
2024,3,06214,"K. E. Society's Rajarambapu Institute of Technology, Walwa, Sangli",0621461210,Mechanical Engineering,NT2,Ladies,State,I,71270,74.5088207
2024,3,06214,"K. E. Society's Rajarambapu Institute of Technology, Walwa, Sangli",0621461210,Mechanical Engineering,OPEN,General,State,II,122176,49.7949643
2024,3,06214,"K. E. Society's Rajarambapu Institute of Technology, Walwa, Sangli",0621491110,Computer Science and Engineering(Artificial Intelligence and Machine Learning),SC,General,State,I,48537,83.4009466
2024,3,06214,"K. E. Society's Rajarambapu Institute of Technology, Walwa, Sangli",0621491110,Computer Science and Engineering(Artificial Intelligence and Machine Learning),OPEN,PWD,State,I,27829,90.6756878
2024,3,06217,"Shri. Balasaheb Mane Shikshan Prasarak Mandal's, Ashokrao Mane Group of Institutions",0621724210,Computer Science and Engineering,OPEN,General,Other,I,124619,48.0648514
2024,3,06217,"Shri. Balasaheb Mane Shikshan Prasarak Mandal's, Ashokrao Mane Group of Institutions",0621724210,Computer Science and Engineering,OBC,General,Other,I,151577,29.1560732
2024,3,06217,"Shri. Balasaheb Mane Shikshan Prasarak Mandal's, Ashokrao Mane Group of Institutions",0621724210,Computer Science and Engineering,OPEN,Ladies,Other,I,105887,59.0509185
2024,3,06217,"Shri. Balasaheb Mane Shikshan Prasarak Mandal's, Ashokrao Mane Group of Institutions",0621724210,Computer Science and Engineering,OBC,Defence,State,I,165211,16.8882979
2024,3,06217,"Shri. Balasaheb Mane Shikshan Prasarak Mandal's, Ashokrao Mane Group of Institutions",0621726310,Artificial Intelligence (AI) and Data Science,OPEN,General,Other,I,113715,54.3568289
2024,3,06217,"Shri. Balasaheb Mane Shikshan Prasarak Mandal's, Ashokrao Mane Group of Institutions",0621726310,Artificial Intelligence (AI) and Data Science,OBC,General,Other,I,165285,16.8882979
2024,3,06217,"Shri. Balasaheb Mane Shikshan Prasarak Mandal's, Ashokrao Mane Group of Institutions",0621726310,Artificial Intelligence (AI) and Data Science,OPEN,General,Other,I,171912,10.2692323
2024,3,06217,"Shri. Balasaheb Mane Shikshan Prasarak Mandal's, Ashokrao Mane Group of Institutions",0621726310,Artificial Intelligence (AI) and Data Science,OPEN,General,Other,I,93199,65.2878345
2024,3,06217,"Shri. Balasaheb Mane Shikshan Prasarak Mandal's, Ashokrao Mane Group of Institutions",0621726310,Artificial Intelligence (AI) and Data Science,OBC,General,Other,I,151382,29.3071786
2024,3,06217,"Shri. Balasaheb Mane Shikshan Prasarak Mandal's, Ashokrao Mane Group of Institutions",0621737210,Electronics and Telecommunication Engg,OBC,General,Other,I,159475,22.4081803
2024,3,06217,"Shri. Balasaheb Mane Shikshan Prasarak Mandal's, Ashokrao Mane Group of Institutions",0621737210,Electronics and Telecommunication Engg,OPEN,Ladies,Other,I,156176,25.5936912
2024,3,06217,"Shri. Balasaheb Mane Shikshan Prasarak Mandal's, Ashokrao Mane Group of Institutions",0621784410,Electronics and Computer Engineering,OPEN,General,Other,I,116078,53.517849
2024,3,06217,"Shri. Balasaheb Mane Shikshan Prasarak Mandal's, Ashokrao Mane Group of Institutions",0621784410,Electronics and Computer Engineering,SC,General,Other,I,157457,24.3094646
2024,3,06217,"Shri. Balasaheb Mane Shikshan Prasarak Mandal's, Ashokrao Mane Group of Institutions",0621784410,Electronics and Computer Engineering,OBC,General,Other,I,173705,7.8773225
2024,3,06217,"Shri. Balasaheb Mane Shikshan Prasarak Mandal's, Ashokrao Mane Group of Institutions",0621784410,Electronics and Computer Engineering,OPEN,General,Other,I,131739,43.8452614
2024,3,06217,"Shri. Balasaheb Mane Shikshan Prasarak Mandal's, Ashokrao Mane Group of Institutions",0621784410,Electronics and Computer Engineering,OPEN,General,Other,II,175952,5.1527915
2024,3,06217,"Shri. Balasaheb Mane Shikshan Prasarak Mandal's, Ashokrao Mane Group of Institutions",0621784410,Electronics and Computer Engineering,OPEN,Defence,State,I,156678,25.0606208
2024,3,06217,"Shri. Balasaheb Mane Shikshan Prasarak Mandal's, Ashokrao Mane Group of Institutions",0621792110,Artificial Intelligence and Machine Learning,OPEN,General,Other,I,118265,52.0276576
2024,3,06217,"Shri. Balasaheb Mane Shikshan Prasarak Mandal's, Ashokrao Mane Group of Institutions",0621792110,Artificial Intelligence and Machine Learning,OPEN,Ladies,Other,I,163040,19.1366185
2024,3,06219,"KSGBS's Bharat- Ratna Indira Gandhi College of Engineering, Kegaon, Solapur",0621924210,Computer Science and Engineering,OPEN,General,Other,I,135625,41.0394031
2024,3,06219,"KSGBS's Bharat- Ratna Indira Gandhi College of Engineering, Kegaon, Solapur",0621924210,Computer Science and Engineering,SC,General,Other,I,152614,28.3301002
2024,3,06219,"KSGBS's Bharat- Ratna Indira Gandhi College of Engineering, Kegaon, Solapur",0621924210,Computer Science and Engineering,OBC,General,Other,I,143353,35.5925864
2024,3,06219,"KSGBS's Bharat- Ratna Indira Gandhi College of Engineering, Kegaon, Solapur",0621924210,Computer Science and Engineering,OPEN,General,Other,I,159931,22.1725851
2024,3,06220,"Shri Vithal Education and Research Institute's College of Engineering, Pandharpur",0622019110,Civil Engineering,OPEN,General,State,I,71898,74.3614357
2024,3,06220,"Shri Vithal Education and Research Institute's College of Engineering, Pandharpur",0622019110,Civil Engineering,ST,General,State,I,118050,52.0861037
2024,3,06220,"Shri Vithal Education and Research Institute's College of Engineering, Pandharpur",0622019110,Civil Engineering,OBC,General,State,I,77863,71.7682877
2024,3,06220,"Shri Vithal Education and Research Institute's College of Engineering, Pandharpur",0622019110,Civil Engineering,SEBC,General,State,I,155415,25.7846411
2024,3,06220,"Shri Vithal Education and Research Institute's College of Engineering, Pandharpur",0622019110,Civil Engineering,VJ,Ladies,State,I,179369,0.3800456
2024,3,06220,"Shri Vithal Education and Research Institute's College of Engineering, Pandharpur",0622029310,Electrical Engineering,OPEN,General,State,I,62054,78.1973837
2024,3,06220,"Shri Vithal Education and Research Institute's College of Engineering, Pandharpur",0622029310,Electrical Engineering,SC,General,State,I,113572,54.3920183
2024,3,06220,"Shri Vithal Education and Research Institute's College of Engineering, Pandharpur",0622029310,Electrical Engineering,SC,Ladies,State,I,113647,54.3568289
2024,3,06220,"Shri Vithal Education and Research Institute's College of Engineering, Pandharpur",0622029310,Electrical Engineering,OBC,Ladies,State,I,75775,72.8176141
2024,3,06220,"Shri Vithal Education and Research Institute's College of Engineering, Pandharpur",0622037210,Electronics and Telecommunication Engg,OPEN,General,State,I,47648,83.5806009
2024,3,06220,"Shri Vithal Education and Research Institute's College of Engineering, Pandharpur",0622037210,Electronics and Telecommunication Engg,ST,General,State,I,47721,83.5806009
2024,3,06220,"Shri Vithal Education and Research Institute's College of Engineering, Pandharpur",0622037210,Electronics and Telecommunication Engg,OBC,General,State,I,140691,37.6881791
2024,3,06220,"Shri Vithal Education and Research Institute's College of Engineering, Pandharpur",0622037210,Electronics and Telecommunication Engg,OPEN,PWD,State,I,111089,56.0103934
2024,3,06220,"Shri Vithal Education and Research Institute's College of Engineering, Pandharpur",0622061210,Mechanical Engineering,OPEN,General,State,I,81200,70.5008347
2024,3,06220,"Shri Vithal Education and Research Institute's College of Engineering, Pandharpur",0622061210,Mechanical Engineering,SC,General,State,I,113739,54.3568289
2024,3,06220,"Shri Vithal Education and Research Institute's College of Engineering, Pandharpur",0622061210,Mechanical Engineering,OBC,General,State,I,96632,63.2340107
2024,3,06220,"Shri Vithal Education and Research Institute's College of Engineering, Pandharpur",0622061210,Mechanical Engineering,SEBC,General,State,I,85511,68.4785771
2024,3,06220,"Shri Vithal Education and Research Institute's College of Engineering, Pandharpur",0622061210,Mechanical Engineering,OPEN,Ladies,State,I,61135,78.5613347
2024,3,06220,"Shri Vithal Education and Research Institute's College of Engineering, Pandharpur",0622061210,Mechanical Engineering,ST,Ladies,State,I,65113,76.8897938
2024,3,06222,"Dattajirao Kadam Technical Education Society's Textile & Engineering Institute, Ichalkaranji.",0622219110,Civil Engineering,OPEN,General,State,I,80734,70.5215521
2024,3,06222,"Dattajirao Kadam Technical Education Society's Textile & Engineering Institute, Ichalkaranji.",0622219110,Civil Engineering,SC,General,State,I,166703,15.6816655
2024,3,06222,"Dattajirao Kadam Technical Education Society's Textile & Engineering Institute, Ichalkaranji.",0622219110,Civil Engineering,NT3,General,State,I,129168,45.4574846
2024,3,06222,"Dattajirao Kadam Technical Education Society's Textile & Engineering Institute, Ichalkaranji.",0622219110,Civil Engineering,OBC,General,State,I,114291,54.0859766
2024,3,06222,"Dattajirao Kadam Technical Education Society's Textile & Engineering Institute, Ichalkaranji.",0622219110,Civil Engineering,SEBC,General,State,I,74504,73.3652047
2024,3,06222,"Dattajirao Kadam Technical Education Society's Textile & Engineering Institute, Ichalkaranji.",0622219110,Civil Engineering,OPEN,Ladies,State,I,109658,57.0470967
2024,3,06222,"Dattajirao Kadam Technical Education Society's Textile & Engineering Institute, Ichalkaranji.",0622219110,Civil Engineering,SC,Ladies,State,I,131387,43.9565943
2024,3,06222,"Dattajirao Kadam Technical Education Society's Textile & Engineering Institute, Ichalkaranji.",0622219110,Civil Engineering,NT2,Ladies,State,I,155427,25.7846411
2024,3,06222,"Dattajirao Kadam Technical Education Society's Textile & Engineering Institute, Ichalkaranji.",0622219110,Civil Engineering,OBC,Ladies,State,I,101819,60.546705
2024,3,06222,"Dattajirao Kadam Technical Education Society's Textile & Engineering Institute, Ichalkaranji.",0622219110,Civil Engineering,SEBC,Ladies,State,I,133442,42.725346
2024,3,06222,"Dattajirao Kadam Technical Education Society's Textile & Engineering Institute, Ichalkaranji.",0622226310,Artificial Intelligence (AI) and Data Science,VJ,General,State,I,95342,63.5370419
2024,3,06222,"Dattajirao Kadam Technical Education Society's Textile & Engineering Institute, Ichalkaranji.",0622226310,Artificial Intelligence (AI) and Data Science,NT2,General,State,I,38557,86.8553381
2024,3,06222,"Dattajirao Kadam Technical Education Society's Textile & Engineering Institute, Ichalkaranji.",0622226310,Artificial Intelligence (AI) and Data Science,OPEN,Defence,State,I,72815,73.8893284
2024,3,06222,"Dattajirao Kadam Technical Education Society's Textile & Engineering Institute, Ichalkaranji.",0622226310,Artificial Intelligence (AI) and Data Science,OPEN,TFWS,State,I,16258,94.5914991
2024,3,06222,"Dattajirao Kadam Technical Education Society's Textile & Engineering Institute, Ichalkaranji.",0622237210,Electronics and Telecommunication Engg,OPEN,General,State,I,44555,84.6402007
2024,3,06222,"Dattajirao Kadam Technical Education Society's Textile & Engineering Institute, Ichalkaranji.",0622237210,Electronics and Telecommunication Engg,ST,General,State,I,67091,76.2466193
2024,3,06222,"Dattajirao Kadam Technical Education Society's Textile & Engineering Institute, Ichalkaranji.",0622237210,Electronics and Telecommunication Engg,NT2,General,State,I,102901,60.2921536
2024,3,06222,"Dattajirao Kadam Technical Education Society's Textile & Engineering Institute, Ichalkaranji.",0622237210,Electronics and Telecommunication Engg,NT3,General,State,I,29490,90.0724101
2024,3,06222,"Dattajirao Kadam Technical Education Society's Textile & Engineering Institute, Ichalkaranji.",0622237210,Electronics and Telecommunication Engg,OPEN,Ladies,State,I,42722,85.3822102
2024,3,06222,"Dattajirao Kadam Technical Education Society's Textile & Engineering Institute, Ichalkaranji.",0622237210,Electronics and Telecommunication Engg,OBC,Ladies,State,I,49928,82.7776364
2024,3,06222,"Dattajirao Kadam Technical Education Society's Textile & Engineering Institute, Ichalkaranji.",0622246510,Technical Textiles,NT2,General,State,I,139782,38.5392182
2024,3,06222,"Dattajirao Kadam Technical Education Society's Textile & Engineering Institute, Ichalkaranji.",0622246510,Technical Textiles,OBC,General,State,I,78311,71.7115
2024,3,06222,"Dattajirao Kadam Technical Education Society's Textile & Engineering Institute, Ichalkaranji.",0622246510,Technical Textiles,ST,Ladies,State,I,137149,40.1066152
2024,3,06222,"Dattajirao Kadam Technical Education Society's Textile & Engineering Institute, Ichalkaranji.",0622257010,Fashion Technology,OPEN,General,State,I,75605,74.6896999
2024,3,06222,"Dattajirao Kadam Technical Education Society's Textile & Engineering Institute, Ichalkaranji.",0622257010,Fashion Technology,OPEN,PWD,State,I,40128,0.0
2024,3,06222,"Dattajirao Kadam Technical Education Society's Textile & Engineering Institute, Ichalkaranji.",0622261210,Mechanical Engineering,OPEN,General,State,I,72555,74.1162962
2024,3,06222,"Dattajirao Kadam Technical Education Society's Textile & Engineering Institute, Ichalkaranji.",0622261210,Mechanical Engineering,SC,General,State,I,127630,46.3657898
2024,3,06222,"Dattajirao Kadam Technical Education Society's Textile & Engineering Institute, Ichalkaranji.",0622261210,Mechanical Engineering,NT1,General,State,I,159657,22.2282247
2024,3,06222,"Dattajirao Kadam Technical Education Society's Textile & Engineering Institute, Ichalkaranji.",0622261210,Mechanical Engineering,OBC,General,State,I,100052,61.8908693
2024,3,06222,"Dattajirao Kadam Technical Education Society's Textile & Engineering Institute, Ichalkaranji.",0622261210,Mechanical Engineering,SEBC,General,State,I,73298,73.7956676
2024,3,06222,"Dattajirao Kadam Technical Education Society's Textile & Engineering Institute, Ichalkaranji.",0622261210,Mechanical Engineering,SC,Ladies,State,I,96369,63.2687832
2024,3,06222,"Dattajirao Kadam Technical Education Society's Textile & Engineering Institute, Ichalkaranji.",0622261210,Mechanical Engineering,OBC,Ladies,State,I,91707,65.5509182
2024,3,06222,"Dattajirao Kadam Technical Education Society's Textile & Engineering Institute, Ichalkaranji.",0622261210,Mechanical Engineering,OPEN,Defence,State,I,64577,77.1713278
2024,3,06222,"Dattajirao Kadam Technical Education Society's Textile & Engineering Institute, Ichalkaranji.",0622261210,Mechanical Engineering,OPEN,TFWS,State,I,162938,19.2570952
2024,3,06222,"Dattajirao Kadam Technical Education Society's Textile & Engineering Institute, Ichalkaranji.",0622261210,Mechanical Engineering,OPEN,General,State,II,134929,41.8427081
2024,3,06222,"Dattajirao Kadam Technical Education Society's Textile & Engineering Institute, Ichalkaranji.",0622288610,Man Made Textile Technology,OPEN,General,State,I,97179,63.0759599
2024,3,06222,"Dattajirao Kadam Technical Education Society's Textile & Engineering Institute, Ichalkaranji.",0622288610,Man Made Textile Technology,SC,General,State,I,155132,26.1271353
2024,3,06222,"Dattajirao Kadam Technical Education Society's Textile & Engineering Institute, Ichalkaranji.",0622288610,Man Made Textile Technology,NT2,General,State,I,108638,57.2163252
2024,3,06222,"Dattajirao Kadam Technical Education Society's Textile & Engineering Institute, Ichalkaranji.",0622288610,Man Made Textile Technology,OPEN,General,State,II,147117,32.8344132
2024,3,06222,"Dattajirao Kadam Technical Education Society's Textile & Engineering Institute, Ichalkaranji.",0622289010,Textile Chemistry,OPEN,General,State,I,104605,62.7926421
2024,3,06222,"Dattajirao Kadam Technical Education Society's Textile & Engineering Institute, Ichalkaranji.",0622289010,Textile Chemistry,SC,General,State,I,139554,42.6250781
2024,3,06222,"Dattajirao Kadam Technical Education Society's Textile & Engineering Institute, Ichalkaranji.",0622289010,Textile Chemistry,ST,General,State,I,140242,42.2200941
2024,3,06222,"Dattajirao Kadam Technical Education Society's Textile & Engineering Institute, Ichalkaranji.",0622289010,Textile Chemistry,VJ,General,State,I,153313,32.0979389
2024,3,06222,"Dattajirao Kadam Technical Education Society's Textile & Engineering Institute, Ichalkaranji.",0622289010,Textile Chemistry,NT1,General,State,I,133075,46.5102928
2024,3,06222,"Dattajirao Kadam Technical Education Society's Textile & Engineering Institute, Ichalkaranji.",0622289010,Textile Chemistry,NT3,General,State,I,141933,40.99476
2024,3,06222,"Dattajirao Kadam Technical Education Society's Textile & Engineering Institute, Ichalkaranji.",0622289010,Textile Chemistry,OBC,General,State,I,92765,67.8440824
2024,3,06222,"Dattajirao Kadam Technical Education Society's Textile & Engineering Institute, Ichalkaranji.",0622289010,Textile Chemistry,SEBC,General,State,I,133904,46.3497861
2024,3,06222,"Dattajirao Kadam Technical Education Society's Textile & Engineering Institute, Ichalkaranji.",0622289010,Textile Chemistry,OPEN,Ladies,State,I,146969,37.2130338
2024,3,06222,"Dattajirao Kadam Technical Education Society's Textile & Engineering Institute, Ichalkaranji.",0622289610,Textile Technology,OPEN,General,State,I,68825,75.5247196
2024,3,06222,"Dattajirao Kadam Technical Education Society's Textile & Engineering Institute, Ichalkaranji.",0622289610,Textile Technology,OPEN,Ladies,State,I,47811,83.5380246
2024,3,06222,"Dattajirao Kadam Technical Education Society's Textile & Engineering Institute, Ichalkaranji.",0622291110,Computer Science and Engineering(Artificial Intelligence and Machine Learning),ST,General,State,I,44337,84.7973394
2024,3,06222,"Dattajirao Kadam Technical Education Society's Textile & Engineering Institute, Ichalkaranji.",0622291110,Computer Science and Engineering(Artificial Intelligence and Machine Learning),OBC,General,State,I,31385,89.3399508
2024,3,06223,"Pradnya Niketan Education Society's Nagesh Karajagi Orchid College of Engineering & Technology, Solapur",0622319110,Civil Engineering,OPEN,General,State,I,81292,70.5008347
2024,3,06223,"Pradnya Niketan Education Society's Nagesh Karajagi Orchid College of Engineering & Technology, Solapur",0622319110,Civil Engineering,OBC,General,State,I,119273,51.2170385
2024,3,06223,"Pradnya Niketan Education Society's Nagesh Karajagi Orchid College of Engineering & Technology, Solapur",0622319110,Civil Engineering,SEBC,General,State,I,131197,43.9565943
2024,3,06223,"Pradnya Niketan Education Society's Nagesh Karajagi Orchid College of Engineering & Technology, Solapur",0622319110,Civil Engineering,OPEN,Ladies,State,I,97847,62.8733646
2024,3,06223,"Pradnya Niketan Education Society's Nagesh Karajagi Orchid College of Engineering & Technology, Solapur",0622324210,Computer Science and Engineering,OPEN,General,State,I,51704,82.1493863
2024,3,06223,"Pradnya Niketan Education Society's Nagesh Karajagi Orchid College of Engineering & Technology, Solapur",0622324210,Computer Science and Engineering,SEBC,General,State,I,55284,80.7840564
2024,3,06223,"Pradnya Niketan Education Society's Nagesh Karajagi Orchid College of Engineering & Technology, Solapur",0622324210,Computer Science and Engineering,OPEN,Ladies,State,I,47918,83.5380246
2024,3,06223,"Pradnya Niketan Education Society's Nagesh Karajagi Orchid College of Engineering & Technology, Solapur",0622324210,Computer Science and Engineering,ST,Ladies,State,I,52100,81.934184
2024,3,06223,"Pradnya Niketan Education Society's Nagesh Karajagi Orchid College of Engineering & Technology, Solapur",0622329310,Electrical Engineering,OPEN,General,State,I,89579,66.8404462
2024,3,06223,"Pradnya Niketan Education Society's Nagesh Karajagi Orchid College of Engineering & Technology, Solapur",0622329310,Electrical Engineering,SC,General,State,I,153343,27.815423
2024,3,06223,"Pradnya Niketan Education Society's Nagesh Karajagi Orchid College of Engineering & Technology, Solapur",0622329310,Electrical Engineering,OPEN,Ladies,State,I,85876,68.2901694
2024,3,06223,"Pradnya Niketan Education Society's Nagesh Karajagi Orchid College of Engineering & Technology, Solapur",0622329310,Electrical Engineering,SC,Ladies,State,I,107245,57.8688386
2024,3,06223,"Pradnya Niketan Education Society's Nagesh Karajagi Orchid College of Engineering & Technology, Solapur",0622329310,Electrical Engineering,OBC,Ladies,State,I,100001,61.8908693
2024,3,06223,"Pradnya Niketan Education Society's Nagesh Karajagi Orchid College of Engineering & Technology, Solapur",0622329310,Electrical Engineering,OPEN,PWD,State,I,78653,71.5965758
2024,3,06223,"Pradnya Niketan Education Society's Nagesh Karajagi Orchid College of Engineering & Technology, Solapur",0622337210,Electronics and Telecommunication Engg,OPEN,General,State,I,68068,76.0337773
2024,3,06223,"Pradnya Niketan Education Society's Nagesh Karajagi Orchid College of Engineering & Technology, Solapur",0622337210,Electronics and Telecommunication Engg,OPEN,Defence,State,I,93746,65.0377535
2024,3,06223,"Pradnya Niketan Education Society's Nagesh Karajagi Orchid College of Engineering & Technology, Solapur",0622337210,Electronics and Telecommunication Engg,EWS,General,State,I,64478,77.2074577
2024,3,06223,"Pradnya Niketan Education Society's Nagesh Karajagi Orchid College of Engineering & Technology, Solapur",0622361210,Mechanical Engineering,SC,General,State,I,177368,3.1992114
2024,3,06223,"Pradnya Niketan Education Society's Nagesh Karajagi Orchid College of Engineering & Technology, Solapur",0622361210,Mechanical Engineering,ST,General,State,I,124566,48.0648514
2024,3,06223,"Pradnya Niketan Education Society's Nagesh Karajagi Orchid College of Engineering & Technology, Solapur",0622361210,Mechanical Engineering,NT3,General,State,I,102147,60.5030966
2024,3,06223,"Pradnya Niketan Education Society's Nagesh Karajagi Orchid College of Engineering & Technology, Solapur",0622361210,Mechanical Engineering,SEBC,General,State,I,115573,53.7694785
2024,3,06223,"Pradnya Niketan Education Society's Nagesh Karajagi Orchid College of Engineering & Technology, Solapur",0622399510,Artificial Intelligence and Data Science,OBC,General,State,I,62190,78.1946121
2024,3,06223,"Pradnya Niketan Education Society's Nagesh Karajagi Orchid College of Engineering & Technology, Solapur",0622399510,Artificial Intelligence and Data Science,SEBC,General,State,I,72007,74.3614357
2024,3,06223,"Pradnya Niketan Education Society's Nagesh Karajagi Orchid College of Engineering & Technology, Solapur",0622399510,Artificial Intelligence and Data Science,OPEN,Ladies,State,I,38386,86.889129
2024,3,06223,"Pradnya Niketan Education Society's Nagesh Karajagi Orchid College of Engineering & Technology, Solapur",0622399510,Artificial Intelligence and Data Science,OBC,General,State,II,99934,61.8908693
2024,3,06250,"D.Y. Patil College of Engineering and Technology, Kolhapur",0625019110,Civil Engineering,OPEN,General,State,I,81691,70.4092512
2024,3,06250,"D.Y. Patil College of Engineering and Technology, Kolhapur",0625019110,Civil Engineering,SC,General,State,I,125639,47.6302148
2024,3,06250,"D.Y. Patil College of Engineering and Technology, Kolhapur",0625019110,Civil Engineering,VJ,General,State,I,119315,51.2170385
2024,3,06250,"D.Y. Patil College of Engineering and Technology, Kolhapur",0625019110,Civil Engineering,OBC,General,State,I,55114,80.7858869
2024,3,06250,"D.Y. Patil College of Engineering and Technology, Kolhapur",0625019110,Civil Engineering,OPEN,Ladies,State,I,171278,11.0205778
2024,3,06250,"D.Y. Patil College of Engineering and Technology, Kolhapur",0625019110,Civil Engineering,OBC,Ladies,State,I,178453,1.7748479
2024,3,06250,"D.Y. Patil College of Engineering and Technology, Kolhapur",0625024210,Computer Science and Engineering,OPEN,General,State,I,31159,89.4789625
2024,3,06250,"D.Y. Patil College of Engineering and Technology, Kolhapur",0625024210,Computer Science and Engineering,SC,General,State,I,57490,80.003358
2024,3,06250,"D.Y. Patil College of Engineering and Technology, Kolhapur",0625024210,Computer Science and Engineering,ST,General,State,I,33215,88.7742666
2024,3,06250,"D.Y. Patil College of Engineering and Technology, Kolhapur",0625024210,Computer Science and Engineering,NT2,General,State,I,36161,87.6637005
2024,3,06250,"D.Y. Patil College of Engineering and Technology, Kolhapur",0625024210,Computer Science and Engineering,OBC,General,State,I,21013,92.9851251
2024,3,06250,"D.Y. Patil College of Engineering and Technology, Kolhapur",0625024210,Computer Science and Engineering,OPEN,Ladies,State,I,64231,77.5959933
2024,3,06250,"D.Y. Patil College of Engineering and Technology, Kolhapur",0625024210,Computer Science and Engineering,SC,Ladies,State,I,28294,90.4876606
2024,3,06250,"D.Y. Patil College of Engineering and Technology, Kolhapur",0625024210,Computer Science and Engineering,OPEN,TFWS,State,I,56108,80.5896708
2024,3,06250,"D.Y. Patil College of Engineering and Technology, Kolhapur",0625037210,Electronics and Telecommunication Engg,OPEN,General,State,I,45309,84.4941393
2024,3,06250,"D.Y. Patil College of Engineering and Technology, Kolhapur",0625037210,Electronics and Telecommunication Engg,SC,General,State,I,67823,76.0337773
2024,3,06250,"D.Y. Patil College of Engineering and Technology, Kolhapur",0625037210,Electronics and Telecommunication Engg,VJ,General,State,I,92517,65.4406319
2024,3,06250,"D.Y. Patil College of Engineering and Technology, Kolhapur",0625037210,Electronics and Telecommunication Engg,OBC,General,State,I,54304,81.2084441
2024,3,06250,"D.Y. Patil College of Engineering and Technology, Kolhapur",0625037210,Electronics and Telecommunication Engg,OPEN,Ladies,State,I,43562,85.0982359
2024,3,06250,"D.Y. Patil College of Engineering and Technology, Kolhapur",0625037210,Electronics and Telecommunication Engg,OPEN,PWD,State,I,73309,73.7956676
2024,3,06250,"D.Y. Patil College of Engineering and Technology, Kolhapur",0625037210,Electronics and Telecommunication Engg,OBC,PWD,State,I,59883,79.1318865
2024,3,06250,"D.Y. Patil College of Engineering and Technology, Kolhapur",0625050710,Chemical Engineering,SC,General,State,I,131288,43.9565943
2024,3,06250,"D.Y. Patil College of Engineering and Technology, Kolhapur",0625050710,Chemical Engineering,NT3,General,State,I,143517,35.5925864
2024,3,06250,"D.Y. Patil College of Engineering and Technology, Kolhapur",0625050710,Chemical Engineering,OBC,General,State,I,34286,88.4426131
2024,3,06250,"D.Y. Patil College of Engineering and Technology, Kolhapur",0625050710,Chemical Engineering,SC,Ladies,State,I,95816,63.5258359
2024,3,06250,"D.Y. Patil College of Engineering and Technology, Kolhapur",0625050710,Chemical Engineering,ST,Ladies,State,I,106006,58.5786927
2024,3,06250,"D.Y. Patil College of Engineering and Technology, Kolhapur",0625050710,Chemical Engineering,OBC,Ladies,State,I,88528,67.5033807
2024,3,06250,"D.Y. Patil College of Engineering and Technology, Kolhapur",0625061210,Mechanical Engineering,OPEN,General,State,I,61901,78.2152555
2024,3,06250,"D.Y. Patil College of Engineering and Technology, Kolhapur",0625061210,Mechanical Engineering,SC,General,State,I,129050,45.521922
2024,3,06250,"D.Y. Patil College of Engineering and Technology, Kolhapur",0625061210,Mechanical Engineering,OBC,General,State,I,81448,70.4817329
2024,3,06250,"D.Y. Patil College of Engineering and Technology, Kolhapur",0625061210,Mechanical Engineering,OPEN,Ladies,State,I,81545,70.4817329
2024,3,06250,"D.Y. Patil College of Engineering and Technology, Kolhapur",0625061210,Mechanical Engineering,NT2,Ladies,State,I,148602,31.6234334
2024,3,06250,"D.Y. Patil College of Engineering and Technology, Kolhapur",0625061210,Mechanical Engineering,OPEN,TFWS,State,I,43066,85.2662319
2024,3,06250,"D.Y. Patil College of Engineering and Technology, Kolhapur",0625061210,Mechanical Engineering,EWS,General,State,I,138466,39.0541888
2024,3,06250,"D.Y. Patil College of Engineering and Technology, Kolhapur",0625091110,Computer Science and Engineering(Artificial Intelligence and Machine Learning),OPEN,General,State,I,37941,87.0844527
2024,3,06250,"D.Y. Patil College of Engineering and Technology, Kolhapur",0625091110,Computer Science and Engineering(Artificial Intelligence and Machine Learning),OBC,General,State,I,38347,86.889129
2024,3,06250,"D.Y. Patil College of Engineering and Technology, Kolhapur",0625091110,Computer Science and Engineering(Artificial Intelligence and Machine Learning),SEBC,General,State,I,40756,86.1227045
2024,3,06250,"D.Y. Patil College of Engineering and Technology, Kolhapur",0625091110,Computer Science and Engineering(Artificial Intelligence and Machine Learning),OPEN,Ladies,State,I,32270,89.1051648
2024,3,06250,"D.Y. Patil College of Engineering and Technology, Kolhapur",0625091110,Computer Science and Engineering(Artificial Intelligence and Machine Learning),OPEN,PWD,State,I,62021,78.1973837
2024,3,06250,"D.Y. Patil College of Engineering and Technology, Kolhapur",0625091210,Computer Science and Engineering(Data Science),OPEN,General,State,I,41397,85.8772819
2024,3,06250,"D.Y. Patil College of Engineering and Technology, Kolhapur",0625091210,Computer Science and Engineering(Data Science),VJ,General,State,I,79607,71.1376941
2024,3,06250,"D.Y. Patil College of Engineering and Technology, Kolhapur",0625091210,Computer Science and Engineering(Data Science),NT2,General,State,I,51571,82.1766955
2024,3,06250,"D.Y. Patil College of Engineering and Technology, Kolhapur",0625091210,Computer Science and Engineering(Data Science),OBC,General,State,I,41743,85.5759641
2024,3,06250,"D.Y. Patil College of Engineering and Technology, Kolhapur",0625091210,Computer Science and Engineering(Data Science),SEBC,General,State,I,52176,81.934184
2024,3,06250,"D.Y. Patil College of Engineering and Technology, Kolhapur",0625091210,Computer Science and Engineering(Data Science),OBC,Defence,State,I,140499,38.0295157
2024,3,06250,"D.Y. Patil College of Engineering and Technology, Kolhapur",0625091210,Computer Science and Engineering(Data Science),EWS,General,State,I,64835,76.933232
2024,3,06265,"Walchand Institute of Technology, Solapur",0626519110,Civil Engineering,OPEN,General,State,I,86126,68.2901694
2024,3,06265,"Walchand Institute of Technology, Solapur",0626519110,Civil Engineering,OPEN,Ladies,State,I,92101,65.5460439
2024,3,06265,"Walchand Institute of Technology, Solapur",0626519110,Civil Engineering,OPEN,TFWS,State,I,141367,37.2130338
2024,3,06265,"Walchand Institute of Technology, Solapur",0626561510,Mechanical & Automation Engineering,OPEN,General,State,I,81242,70.5008347
2024,3,06265,"Walchand Institute of Technology, Solapur",0626561510,Mechanical & Automation Engineering,OPEN,Ladies,State,I,70275,75.0114283
2024,3,06265,"Walchand Institute of Technology, Solapur",0626561510,Mechanical & Automation Engineering,OPEN,TFWS,State,I,64486,77.2074577
2024,3,06267,"Kolhapur Institute of Technology's College of Engineering(Autonomous), Kolhapur",0626708210,Bio Technology,OPEN,General,State,I,20742,93.5806257
2024,3,06267,"Kolhapur Institute of Technology's College of Engineering(Autonomous), Kolhapur",0626708210,Bio Technology,SC,General,State,I,22681,92.9464617
2024,3,06267,"Kolhapur Institute of Technology's College of Engineering(Autonomous), Kolhapur",0626708210,Bio Technology,VJ,General,State,I,29178,90.8768907
2024,3,06267,"Kolhapur Institute of Technology's College of Engineering(Autonomous), Kolhapur",0626708210,Bio Technology,OBC,General,State,I,28370,91.2195591
2024,3,06267,"Kolhapur Institute of Technology's College of Engineering(Autonomous), Kolhapur",0626708210,Bio Technology,OPEN,Ladies,State,I,13833,95.7299
2024,3,06267,"Kolhapur Institute of Technology's College of Engineering(Autonomous), Kolhapur",0626708210,Bio Technology,ST,Ladies,State,I,143315,40.0600995
2024,3,06267,"Kolhapur Institute of Technology's College of Engineering(Autonomous), Kolhapur",0626708210,Bio Technology,OPEN,PWD,State,I,8750,0.0
2024,3,06267,"Kolhapur Institute of Technology's College of Engineering(Autonomous), Kolhapur",0626708210,Bio Technology,OPEN,TFWS,State,I,51598,83.4862385
2024,3,06267,"Kolhapur Institute of Technology's College of Engineering(Autonomous), Kolhapur",0626719110,Civil Engineering,OPEN,General,State,I,30771,89.591785
2024,3,06267,"Kolhapur Institute of Technology's College of Engineering(Autonomous), Kolhapur",0626719110,Civil Engineering,ST,General,State,I,95670,63.5370419
2024,3,06267,"Kolhapur Institute of Technology's College of Engineering(Autonomous), Kolhapur",0626719110,Civil Engineering,OBC,General,State,I,56606,80.3003309
2024,3,06267,"Kolhapur Institute of Technology's College of Engineering(Autonomous), Kolhapur",0626719110,Civil Engineering,SEBC,General,State,I,34154,88.5013511
2024,3,06267,"Kolhapur Institute of Technology's College of Engineering(Autonomous), Kolhapur",0626719110,Civil Engineering,OPEN,Ladies,State,I,117517,52.2046883
2024,3,06267,"Kolhapur Institute of Technology's College of Engineering(Autonomous), Kolhapur",0626719110,Civil Engineering,SC,Ladies,State,I,113874,54.3568289
2024,3,06267,"Kolhapur Institute of Technology's College of Engineering(Autonomous), Kolhapur",0626719110,Civil Engineering,OPEN,General,State,II,65331,76.7997668
2024,3,06267,"Kolhapur Institute of Technology's College of Engineering(Autonomous), Kolhapur",0626724210,Computer Science and Engineering,OPEN,General,State,I,12708,95.8067495
2024,3,06267,"Kolhapur Institute of Technology's College of Engineering(Autonomous), Kolhapur",0626724210,Computer Science and Engineering,SC,General,State,I,33167,88.7742666
2024,3,06267,"Kolhapur Institute of Technology's College of Engineering(Autonomous), Kolhapur",0626724210,Computer Science and Engineering,NT1,General,State,I,22470,92.5368222
2024,3,06267,"Kolhapur Institute of Technology's College of Engineering(Autonomous), Kolhapur",0626724210,Computer Science and Engineering,OBC,General,State,I,15237,94.9846427
2024,3,06267,"Kolhapur Institute of Technology's College of Engineering(Autonomous), Kolhapur",0626724210,Computer Science and Engineering,OPEN,Ladies,State,I,12456,95.8725715
2024,3,06267,"Kolhapur Institute of Technology's College of Engineering(Autonomous), Kolhapur",0626724210,Computer Science and Engineering,OBC,Ladies,State,I,13875,95.3912021
2024,3,06267,"Kolhapur Institute of Technology's College of Engineering(Autonomous), Kolhapur",0626726210,Computer Science and Business Systems,OPEN,General,State,I,20078,93.2978364
2024,3,06267,"Kolhapur Institute of Technology's College of Engineering(Autonomous), Kolhapur",0626726210,Computer Science and Business Systems,SC,General,State,I,53145,81.7098306
2024,3,06267,"Kolhapur Institute of Technology's College of Engineering(Autonomous), Kolhapur",0626726210,Computer Science and Business Systems,VJ,General,State,I,34955,88.1366358
2024,3,06267,"Kolhapur Institute of Technology's College of Engineering(Autonomous), Kolhapur",0626726210,Computer Science and Business Systems,OBC,General,State,I,23847,92.0938243
2024,3,06267,"Kolhapur Institute of Technology's College of Engineering(Autonomous), Kolhapur",0626726210,Computer Science and Business Systems,OPEN,Ladies,State,I,18913,93.7208186
2024,3,06267,"Kolhapur Institute of Technology's College of Engineering(Autonomous), Kolhapur",0626726210,Computer Science and Business Systems,SC,Ladies,State,I,51260,82.2448555
2024,3,06267,"Kolhapur Institute of Technology's College of Engineering(Autonomous), Kolhapur",0626726210,Computer Science and Business Systems,OBC,Ladies,State,I,23246,92.2801912
2024,3,06267,"Kolhapur Institute of Technology's College of Engineering(Autonomous), Kolhapur",0626729310,Electrical Engineering,OPEN,General,State,I,36068,87.8152279
2024,3,06267,"Kolhapur Institute of Technology's College of Engineering(Autonomous), Kolhapur",0626729310,Electrical Engineering,SC,General,State,I,75651,72.8176141
2024,3,06267,"Kolhapur Institute of Technology's College of Engineering(Autonomous), Kolhapur",0626729310,Electrical Engineering,ST,General,State,I,40191,86.2190813
2024,3,06267,"Kolhapur Institute of Technology's College of Engineering(Autonomous), Kolhapur",0626729310,Electrical Engineering,OBC,General,State,I,53362,81.4941569
2024,3,06267,"Kolhapur Institute of Technology's College of Engineering(Autonomous), Kolhapur",0626737210,Electronics and Telecommunication Engg,SC,General,State,I,50794,82.5540242
2024,3,06267,"Kolhapur Institute of Technology's College of Engineering(Autonomous), Kolhapur",0626737210,Electronics and Telecommunication Engg,ST,General,State,I,45814,84.3179513
2024,3,06267,"Kolhapur Institute of Technology's College of Engineering(Autonomous), Kolhapur",0626737210,Electronics and Telecommunication Engg,NT1,General,State,I,11288,96.260142
2024,3,06267,"Kolhapur Institute of Technology's College of Engineering(Autonomous), Kolhapur",0626737210,Electronics and Telecommunication Engg,OBC,General,State,I,22789,92.4262209
2024,3,06267,"Kolhapur Institute of Technology's College of Engineering(Autonomous), Kolhapur",0626761210,Mechanical Engineering,OPEN,General,State,I,43919,84.886137
2024,3,06267,"Kolhapur Institute of Technology's College of Engineering(Autonomous), Kolhapur",0626761210,Mechanical Engineering,SC,General,State,I,108568,57.2163252
2024,3,06267,"Kolhapur Institute of Technology's College of Engineering(Autonomous), Kolhapur",0626761210,Mechanical Engineering,SEBC,General,State,I,67389,76.1358545
2024,3,06267,"Kolhapur Institute of Technology's College of Engineering(Autonomous), Kolhapur",0626761210,Mechanical Engineering,OPEN,Ladies,State,I,40521,86.1433391
2024,3,06267,"Kolhapur Institute of Technology's College of Engineering(Autonomous), Kolhapur",0626761210,Mechanical Engineering,OBC,Ladies,State,I,64349,77.5959933
2024,3,06267,"Kolhapur Institute of Technology's College of Engineering(Autonomous), Kolhapur",0626761210,Mechanical Engineering,OBC,Defence,State,I,37208,87.3943543
2024,3,06267,"Kolhapur Institute of Technology's College of Engineering(Autonomous), Kolhapur",0626761210,Mechanical Engineering,OPEN,TFWS,State,I,150692,30.3265615
2024,3,06267,"Kolhapur Institute of Technology's College of Engineering(Autonomous), Kolhapur",0626761210,Mechanical Engineering,OBC,Defence,State,I,101714,60.546705
2024,3,06267,"Kolhapur Institute of Technology's College of Engineering(Autonomous), Kolhapur",0626791110,Computer Science and Engineering(Artificial Intelligence and Machine Learning),NT1,General,State,I,27638,90.777366
2024,3,06267,"Kolhapur Institute of Technology's College of Engineering(Autonomous), Kolhapur",0626791110,Computer Science and Engineering(Artificial Intelligence and Machine Learning),OBC,General,State,I,21358,92.8912908
2024,3,06267,"Kolhapur Institute of Technology's College of Engineering(Autonomous), Kolhapur",0626791110,Computer Science and Engineering(Artificial Intelligence and Machine Learning),OBC,PWD,State,I,15062,95.0221088
2024,3,06267,"Kolhapur Institute of Technology's College of Engineering(Autonomous), Kolhapur",0626792210,Civil and Environmental Engineering,OPEN,General,State,I,71426,74.4421543
2024,3,06267,"Kolhapur Institute of Technology's College of Engineering(Autonomous), Kolhapur",0626792210,Civil and Environmental Engineering,SC,General,State,I,156606,25.0606208
2024,3,06267,"Kolhapur Institute of Technology's College of Engineering(Autonomous), Kolhapur",0626792210,Civil and Environmental Engineering,OBC,General,State,I,99711,62.2534756
2024,3,06267,"Kolhapur Institute of Technology's College of Engineering(Autonomous), Kolhapur",0626792210,Civil and Environmental Engineering,OPEN,Ladies,State,I,67400,76.1358545
2024,3,06268,"Tatyasaheb Kore Institute of Engineering and Technology, Warananagar",0626819110,Civil Engineering,OPEN,General,State,I,93079,65.2878345
2024,3,06268,"Tatyasaheb Kore Institute of Engineering and Technology, Warananagar",0626819110,Civil Engineering,SC,General,State,I,154157,27.4155342
2024,3,06268,"Tatyasaheb Kore Institute of Engineering and Technology, Warananagar",0626819110,Civil Engineering,VJ,General,State,I,128964,45.521922
2024,3,06268,"Tatyasaheb Kore Institute of Engineering and Technology, Warananagar",0626819110,Civil Engineering,NT2,General,State,I,162024,20.7289199
2024,3,06268,"Tatyasaheb Kore Institute of Engineering and Technology, Warananagar",0626819110,Civil Engineering,OBC,General,State,I,100568,61.3261708
2024,3,06268,"Tatyasaheb Kore Institute of Engineering and Technology, Warananagar",0626819110,Civil Engineering,OPEN,Ladies,State,I,110323,56.846611
2024,3,06268,"Tatyasaheb Kore Institute of Engineering and Technology, Warananagar",0626819110,Civil Engineering,SC,Ladies,State,I,109393,57.1543272
2024,3,06268,"Tatyasaheb Kore Institute of Engineering and Technology, Warananagar",0626819110,Civil Engineering,OPEN,General,State,II,169505,13.0427194
2024,3,06268,"Tatyasaheb Kore Institute of Engineering and Technology, Warananagar",0626824210,Computer Science and Engineering,OPEN,General,State,I,45095,84.524207
2024,3,06268,"Tatyasaheb Kore Institute of Engineering and Technology, Warananagar",0626824210,Computer Science and Engineering,ST,General,State,I,102633,60.2951569
2024,3,06268,"Tatyasaheb Kore Institute of Engineering and Technology, Warananagar",0626824210,Computer Science and Engineering,VJ,General,State,I,52464,81.8151897
2024,3,06268,"Tatyasaheb Kore Institute of Engineering and Technology, Warananagar",0626824210,Computer Science and Engineering,OBC,General,State,I,48243,83.5013309
2024,3,06268,"Tatyasaheb Kore Institute of Engineering and Technology, Warananagar",0626824210,Computer Science and Engineering,SEBC,General,State,I,41785,85.5759641
2024,3,06268,"Tatyasaheb Kore Institute of Engineering and Technology, Warananagar",0626824210,Computer Science and Engineering,OPEN,Ladies,State,I,41636,85.7790463
2024,3,06268,"Tatyasaheb Kore Institute of Engineering and Technology, Warananagar",0626824210,Computer Science and Engineering,ST,Ladies,State,I,30554,89.7106951
2024,3,06268,"Tatyasaheb Kore Institute of Engineering and Technology, Warananagar",0626824210,Computer Science and Engineering,SEBC,Ladies,State,I,48463,83.4009466
2024,3,06268,"Tatyasaheb Kore Institute of Engineering and Technology, Warananagar",0626826210,Computer Science and Business Systems,OPEN,General,State,I,57750,79.9360013
2024,3,06268,"Tatyasaheb Kore Institute of Engineering and Technology, Warananagar",0626826210,Computer Science and Business Systems,NT2,General,State,I,67916,76.0337773
2024,3,06268,"Tatyasaheb Kore Institute of Engineering and Technology, Warananagar",0626826210,Computer Science and Business Systems,OPEN,Ladies,State,I,56818,80.2743712
2024,3,06268,"Tatyasaheb Kore Institute of Engineering and Technology, Warananagar",0626837210,Electronics and Telecommunication Engg,OPEN,General,State,I,50782,82.5540242
2024,3,06268,"Tatyasaheb Kore Institute of Engineering and Technology, Warananagar",0626837210,Electronics and Telecommunication Engg,SC,General,State,I,109090,57.1959853
2024,3,06268,"Tatyasaheb Kore Institute of Engineering and Technology, Warananagar",0626837210,Electronics and Telecommunication Engg,OBC,General,State,I,60134,79.0646435
2024,3,06268,"Tatyasaheb Kore Institute of Engineering and Technology, Warananagar",0626837210,Electronics and Telecommunication Engg,SC,Ladies,State,I,91105,65.8812284
2024,3,06268,"Tatyasaheb Kore Institute of Engineering and Technology, Warananagar",0626837210,Electronics and Telecommunication Engg,OPEN,TFWS,State,I,48425,83.4700421
2024,3,06268,"Tatyasaheb Kore Institute of Engineering and Technology, Warananagar",0626837210,Electronics and Telecommunication Engg,EWS,General,State,I,66482,76.5404634
2024,3,06268,"Tatyasaheb Kore Institute of Engineering and Technology, Warananagar",0626861210,Mechanical Engineering,OPEN,General,State,I,115880,53.7424491
2024,3,06268,"Tatyasaheb Kore Institute of Engineering and Technology, Warananagar",0626861210,Mechanical Engineering,SC,General,State,I,171279,11.0205778
2024,3,06268,"Tatyasaheb Kore Institute of Engineering and Technology, Warananagar",0626861210,Mechanical Engineering,ST,General,State,I,149079,31.3198919
2024,3,06268,"Tatyasaheb Kore Institute of Engineering and Technology, Warananagar",0626861210,Mechanical Engineering,VJ,General,State,I,102034,60.546705
2024,3,06268,"Tatyasaheb Kore Institute of Engineering and Technology, Warananagar",0626861210,Mechanical Engineering,NT3,General,State,I,103132,60.2921536
2024,3,06268,"Tatyasaheb Kore Institute of Engineering and Technology, Warananagar",0626861210,Mechanical Engineering,OBC,General,State,I,110269,56.9588351
2024,3,06268,"Tatyasaheb Kore Institute of Engineering and Technology, Warananagar",0626861210,Mechanical Engineering,SEBC,General,State,I,161475,21.0368242
2024,3,06268,"Tatyasaheb Kore Institute of Engineering and Technology, Warananagar",0626861210,Mechanical Engineering,OPEN,General,State,II,173347,8.4810177
2024,3,06269,"Shetkari Shikshan Mandal's Pad. Vasantraodada Patil Institute of Technology, Budhgaon, Sangli",0626924210,Computer Science and Engineering,OPEN,General,Other,I,102314,60.5030966
2024,3,06269,"Shetkari Shikshan Mandal's Pad. Vasantraodada Patil Institute of Technology, Budhgaon, Sangli",0626924210,Computer Science and Engineering,SC,General,Other,I,139547,38.7773761
2024,3,06269,"Shetkari Shikshan Mandal's Pad. Vasantraodada Patil Institute of Technology, Budhgaon, Sangli",0626924210,Computer Science and Engineering,OPEN,General,Other,I,59630,79.1872032
2024,3,06269,"Shetkari Shikshan Mandal's Pad. Vasantraodada Patil Institute of Technology, Budhgaon, Sangli",0626924210,Computer Science and Engineering,OPEN,General,Other,I,127907,46.3188381
2024,3,06269,"Shetkari Shikshan Mandal's Pad. Vasantraodada Patil Institute of Technology, Budhgaon, Sangli",0626937210,Electronics and Telecommunication Engg,OPEN,General,Other,I,125279,47.9076668
2024,3,06269,"Shetkari Shikshan Mandal's Pad. Vasantraodada Patil Institute of Technology, Budhgaon, Sangli",0626937210,Electronics and Telecommunication Engg,OBC,General,Other,I,146269,33.5585964
2024,3,06269,"Shetkari Shikshan Mandal's Pad. Vasantraodada Patil Institute of Technology, Budhgaon, Sangli",0626937210,Electronics and Telecommunication Engg,OPEN,General,Other,I,163273,19.1157452
2024,3,06269,"Shetkari Shikshan Mandal's Pad. Vasantraodada Patil Institute of Technology, Budhgaon, Sangli",0626937210,Electronics and Telecommunication Engg,OPEN,General,Other,I,95897,63.5258359
2024,3,06269,"Shetkari Shikshan Mandal's Pad. Vasantraodada Patil Institute of Technology, Budhgaon, Sangli",0626950710,Chemical Engineering,OPEN,General,Other,I,126110,47.4576949
2024,3,06269,"Shetkari Shikshan Mandal's Pad. Vasantraodada Patil Institute of Technology, Budhgaon, Sangli",0626950710,Chemical Engineering,OBC,General,Other,I,138866,38.8849565
2024,3,06269,"Shetkari Shikshan Mandal's Pad. Vasantraodada Patil Institute of Technology, Budhgaon, Sangli",0626950710,Chemical Engineering,OPEN,General,Other,I,120934,50.6340761
2024,3,06269,"Shetkari Shikshan Mandal's Pad. Vasantraodada Patil Institute of Technology, Budhgaon, Sangli",0626950710,Chemical Engineering,OPEN,General,Other,I,159066,22.5662265
2024,3,06269,"Shetkari Shikshan Mandal's Pad. Vasantraodada Patil Institute of Technology, Budhgaon, Sangli",0626990010,Electronics and Computer Science,OPEN,General,Other,I,115307,53.7694785
2024,3,06269,"Shetkari Shikshan Mandal's Pad. Vasantraodada Patil Institute of Technology, Budhgaon, Sangli",0626990010,Electronics and Computer Science,OBC,General,Other,I,148486,31.6234334
2024,3,06269,"Shetkari Shikshan Mandal's Pad. Vasantraodada Patil Institute of Technology, Budhgaon, Sangli",0626990010,Electronics and Computer Science,OPEN,General,Other,I,131768,43.8452614
2024,3,06269,"Shetkari Shikshan Mandal's Pad. Vasantraodada Patil Institute of Technology, Budhgaon, Sangli",0626990010,Electronics and Computer Science,OPEN,General,Other,I,159103,22.5662265
2024,3,06269,"Shetkari Shikshan Mandal's Pad. Vasantraodada Patil Institute of Technology, Budhgaon, Sangli",0626992510,Computer Science and Engineering (Artificial Intelligence and Data Science),OPEN,General,Other,I,78541,71.7115
2024,3,06269,"Shetkari Shikshan Mandal's Pad. Vasantraodada Patil Institute of Technology, Budhgaon, Sangli",0626992510,Computer Science and Engineering (Artificial Intelligence and Data Science),SC,General,Other,I,126080,47.4576949
2024,3,06269,"Shetkari Shikshan Mandal's Pad. Vasantraodada Patil Institute of Technology, Budhgaon, Sangli",0626992510,Computer Science and Engineering (Artificial Intelligence and Data Science),OBC,General,Other,I,121577,50.0957604
2024,3,06269,"Shetkari Shikshan Mandal's Pad. Vasantraodada Patil Institute of Technology, Budhgaon, Sangli",0626992510,Computer Science and Engineering (Artificial Intelligence and Data Science),OPEN,Ladies,Other,I,109294,57.1543272
2024,3,06269,"Shetkari Shikshan Mandal's Pad. Vasantraodada Patil Institute of Technology, Budhgaon, Sangli",0626992610,Electrical and Computer Engineering,OPEN,General,Other,I,130246,44.5064233
2024,3,06269,"Shetkari Shikshan Mandal's Pad. Vasantraodada Patil Institute of Technology, Budhgaon, Sangli",0626992610,Electrical and Computer Engineering,OPEN,Ladies,Other,I,122780,49.6193645
2024,3,06269,"Shetkari Shikshan Mandal's Pad. Vasantraodada Patil Institute of Technology, Budhgaon, Sangli",0626992610,Electrical and Computer Engineering,OPEN,General,Other,II,133522,42.725346
2024,3,06269,"Shetkari Shikshan Mandal's Pad. Vasantraodada Patil Institute of Technology, Budhgaon, Sangli",0626992610,Electrical and Computer Engineering,OPEN,General,Other,I,87352,67.6869909
2024,3,06269,"Shetkari Shikshan Mandal's Pad. Vasantraodada Patil Institute of Technology, Budhgaon, Sangli",0626992610,Electrical and Computer Engineering,OPEN,Ladies,Other,I,154103,27.4155342
2024,3,06270,"Rayat Shikshan Sanstha's Karmaveer Bhaurao Patil College of Engineering, Satara",0627024210,Computer Science and Engineering,OPEN,General,Other,I,84873,68.9053056
2024,3,06270,"Rayat Shikshan Sanstha's Karmaveer Bhaurao Patil College of Engineering, Satara",0627024210,Computer Science and Engineering,OBC,General,Other,I,131023,44.3676458
2024,3,06270,"Rayat Shikshan Sanstha's Karmaveer Bhaurao Patil College of Engineering, Satara",0627024210,Computer Science and Engineering,OPEN,Ladies,Other,I,66447,76.5404634
2024,3,06270,"Rayat Shikshan Sanstha's Karmaveer Bhaurao Patil College of Engineering, Satara",0627024210,Computer Science and Engineering,OPEN,General,Other,I,131599,43.8452614
2024,3,06270,"Rayat Shikshan Sanstha's Karmaveer Bhaurao Patil College of Engineering, Satara",0627037210,Electronics and Telecommunication Engg,OBC,General,Other,I,119348,51.2170385
2024,3,06270,"Rayat Shikshan Sanstha's Karmaveer Bhaurao Patil College of Engineering, Satara",0627037210,Electronics and Telecommunication Engg,OPEN,Ladies,Other,I,101265,60.6237408
2024,3,06270,"Rayat Shikshan Sanstha's Karmaveer Bhaurao Patil College of Engineering, Satara",0627037210,Electronics and Telecommunication Engg,OBC,General,Other,I,150974,29.6395567
2024,3,06271,Pune Institute of Computer Technology,0627124510,Computer Engineering,OPEN,General,State,I,5158,99.7007854
2024,3,06271,Pune Institute of Computer Technology,0627124510,Computer Engineering,OPEN,Ladies,State,I,6415,99.7221973
2024,3,06271,Pune Institute of Computer Technology,0627124610,Information Technology,OPEN,General,State,I,1114,99.5592791
2024,3,06271,Pune Institute of Computer Technology,0627124610,Information Technology,ST,General,State,I,28112,90.52636
2024,3,06271,Pune Institute of Computer Technology,0627124610,Information Technology,VJ,General,State,I,4629,98.4195402
2024,3,06271,Pune Institute of Computer Technology,0627124610,Information Technology,OBC,General,State,I,1235,99.5199424
2024,3,06271,Pune Institute of Computer Technology,0627124610,Information Technology,SEBC,General,State,I,1617,99.3949682
2024,3,06271,Pune Institute of Computer Technology,0627126310,Artificial Intelligence (AI) and Data Science,OPEN,General,State,I,1238,99.5199424
2024,3,06271,Pune Institute of Computer Technology,0627126310,Artificial Intelligence (AI) and Data Science,OPEN,Ladies,State,I,1817,99.3280098
2024,3,06271,Pune Institute of Computer Technology,0627126310,Artificial Intelligence (AI) and Data Science,OPEN,TFWS,State,I,1433,99.4532554
2024,3,06271,Pune Institute of Computer Technology,0627137210,Electronics and Telecommunication Engg,OPEN,General,State,I,2616,99.069138
2024,3,06271,Pune Institute of Computer Technology,0627137210,Electronics and Telecommunication Engg,SC,General,State,I,12542,95.8528758
2024,3,06271,Pune Institute of Computer Technology,0627137210,Electronics and Telecommunication Engg,ST,General,State,I,27350,90.8331157
2024,3,06271,Pune Institute of Computer Technology,0627137210,Electronics and Telecommunication Engg,OBC,General,State,I,3370,98.8239694
2024,3,06271,Pune Institute of Computer Technology,0627137210,Electronics and Telecommunication Engg,OPEN,Ladies,State,I,3409,98.8131082
2024,3,06271,Pune Institute of Computer Technology,0627137210,Electronics and Telecommunication Engg,OBC,Ladies,State,I,4558,98.4474421
2024,3,06271,Pune Institute of Computer Technology,0627137210,Electronics and Telecommunication Engg,SEBC,Ladies,State,I,3928,98.632301
2024,3,06271,Pune Institute of Computer Technology,0627137210,Electronics and Telecommunication Engg,OPEN,TFWS,State,I,2483,99.1125761
2024,3,06271,Pune Institute of Computer Technology,0627137210,Electronics and Telecommunication Engg,EWS,General,State,I,4205,98.5524481
2024,3,06271,Pune Institute of Computer Technology,0627184410,Electronics and Computer Engineering,OPEN,General,State,I,1726,99.356188
2024,3,06271,Pune Institute of Computer Technology,0627184410,Electronics and Computer Engineering,SC,General,State,I,9307,96.9066937
2024,3,06271,Pune Institute of Computer Technology,0627184410,Electronics and Computer Engineering,ST,General,State,I,43557,85.0982359
2024,3,06271,Pune Institute of Computer Technology,0627184410,Electronics and Computer Engineering,OBC,General,State,I,2017,99.2603059
2024,3,06271,Pune Institute of Computer Technology,0627184410,Electronics and Computer Engineering,OPEN,TFWS,State,I,1522,99.4212433
2024,3,06272,"Dr. D. Y. Patil Pratishthan's D.Y.Patil College of Engineering Akurdi, Pune",0627219110,Civil Engineering,OPEN,General,State,I,28885,90.3308397
2024,3,06272,"Dr. D. Y. Patil Pratishthan's D.Y.Patil College of Engineering Akurdi, Pune",0627219110,Civil Engineering,SC,General,State,I,41556,85.7790463
2024,3,06272,"Dr. D. Y. Patil Pratishthan's D.Y.Patil College of Engineering Akurdi, Pune",0627219110,Civil Engineering,OBC,General,State,I,39124,86.7111001
2024,3,06272,"Dr. D. Y. Patil Pratishthan's D.Y.Patil College of Engineering Akurdi, Pune",0627219110,Civil Engineering,OPEN,Ladies,State,I,27538,90.7979989
2024,3,06272,"Dr. D. Y. Patil Pratishthan's D.Y.Patil College of Engineering Akurdi, Pune",0627219110,Civil Engineering,SC,Ladies,State,I,46957,83.752973
2024,3,06272,"Dr. D. Y. Patil Pratishthan's D.Y.Patil College of Engineering Akurdi, Pune",0627219110,Civil Engineering,NT2,Ladies,State,I,71791,74.3785526
2024,3,06272,"Dr. D. Y. Patil Pratishthan's D.Y.Patil College of Engineering Akurdi, Pune",0627219110,Civil Engineering,OBC,Ladies,State,I,35935,87.8945473
2024,3,06272,"Dr. D. Y. Patil Pratishthan's D.Y.Patil College of Engineering Akurdi, Pune",0627219110,Civil Engineering,OPEN,PWD,State,I,52818,81.7658119
2024,3,06272,"Dr. D. Y. Patil Pratishthan's D.Y.Patil College of Engineering Akurdi, Pune",0627219110,Civil Engineering,OPEN,Defence,State,I,70285,75.0114283
2024,3,06272,"Dr. D. Y. Patil Pratishthan's D.Y.Patil College of Engineering Akurdi, Pune",0627221910,Robotics and Automation,OPEN,General,State,I,15539,94.8262965
2024,3,06272,"Dr. D. Y. Patil Pratishthan's D.Y.Patil College of Engineering Akurdi, Pune",0627221910,Robotics and Automation,OPEN,Ladies,State,I,10118,96.6529259
2024,3,06272,"Dr. D. Y. Patil Pratishthan's D.Y.Patil College of Engineering Akurdi, Pune",0627221910,Robotics and Automation,ST,Ladies,State,I,11265,96.2756986
2024,3,06272,"Dr. D. Y. Patil Pratishthan's D.Y.Patil College of Engineering Akurdi, Pune",0627221910,Robotics and Automation,OBC,Ladies,State,I,39670,86.450638
2024,3,06272,"Dr. D. Y. Patil Pratishthan's D.Y.Patil College of Engineering Akurdi, Pune",0627221910,Robotics and Automation,OPEN,General,State,II,73962,73.5848302
2024,3,06272,"Dr. D. Y. Patil Pratishthan's D.Y.Patil College of Engineering Akurdi, Pune",0627224510,Computer Engineering,OPEN,General,State,I,6827,97.704494
2024,3,06272,"Dr. D. Y. Patil Pratishthan's D.Y.Patil College of Engineering Akurdi, Pune",0627224510,Computer Engineering,NT2,General,State,I,9415,96.8881345
2024,3,06272,"Dr. D. Y. Patil Pratishthan's D.Y.Patil College of Engineering Akurdi, Pune",0627224510,Computer Engineering,OBC,General,State,I,6832,97.704494
2024,3,06272,"Dr. D. Y. Patil Pratishthan's D.Y.Patil College of Engineering Akurdi, Pune",0627224510,Computer Engineering,OPEN,Ladies,State,I,7204,97.5948623
2024,3,06272,"Dr. D. Y. Patil Pratishthan's D.Y.Patil College of Engineering Akurdi, Pune",0627224510,Computer Engineering,OBC,PWD,State,I,54267,81.2084441
2024,3,06272,"Dr. D. Y. Patil Pratishthan's D.Y.Patil College of Engineering Akurdi, Pune",0627224510,Computer Engineering,OPEN,TFWS,State,I,6244,97.8889628
2024,3,06272,"Dr. D. Y. Patil Pratishthan's D.Y.Patil College of Engineering Akurdi, Pune",0627224510,Computer Engineering,EWS,General,State,I,13278,95.5827675
2024,3,06272,"Dr. D. Y. Patil Pratishthan's D.Y.Patil College of Engineering Akurdi, Pune",0627224610,Information Technology,OPEN,General,State,I,7806,97.4012008
2024,3,06272,"Dr. D. Y. Patil Pratishthan's D.Y.Patil College of Engineering Akurdi, Pune",0627224610,Information Technology,SC,General,State,I,23733,92.1089443
2024,3,06272,"Dr. D. Y. Patil Pratishthan's D.Y.Patil College of Engineering Akurdi, Pune",0627224610,Information Technology,OPEN,Ladies,State,I,8958,97.0354332
2024,3,06272,"Dr. D. Y. Patil Pratishthan's D.Y.Patil College of Engineering Akurdi, Pune",0627224610,Information Technology,SC,Ladies,State,I,23055,92.3038397
2024,3,06272,"Dr. D. Y. Patil Pratishthan's D.Y.Patil College of Engineering Akurdi, Pune",0627224610,Information Technology,OBC,Defence,State,I,22926,92.33546
2024,3,06272,"Dr. D. Y. Patil Pratishthan's D.Y.Patil College of Engineering Akurdi, Pune",0627224610,Information Technology,EWS,General,State,I,15281,94.9520217
2024,3,06272,"Dr. D. Y. Patil Pratishthan's D.Y.Patil College of Engineering Akurdi, Pune",0627237210,Electronics and Telecommunication Engg,OPEN,General,State,I,12283,95.9509457
2024,3,06272,"Dr. D. Y. Patil Pratishthan's D.Y.Patil College of Engineering Akurdi, Pune",0627237210,Electronics and Telecommunication Engg,OBC,General,State,I,13271,95.5827675
2024,3,06272,"Dr. D. Y. Patil Pratishthan's D.Y.Patil College of Engineering Akurdi, Pune",0627237210,Electronics and Telecommunication Engg,SEBC,General,State,I,14772,95.0779464
2024,3,06272,"Dr. D. Y. Patil Pratishthan's D.Y.Patil College of Engineering Akurdi, Pune",0627237210,Electronics and Telecommunication Engg,OPEN,Ladies,State,I,14103,95.3445649
2024,3,06272,"Dr. D. Y. Patil Pratishthan's D.Y.Patil College of Engineering Akurdi, Pune",0627237210,Electronics and Telecommunication Engg,OBC,Ladies,State,I,16002,94.689576
2024,3,06272,"Dr. D. Y. Patil Pratishthan's D.Y.Patil College of Engineering Akurdi, Pune",0627237210,Electronics and Telecommunication Engg,SEBC,Ladies,State,I,14596,95.1775609
2024,3,06272,"Dr. D. Y. Patil Pratishthan's D.Y.Patil College of Engineering Akurdi, Pune",0627237210,Electronics and Telecommunication Engg,OBC,Defence,State,I,33022,88.7794539
2024,3,06272,"Dr. D. Y. Patil Pratishthan's D.Y.Patil College of Engineering Akurdi, Pune",0627237210,Electronics and Telecommunication Engg,OPEN,Orphan,State,I,19621,93.4764585
2024,3,06272,"Dr. D. Y. Patil Pratishthan's D.Y.Patil College of Engineering Akurdi, Pune",0627246610,Instrumentation Engineering,OPEN,General,State,I,32077,89.1945571
2024,3,06272,"Dr. D. Y. Patil Pratishthan's D.Y.Patil College of Engineering Akurdi, Pune",0627246610,Instrumentation Engineering,NT3,General,State,I,50241,82.7090241
2024,3,06272,"Dr. D. Y. Patil Pratishthan's D.Y.Patil College of Engineering Akurdi, Pune",0627246610,Instrumentation Engineering,OBC,General,State,I,32605,88.9751421
2024,3,06272,"Dr. D. Y. Patil Pratishthan's D.Y.Patil College of Engineering Akurdi, Pune",0627246610,Instrumentation Engineering,SEBC,General,State,I,35918,87.8945473
2024,3,06272,"Dr. D. Y. Patil Pratishthan's D.Y.Patil College of Engineering Akurdi, Pune",0627246610,Instrumentation Engineering,VJ,Ladies,State,I,111719,55.3559436
2024,3,06272,"Dr. D. Y. Patil Pratishthan's D.Y.Patil College of Engineering Akurdi, Pune",0627246610,Instrumentation Engineering,OBC,Ladies,State,I,32427,89.0376221
2024,3,06272,"Dr. D. Y. Patil Pratishthan's D.Y.Patil College of Engineering Akurdi, Pune",0627246610,Instrumentation Engineering,OPEN,PWD,State,I,39289,86.6547892
2024,3,06272,"Dr. D. Y. Patil Pratishthan's D.Y.Patil College of Engineering Akurdi, Pune",0627261210,Mechanical Engineering,OPEN,General,State,I,18343,93.9014758
2024,3,06272,"Dr. D. Y. Patil Pratishthan's D.Y.Patil College of Engineering Akurdi, Pune",0627261210,Mechanical Engineering,SC,General,State,I,46977,83.7447544
2024,3,06272,"Dr. D. Y. Patil Pratishthan's D.Y.Patil College of Engineering Akurdi, Pune",0627261210,Mechanical Engineering,OBC,General,State,I,23844,92.0938243
2024,3,06272,"Dr. D. Y. Patil Pratishthan's D.Y.Patil College of Engineering Akurdi, Pune",0627261210,Mechanical Engineering,SEBC,General,State,I,27861,90.6756878
2024,3,06272,"Dr. D. Y. Patil Pratishthan's D.Y.Patil College of Engineering Akurdi, Pune",0627261210,Mechanical Engineering,OPEN,Ladies,State,I,21204,92.9300079
2024,3,06272,"Dr. D. Y. Patil Pratishthan's D.Y.Patil College of Engineering Akurdi, Pune",0627261210,Mechanical Engineering,OPEN,PWD,State,I,38202,86.9353148
2024,3,06272,"Dr. D. Y. Patil Pratishthan's D.Y.Patil College of Engineering Akurdi, Pune",0627261210,Mechanical Engineering,OPEN,Defence,State,I,21123,92.9340568
2024,3,06272,"Dr. D. Y. Patil Pratishthan's D.Y.Patil College of Engineering Akurdi, Pune",0627261210,Mechanical Engineering,OPEN,TFWS,State,I,54763,81.0378274
2024,3,06272,"Dr. D. Y. Patil Pratishthan's D.Y.Patil College of Engineering Akurdi, Pune",0627299510,Artificial Intelligence and Data Science,OPEN,General,State,I,9641,96.805803
2024,3,06272,"Dr. D. Y. Patil Pratishthan's D.Y.Patil College of Engineering Akurdi, Pune",0627299510,Artificial Intelligence and Data Science,SC,General,State,I,26140,91.2732713
2024,3,06272,"Dr. D. Y. Patil Pratishthan's D.Y.Patil College of Engineering Akurdi, Pune",0627299510,Artificial Intelligence and Data Science,NT2,General,State,I,13511,95.5193118
2024,3,06272,"Dr. D. Y. Patil Pratishthan's D.Y.Patil College of Engineering Akurdi, Pune",0627299510,Artificial Intelligence and Data Science,NT3,General,State,I,12949,95.7154137
2024,3,06272,"Dr. D. Y. Patil Pratishthan's D.Y.Patil College of Engineering Akurdi, Pune",0627299510,Artificial Intelligence and Data Science,OBC,General,State,I,10144,96.6402337
2024,3,06272,"Dr. D. Y. Patil Pratishthan's D.Y.Patil College of Engineering Akurdi, Pune",0627299510,Artificial Intelligence and Data Science,SEBC,General,State,I,11608,96.1687682
2024,3,06272,"Dr. D. Y. Patil Pratishthan's D.Y.Patil College of Engineering Akurdi, Pune",0627299510,Artificial Intelligence and Data Science,NT2,Ladies,State,I,18569,93.8694333
2024,3,06272,"Dr. D. Y. Patil Pratishthan's D.Y.Patil College of Engineering Akurdi, Pune",0627299510,Artificial Intelligence and Data Science,OBC,PWD,State,I,8303,97.2230306
2024,3,06272,"Dr. D. Y. Patil Pratishthan's D.Y.Patil College of Engineering Akurdi, Pune",0627299510,Artificial Intelligence and Data Science,OPEN,TFWS,State,I,17493,94.1728861
2024,3,06273,"Bansilal Ramnath Agarawal Charitable Trust's Vishwakarma Institute of Technology, Bibwewadi, Pune",0627319110,Civil Engineering,OPEN,General,State,I,13387,95.5716924
2024,3,06273,"Bansilal Ramnath Agarawal Charitable Trust's Vishwakarma Institute of Technology, Bibwewadi, Pune",0627319110,Civil Engineering,SC,General,State,I,37640,87.1564824
2024,3,06273,"Bansilal Ramnath Agarawal Charitable Trust's Vishwakarma Institute of Technology, Bibwewadi, Pune",0627319110,Civil Engineering,OBC,General,State,I,20686,93.0771189
2024,3,06273,"Bansilal Ramnath Agarawal Charitable Trust's Vishwakarma Institute of Technology, Bibwewadi, Pune",0627319110,Civil Engineering,SEBC,General,State,I,28320,90.4797169
2024,3,06273,"Bansilal Ramnath Agarawal Charitable Trust's Vishwakarma Institute of Technology, Bibwewadi, Pune",0627319110,Civil Engineering,OPEN,Ladies,State,I,21852,92.7091495
2024,3,06273,"Bansilal Ramnath Agarawal Charitable Trust's Vishwakarma Institute of Technology, Bibwewadi, Pune",0627319110,Civil Engineering,OBC,Ladies,State,I,31760,89.2671256
2024,3,06273,"Bansilal Ramnath Agarawal Charitable Trust's Vishwakarma Institute of Technology, Bibwewadi, Pune",0627319110,Civil Engineering,SEBC,Ladies,State,I,34274,88.4426131
2024,3,06273,"Bansilal Ramnath Agarawal Charitable Trust's Vishwakarma Institute of Technology, Bibwewadi, Pune",0627319110,Civil Engineering,OPEN,TFWS,State,I,17877,94.0609349
2024,3,06273,"Bansilal Ramnath Agarawal Charitable Trust's Vishwakarma Institute of Technology, Bibwewadi, Pune",0627319110,Civil Engineering,EWS,General,State,I,47932,83.5380246
2024,3,06273,"Bansilal Ramnath Agarawal Charitable Trust's Vishwakarma Institute of Technology, Bibwewadi, Pune",0627324510,Computer Engineering,OPEN,General,State,I,2557,99.0906887
2024,3,06273,"Bansilal Ramnath Agarawal Charitable Trust's Vishwakarma Institute of Technology, Bibwewadi, Pune",0627324510,Computer Engineering,SC,General,State,I,8619,97.1408386
2024,3,06273,"Bansilal Ramnath Agarawal Charitable Trust's Vishwakarma Institute of Technology, Bibwewadi, Pune",0627324510,Computer Engineering,ST,General,State,I,40373,86.1764583
2024,3,06273,"Bansilal Ramnath Agarawal Charitable Trust's Vishwakarma Institute of Technology, Bibwewadi, Pune",0627324510,Computer Engineering,OBC,General,State,I,4035,98.6114738
2024,3,06273,"Bansilal Ramnath Agarawal Charitable Trust's Vishwakarma Institute of Technology, Bibwewadi, Pune",0627324510,Computer Engineering,OPEN,Ladies,State,I,3870,98.6638397
2024,3,06273,"Bansilal Ramnath Agarawal Charitable Trust's Vishwakarma Institute of Technology, Bibwewadi, Pune",0627324510,Computer Engineering,SC,Ladies,State,I,16909,94.3796484
2024,3,06273,"Bansilal Ramnath Agarawal Charitable Trust's Vishwakarma Institute of Technology, Bibwewadi, Pune",0627324510,Computer Engineering,ST,Ladies,State,I,41867,85.5352459
2024,3,06273,"Bansilal Ramnath Agarawal Charitable Trust's Vishwakarma Institute of Technology, Bibwewadi, Pune",0627324510,Computer Engineering,OBC,Ladies,State,I,4768,98.3761174
2024,3,06273,"Bansilal Ramnath Agarawal Charitable Trust's Vishwakarma Institute of Technology, Bibwewadi, Pune",0627324510,Computer Engineering,OPEN,TFWS,State,I,40315,86.1969983
2024,3,06273,"Bansilal Ramnath Agarawal Charitable Trust's Vishwakarma Institute of Technology, Bibwewadi, Pune",0627324510,Computer Engineering,OPEN,Orphan,State,I,2208,99.197672
2024,3,06273,"Bansilal Ramnath Agarawal Charitable Trust's Vishwakarma Institute of Technology, Bibwewadi, Pune",0627324510,Computer Engineering,EWS,General,State,I,49714,82.7820291
2024,3,06273,"Bansilal Ramnath Agarawal Charitable Trust's Vishwakarma Institute of Technology, Bibwewadi, Pune",0627324610,Information Technology,OPEN,General,State,I,4020,98.6171206
2024,3,06273,"Bansilal Ramnath Agarawal Charitable Trust's Vishwakarma Institute of Technology, Bibwewadi, Pune",0627324610,Information Technology,ST,General,State,I,55848,80.5929134
2024,3,06273,"Bansilal Ramnath Agarawal Charitable Trust's Vishwakarma Institute of Technology, Bibwewadi, Pune",0627324610,Information Technology,OBC,General,State,I,4217,98.5524481
2024,3,06273,"Bansilal Ramnath Agarawal Charitable Trust's Vishwakarma Institute of Technology, Bibwewadi, Pune",0627324610,Information Technology,SEBC,General,State,I,5048,98.2804674
2024,3,06273,"Bansilal Ramnath Agarawal Charitable Trust's Vishwakarma Institute of Technology, Bibwewadi, Pune",0627324610,Information Technology,OPEN,Ladies,State,I,5050,98.2804674
2024,3,06273,"Bansilal Ramnath Agarawal Charitable Trust's Vishwakarma Institute of Technology, Bibwewadi, Pune",0627324610,Information Technology,SC,Ladies,State,I,20172,93.2844613
2024,3,06273,"Bansilal Ramnath Agarawal Charitable Trust's Vishwakarma Institute of Technology, Bibwewadi, Pune",0627324610,Information Technology,VJ,Ladies,State,I,17822,94.0878795
2024,3,06273,"Bansilal Ramnath Agarawal Charitable Trust's Vishwakarma Institute of Technology, Bibwewadi, Pune",0627324610,Information Technology,OBC,Ladies,State,I,5508,98.1216755
2024,3,06273,"Bansilal Ramnath Agarawal Charitable Trust's Vishwakarma Institute of Technology, Bibwewadi, Pune",0627324610,Information Technology,SEBC,Ladies,State,I,7986,97.3461799
2024,3,06273,"Bansilal Ramnath Agarawal Charitable Trust's Vishwakarma Institute of Technology, Bibwewadi, Pune",0627324610,Information Technology,OPEN,PWD,State,I,62080,78.1973837
2024,3,06273,"Bansilal Ramnath Agarawal Charitable Trust's Vishwakarma Institute of Technology, Bibwewadi, Pune",0627324610,Information Technology,EWS,General,State,I,81540,70.4817329
2024,3,06273,"Bansilal Ramnath Agarawal Charitable Trust's Vishwakarma Institute of Technology, Bibwewadi, Pune",0627337210,Electronics and Telecommunication Engg,OPEN,General,State,I,8033,97.3250291
2024,3,06273,"Bansilal Ramnath Agarawal Charitable Trust's Vishwakarma Institute of Technology, Bibwewadi, Pune",0627337210,Electronics and Telecommunication Engg,SC,General,State,I,25039,91.6309281
2024,3,06273,"Bansilal Ramnath Agarawal Charitable Trust's Vishwakarma Institute of Technology, Bibwewadi, Pune",0627337210,Electronics and Telecommunication Engg,ST,General,State,I,88826,67.294477
2024,3,06273,"Bansilal Ramnath Agarawal Charitable Trust's Vishwakarma Institute of Technology, Bibwewadi, Pune",0627337210,Electronics and Telecommunication Engg,NT1,General,State,I,16195,94.5996586
2024,3,06273,"Bansilal Ramnath Agarawal Charitable Trust's Vishwakarma Institute of Technology, Bibwewadi, Pune",0627337210,Electronics and Telecommunication Engg,NT3,General,State,I,8947,97.0436452
2024,3,06273,"Bansilal Ramnath Agarawal Charitable Trust's Vishwakarma Institute of Technology, Bibwewadi, Pune",0627337210,Electronics and Telecommunication Engg,OBC,General,State,I,9117,96.9748411
2024,3,06273,"Bansilal Ramnath Agarawal Charitable Trust's Vishwakarma Institute of Technology, Bibwewadi, Pune",0627337210,Electronics and Telecommunication Engg,SEBC,General,State,I,11166,96.3258356
2024,3,06273,"Bansilal Ramnath Agarawal Charitable Trust's Vishwakarma Institute of Technology, Bibwewadi, Pune",0627337210,Electronics and Telecommunication Engg,OPEN,Ladies,State,I,7253,97.578217
2024,3,06273,"Bansilal Ramnath Agarawal Charitable Trust's Vishwakarma Institute of Technology, Bibwewadi, Pune",0627337210,Electronics and Telecommunication Engg,SC,Ladies,State,I,24940,91.6557848
2024,3,06273,"Bansilal Ramnath Agarawal Charitable Trust's Vishwakarma Institute of Technology, Bibwewadi, Pune",0627337210,Electronics and Telecommunication Engg,OBC,Ladies,State,I,8072,97.31048
2024,3,06273,"Bansilal Ramnath Agarawal Charitable Trust's Vishwakarma Institute of Technology, Bibwewadi, Pune",0627337210,Electronics and Telecommunication Engg,OPEN,PWD,State,I,18914,93.7208186
2024,3,06273,"Bansilal Ramnath Agarawal Charitable Trust's Vishwakarma Institute of Technology, Bibwewadi, Pune",0627337210,Electronics and Telecommunication Engg,OPEN,Defence,State,I,28775,90.3847828
2024,3,06273,"Bansilal Ramnath Agarawal Charitable Trust's Vishwakarma Institute of Technology, Bibwewadi, Pune",0627337210,Electronics and Telecommunication Engg,OBC,Defence,State,I,12868,95.7280585
2024,3,06273,"Bansilal Ramnath Agarawal Charitable Trust's Vishwakarma Institute of Technology, Bibwewadi, Pune",0627346410,Instrumentation and Control Engineering,OPEN,General,State,I,17914,94.0609349
2024,3,06273,"Bansilal Ramnath Agarawal Charitable Trust's Vishwakarma Institute of Technology, Bibwewadi, Pune",0627346410,Instrumentation and Control Engineering,SC,General,State,I,25083,91.6275203
2024,3,06273,"Bansilal Ramnath Agarawal Charitable Trust's Vishwakarma Institute of Technology, Bibwewadi, Pune",0627346410,Instrumentation and Control Engineering,ST,General,State,I,20683,93.0771189
2024,3,06273,"Bansilal Ramnath Agarawal Charitable Trust's Vishwakarma Institute of Technology, Bibwewadi, Pune",0627346410,Instrumentation and Control Engineering,NT2,General,State,I,22590,92.5251996
2024,3,06273,"Bansilal Ramnath Agarawal Charitable Trust's Vishwakarma Institute of Technology, Bibwewadi, Pune",0627346410,Instrumentation and Control Engineering,OBC,General,State,I,30343,89.7974248
2024,3,06273,"Bansilal Ramnath Agarawal Charitable Trust's Vishwakarma Institute of Technology, Bibwewadi, Pune",0627346410,Instrumentation and Control Engineering,SEBC,General,State,I,14398,95.2450348
2024,3,06273,"Bansilal Ramnath Agarawal Charitable Trust's Vishwakarma Institute of Technology, Bibwewadi, Pune",0627346410,Instrumentation and Control Engineering,OPEN,Ladies,State,I,51822,82.1493863
2024,3,06273,"Bansilal Ramnath Agarawal Charitable Trust's Vishwakarma Institute of Technology, Bibwewadi, Pune",0627346410,Instrumentation and Control Engineering,SC,Ladies,State,I,18078,93.9958778
2024,3,06273,"Bansilal Ramnath Agarawal Charitable Trust's Vishwakarma Institute of Technology, Bibwewadi, Pune",0627346410,Instrumentation and Control Engineering,ST,Ladies,State,I,12980,95.70302
2024,3,06273,"Bansilal Ramnath Agarawal Charitable Trust's Vishwakarma Institute of Technology, Bibwewadi, Pune",0627346410,Instrumentation and Control Engineering,OBC,Ladies,State,I,21048,92.9851251
2024,3,06273,"Bansilal Ramnath Agarawal Charitable Trust's Vishwakarma Institute of Technology, Bibwewadi, Pune",0627361210,Mechanical Engineering,OPEN,General,State,I,12735,95.8067495
2024,3,06273,"Bansilal Ramnath Agarawal Charitable Trust's Vishwakarma Institute of Technology, Bibwewadi, Pune",0627361210,Mechanical Engineering,SC,General,State,I,28825,90.3485031
2024,3,06273,"Bansilal Ramnath Agarawal Charitable Trust's Vishwakarma Institute of Technology, Bibwewadi, Pune",0627361210,Mechanical Engineering,ST,General,State,I,83364,69.627936
2024,3,06273,"Bansilal Ramnath Agarawal Charitable Trust's Vishwakarma Institute of Technology, Bibwewadi, Pune",0627361210,Mechanical Engineering,NT1,General,State,I,28364,90.4797169
2024,3,06273,"Bansilal Ramnath Agarawal Charitable Trust's Vishwakarma Institute of Technology, Bibwewadi, Pune",0627361210,Mechanical Engineering,OBC,General,State,I,17476,94.1728861
2024,3,06273,"Bansilal Ramnath Agarawal Charitable Trust's Vishwakarma Institute of Technology, Bibwewadi, Pune",0627361210,Mechanical Engineering,SEBC,General,State,I,20283,93.2547779
2024,3,06273,"Bansilal Ramnath Agarawal Charitable Trust's Vishwakarma Institute of Technology, Bibwewadi, Pune",0627361210,Mechanical Engineering,OPEN,Ladies,State,I,16032,94.675361
2024,3,06273,"Bansilal Ramnath Agarawal Charitable Trust's Vishwakarma Institute of Technology, Bibwewadi, Pune",0627361210,Mechanical Engineering,ST,Ladies,State,I,50101,82.7099252
2024,3,06273,"Bansilal Ramnath Agarawal Charitable Trust's Vishwakarma Institute of Technology, Bibwewadi, Pune",0627361210,Mechanical Engineering,NT2,Ladies,State,I,23821,92.0938243
2024,3,06273,"Bansilal Ramnath Agarawal Charitable Trust's Vishwakarma Institute of Technology, Bibwewadi, Pune",0627361210,Mechanical Engineering,OBC,Ladies,State,I,22922,92.33546
2024,3,06273,"Bansilal Ramnath Agarawal Charitable Trust's Vishwakarma Institute of Technology, Bibwewadi, Pune",0627361210,Mechanical Engineering,SEBC,Ladies,State,I,29093,90.2921536
2024,3,06273,"Bansilal Ramnath Agarawal Charitable Trust's Vishwakarma Institute of Technology, Bibwewadi, Pune",0627361210,Mechanical Engineering,OPEN,PWD,State,I,9963,96.7229568
2024,3,06273,"Bansilal Ramnath Agarawal Charitable Trust's Vishwakarma Institute of Technology, Bibwewadi, Pune",0627361210,Mechanical Engineering,OPEN,Defence,State,I,32218,89.1373005
2024,3,06273,"Bansilal Ramnath Agarawal Charitable Trust's Vishwakarma Institute of Technology, Bibwewadi, Pune",0627361210,Mechanical Engineering,OPEN,General,State,II,110098,56.9588351
2024,3,06273,"Bansilal Ramnath Agarawal Charitable Trust's Vishwakarma Institute of Technology, Bibwewadi, Pune",0627391110,Computer Science and Engineering(Artificial Intelligence and Machine Learning),OPEN,General,State,I,4868,98.3335411
2024,3,06273,"Bansilal Ramnath Agarawal Charitable Trust's Vishwakarma Institute of Technology, Bibwewadi, Pune",0627391110,Computer Science and Engineering(Artificial Intelligence and Machine Learning),SC,General,State,I,12813,95.7554907
2024,3,06273,"Bansilal Ramnath Agarawal Charitable Trust's Vishwakarma Institute of Technology, Bibwewadi, Pune",0627391110,Computer Science and Engineering(Artificial Intelligence and Machine Learning),NT2,General,State,I,8321,97.2160405
2024,3,06273,"Bansilal Ramnath Agarawal Charitable Trust's Vishwakarma Institute of Technology, Bibwewadi, Pune",0627391110,Computer Science and Engineering(Artificial Intelligence and Machine Learning),OPEN,Ladies,State,I,5160,98.250426
2024,3,06273,"Bansilal Ramnath Agarawal Charitable Trust's Vishwakarma Institute of Technology, Bibwewadi, Pune",0627391110,Computer Science and Engineering(Artificial Intelligence and Machine Learning),VJ,Ladies,State,I,23110,92.3038397
2024,3,06273,"Bansilal Ramnath Agarawal Charitable Trust's Vishwakarma Institute of Technology, Bibwewadi, Pune",0627391110,Computer Science and Engineering(Artificial Intelligence and Machine Learning),OPEN,Defence,State,I,13710,95.4728747
2024,3,06273,"Bansilal Ramnath Agarawal Charitable Trust's Vishwakarma Institute of Technology, Bibwewadi, Pune",0627391110,Computer Science and Engineering(Artificial Intelligence and Machine Learning),OBC,Defence,State,I,19976,93.3592031
2024,3,06273,"Bansilal Ramnath Agarawal Charitable Trust's Vishwakarma Institute of Technology, Bibwewadi, Pune",0627391110,Computer Science and Engineering(Artificial Intelligence and Machine Learning),EWS,General,State,I,8379,97.2130313
2024,3,06273,"Bansilal Ramnath Agarawal Charitable Trust's Vishwakarma Institute of Technology, Bibwewadi, Pune",0627391210,Computer Science and Engineering(Data Science),OPEN,General,State,I,7043,97.6644641
2024,3,06273,"Bansilal Ramnath Agarawal Charitable Trust's Vishwakarma Institute of Technology, Bibwewadi, Pune",0627391210,Computer Science and Engineering(Data Science),SC,General,State,I,17399,94.2112699
2024,3,06273,"Bansilal Ramnath Agarawal Charitable Trust's Vishwakarma Institute of Technology, Bibwewadi, Pune",0627391210,Computer Science and Engineering(Data Science),OBC,General,State,I,7605,97.4604006
2024,3,06273,"Bansilal Ramnath Agarawal Charitable Trust's Vishwakarma Institute of Technology, Bibwewadi, Pune",0627391210,Computer Science and Engineering(Data Science),OPEN,Ladies,State,I,7972,97.3469477
2024,3,06273,"Bansilal Ramnath Agarawal Charitable Trust's Vishwakarma Institute of Technology, Bibwewadi, Pune",0627391210,Computer Science and Engineering(Data Science),SEBC,Ladies,State,I,10250,96.6035924
2024,3,06273,"Bansilal Ramnath Agarawal Charitable Trust's Vishwakarma Institute of Technology, Bibwewadi, Pune",0627391210,Computer Science and Engineering(Data Science),OPEN,Defence,State,I,16383,94.565128
2024,3,06273,"Bansilal Ramnath Agarawal Charitable Trust's Vishwakarma Institute of Technology, Bibwewadi, Pune",0627391210,Computer Science and Engineering(Data Science),OPEN,Orphan,State,I,11639,96.1687682
2024,3,06273,"Bansilal Ramnath Agarawal Charitable Trust's Vishwakarma Institute of Technology, Bibwewadi, Pune",0627391310,Computer Science and Engineering (Artificial Intelligence),OPEN,General,State,I,5809,98.0461443
2024,3,06273,"Bansilal Ramnath Agarawal Charitable Trust's Vishwakarma Institute of Technology, Bibwewadi, Pune",0627391310,Computer Science and Engineering (Artificial Intelligence),ST,General,State,I,46111,84.2156613
2024,3,06273,"Bansilal Ramnath Agarawal Charitable Trust's Vishwakarma Institute of Technology, Bibwewadi, Pune",0627391310,Computer Science and Engineering (Artificial Intelligence),OBC,General,State,I,6752,97.7477297
2024,3,06273,"Bansilal Ramnath Agarawal Charitable Trust's Vishwakarma Institute of Technology, Bibwewadi, Pune",0627391310,Computer Science and Engineering (Artificial Intelligence),SEBC,General,State,I,6895,97.7001563
2024,3,06273,"Bansilal Ramnath Agarawal Charitable Trust's Vishwakarma Institute of Technology, Bibwewadi, Pune",0627391310,Computer Science and Engineering (Artificial Intelligence),OPEN,Ladies,State,I,6202,97.9131886
2024,3,06273,"Bansilal Ramnath Agarawal Charitable Trust's Vishwakarma Institute of Technology, Bibwewadi, Pune",0627391310,Computer Science and Engineering (Artificial Intelligence),OBC,Ladies,State,I,7012,97.6849731
2024,3,06273,"Bansilal Ramnath Agarawal Charitable Trust's Vishwakarma Institute of Technology, Bibwewadi, Pune",0627391310,Computer Science and Engineering (Artificial Intelligence),SEBC,Ladies,State,I,8015,97.3352733
2024,3,06273,"Bansilal Ramnath Agarawal Charitable Trust's Vishwakarma Institute of Technology, Bibwewadi, Pune",0627391310,Computer Science and Engineering (Artificial Intelligence),OBC,Defence,State,I,20591,93.1282478
2024,3,06273,"Bansilal Ramnath Agarawal Charitable Trust's Vishwakarma Institute of Technology, Bibwewadi, Pune",0627391310,Computer Science and Engineering (Artificial Intelligence),EWS,General,State,I,9824,96.7545639
2024,3,06273,"Bansilal Ramnath Agarawal Charitable Trust's Vishwakarma Institute of Technology, Bibwewadi, Pune",0627392010,Computer Science and Engineering (Internet of Things and Cyber Security Including Block Chain,OPEN,General,State,I,7854,97.3935129
2024,3,06273,"Bansilal Ramnath Agarawal Charitable Trust's Vishwakarma Institute of Technology, Bibwewadi, Pune",0627392010,Computer Science and Engineering (Internet of Things and Cyber Security Including Block Chain,SC,General,State,I,22123,92.6351162
2024,3,06273,"Bansilal Ramnath Agarawal Charitable Trust's Vishwakarma Institute of Technology, Bibwewadi, Pune",0627392010,Computer Science and Engineering (Internet of Things and Cyber Security Including Block Chain,OBC,General,State,I,8161,97.2841901
2024,3,06273,"Bansilal Ramnath Agarawal Charitable Trust's Vishwakarma Institute of Technology, Bibwewadi, Pune",0627392010,Computer Science and Engineering (Internet of Things and Cyber Security Including Block Chain,OPEN,Ladies,State,I,8079,97.31048
2024,3,06273,"Bansilal Ramnath Agarawal Charitable Trust's Vishwakarma Institute of Technology, Bibwewadi, Pune",0627392010,Computer Science and Engineering (Internet of Things and Cyber Security Including Block Chain,OPEN,PWD,State,I,66297,76.5963466
2024,3,06273,"Bansilal Ramnath Agarawal Charitable Trust's Vishwakarma Institute of Technology, Bibwewadi, Pune",0627392010,Computer Science and Engineering (Internet of Things and Cyber Security Including Block Chain,OPEN,Orphan,State,I,13139,95.649143
2024,3,06273,"Bansilal Ramnath Agarawal Charitable Trust's Vishwakarma Institute of Technology, Bibwewadi, Pune",0627392710,Computer Engineering (Software Engineering),OPEN,General,State,I,6745,97.7477297
2024,3,06273,"Bansilal Ramnath Agarawal Charitable Trust's Vishwakarma Institute of Technology, Bibwewadi, Pune",0627392710,Computer Engineering (Software Engineering),SC,General,State,I,20975,93.0070517
2024,3,06273,"Bansilal Ramnath Agarawal Charitable Trust's Vishwakarma Institute of Technology, Bibwewadi, Pune",0627392710,Computer Engineering (Software Engineering),ST,General,State,I,61772,78.2152555
2024,3,06273,"Bansilal Ramnath Agarawal Charitable Trust's Vishwakarma Institute of Technology, Bibwewadi, Pune",0627392710,Computer Engineering (Software Engineering),VJ,General,State,I,11183,96.3075569
2024,3,06273,"Bansilal Ramnath Agarawal Charitable Trust's Vishwakarma Institute of Technology, Bibwewadi, Pune",0627392710,Computer Engineering (Software Engineering),NT2,General,State,I,8513,97.1782833
2024,3,06273,"Bansilal Ramnath Agarawal Charitable Trust's Vishwakarma Institute of Technology, Bibwewadi, Pune",0627392710,Computer Engineering (Software Engineering),OBC,General,State,I,7231,97.5872939
2024,3,06273,"Bansilal Ramnath Agarawal Charitable Trust's Vishwakarma Institute of Technology, Bibwewadi, Pune",0627392710,Computer Engineering (Software Engineering),SEBC,General,State,I,9079,96.9797234
2024,3,06273,"Bansilal Ramnath Agarawal Charitable Trust's Vishwakarma Institute of Technology, Bibwewadi, Pune",0627392710,Computer Engineering (Software Engineering),OPEN,Ladies,State,I,7279,97.5763874
2024,3,06273,"Bansilal Ramnath Agarawal Charitable Trust's Vishwakarma Institute of Technology, Bibwewadi, Pune",0627392710,Computer Engineering (Software Engineering),SC,Ladies,State,I,23660,92.1092219
2024,3,06273,"Bansilal Ramnath Agarawal Charitable Trust's Vishwakarma Institute of Technology, Bibwewadi, Pune",0627392710,Computer Engineering (Software Engineering),ST,Ladies,State,I,82626,69.800376
2024,3,06273,"Bansilal Ramnath Agarawal Charitable Trust's Vishwakarma Institute of Technology, Bibwewadi, Pune",0627392710,Computer Engineering (Software Engineering),OBC,Ladies,State,I,7775,97.436004
2024,3,06273,"Bansilal Ramnath Agarawal Charitable Trust's Vishwakarma Institute of Technology, Bibwewadi, Pune",0627392710,Computer Engineering (Software Engineering),OPEN,Defence,State,I,138372,39.0541888
2024,3,06273,"Bansilal Ramnath Agarawal Charitable Trust's Vishwakarma Institute of Technology, Bibwewadi, Pune",0627392710,Computer Engineering (Software Engineering),OPEN,TFWS,State,I,12443,95.8725715
2024,3,06273,"Bansilal Ramnath Agarawal Charitable Trust's Vishwakarma Institute of Technology, Bibwewadi, Pune",0627392710,Computer Engineering (Software Engineering),OPEN,Orphan,State,I,5100,98.2629654
2024,3,06273,"Bansilal Ramnath Agarawal Charitable Trust's Vishwakarma Institute of Technology, Bibwewadi, Pune",0627392710,Computer Engineering (Software Engineering),EWS,General,State,I,11598,96.1761249
2024,3,06273,"Bansilal Ramnath Agarawal Charitable Trust's Vishwakarma Institute of Technology, Bibwewadi, Pune",0627399510,Artificial Intelligence and Data Science,OPEN,General,State,I,6297,97.8811816
2024,3,06273,"Bansilal Ramnath Agarawal Charitable Trust's Vishwakarma Institute of Technology, Bibwewadi, Pune",0627399510,Artificial Intelligence and Data Science,SC,General,State,I,21705,92.7610886
2024,3,06273,"Bansilal Ramnath Agarawal Charitable Trust's Vishwakarma Institute of Technology, Bibwewadi, Pune",0627399510,Artificial Intelligence and Data Science,ST,General,State,I,62490,77.8466015
2024,3,06273,"Bansilal Ramnath Agarawal Charitable Trust's Vishwakarma Institute of Technology, Bibwewadi, Pune",0627399510,Artificial Intelligence and Data Science,NT2,General,State,I,8666,97.1295005
2024,3,06273,"Bansilal Ramnath Agarawal Charitable Trust's Vishwakarma Institute of Technology, Bibwewadi, Pune",0627399510,Artificial Intelligence and Data Science,NT3,General,State,I,7559,97.4724589
2024,3,06273,"Bansilal Ramnath Agarawal Charitable Trust's Vishwakarma Institute of Technology, Bibwewadi, Pune",0627399510,Artificial Intelligence and Data Science,OBC,General,State,I,7255,97.578217
2024,3,06273,"Bansilal Ramnath Agarawal Charitable Trust's Vishwakarma Institute of Technology, Bibwewadi, Pune",0627399510,Artificial Intelligence and Data Science,SEBC,General,State,I,8957,97.0354332
2024,3,06273,"Bansilal Ramnath Agarawal Charitable Trust's Vishwakarma Institute of Technology, Bibwewadi, Pune",0627399510,Artificial Intelligence and Data Science,OPEN,Ladies,State,I,7087,97.6396277
2024,3,06273,"Bansilal Ramnath Agarawal Charitable Trust's Vishwakarma Institute of Technology, Bibwewadi, Pune",0627399510,Artificial Intelligence and Data Science,OBC,Ladies,State,I,7380,97.5436726
2024,3,06273,"Bansilal Ramnath Agarawal Charitable Trust's Vishwakarma Institute of Technology, Bibwewadi, Pune",0627399510,Artificial Intelligence and Data Science,SEBC,Ladies,State,I,9813,96.761588
2024,3,06273,"Bansilal Ramnath Agarawal Charitable Trust's Vishwakarma Institute of Technology, Bibwewadi, Pune",0627399510,Artificial Intelligence and Data Science,OBC,Defence,State,I,69268,75.3516004
2024,3,06273,"Bansilal Ramnath Agarawal Charitable Trust's Vishwakarma Institute of Technology, Bibwewadi, Pune",0627399510,Artificial Intelligence and Data Science,OPEN,TFWS,State,I,16063,94.6574281
2024,3,06273,"Bansilal Ramnath Agarawal Charitable Trust's Vishwakarma Institute of Technology, Bibwewadi, Pune",0627399510,Artificial Intelligence and Data Science,OPEN,Orphan,State,I,3559,98.7600857
2024,3,06273,"Bansilal Ramnath Agarawal Charitable Trust's Vishwakarma Institute of Technology, Bibwewadi, Pune",0627399510,Artificial Intelligence and Data Science,EWS,General,State,I,10432,96.5548768
2024,3,06274,"Pune Vidyarthi Griha's College of Engineering and Technology and G K Pate(Wani) Institute of Management, Pune",0627424610,Information Technology,OPEN,General,Other,I,8317,97.2160405
2024,3,06274,"Pune Vidyarthi Griha's College of Engineering and Technology and G K Pate(Wani) Institute of Management, Pune",0627424610,Information Technology,SC,General,Other,I,28427,90.4629322
2024,3,06274,"Pune Vidyarthi Griha's College of Engineering and Technology and G K Pate(Wani) Institute of Management, Pune",0627424610,Information Technology,OBC,General,Other,I,8933,97.0436452
2024,3,06274,"Pune Vidyarthi Griha's College of Engineering and Technology and G K Pate(Wani) Institute of Management, Pune",0627424610,Information Technology,OPEN,Ladies,Other,I,7847,97.3935129
2024,3,06274,"Pune Vidyarthi Griha's College of Engineering and Technology and G K Pate(Wani) Institute of Management, Pune",0627424610,Information Technology,OPEN,General,Other,I,14735,95.1394167
2024,3,06274,"Pune Vidyarthi Griha's College of Engineering and Technology and G K Pate(Wani) Institute of Management, Pune",0627429310,Electrical Engineering,OPEN,General,Other,I,19937,93.3592031
2024,3,06274,"Pune Vidyarthi Griha's College of Engineering and Technology and G K Pate(Wani) Institute of Management, Pune",0627429310,Electrical Engineering,OBC,General,Other,I,23880,92.0214155
2024,3,06274,"Pune Vidyarthi Griha's College of Engineering and Technology and G K Pate(Wani) Institute of Management, Pune",0627429310,Electrical Engineering,OPEN,Ladies,Other,I,40591,86.1322362
2024,3,06274,"Pune Vidyarthi Griha's College of Engineering and Technology and G K Pate(Wani) Institute of Management, Pune",0627429310,Electrical Engineering,OPEN,General,Other,I,44255,84.8060392
2024,3,06274,"Pune Vidyarthi Griha's College of Engineering and Technology and G K Pate(Wani) Institute of Management, Pune",0627437210,Electronics and Telecommunication Engg,OBC,General,Other,I,23174,92.2993808
2024,3,06274,"Pune Vidyarthi Griha's College of Engineering and Technology and G K Pate(Wani) Institute of Management, Pune",0627437210,Electronics and Telecommunication Engg,OPEN,Ladies,Other,I,12568,95.8373747
2024,3,06274,"Pune Vidyarthi Griha's College of Engineering and Technology and G K Pate(Wani) Institute of Management, Pune",0627437210,Electronics and Telecommunication Engg,OBC,Defence,State,I,41135,85.9711131
2024,3,06274,"Pune Vidyarthi Griha's College of Engineering and Technology and G K Pate(Wani) Institute of Management, Pune",0627437210,Electronics and Telecommunication Engg,OPEN,TFWS,State,I,13389,95.5716924
2024,3,06274,"Pune Vidyarthi Griha's College of Engineering and Technology and G K Pate(Wani) Institute of Management, Pune",0627437210,Electronics and Telecommunication Engg,EWS,General,State,I,20149,93.284975
2024,3,06274,"Pune Vidyarthi Griha's College of Engineering and Technology and G K Pate(Wani) Institute of Management, Pune",0627461210,Mechanical Engineering,OPEN,Defence,State,I,75497,72.8411223
2024,3,06274,"Pune Vidyarthi Griha's College of Engineering and Technology and G K Pate(Wani) Institute of Management, Pune",0627461210,Mechanical Engineering,OBC,Defence,State,I,116635,52.9935209
2024,3,06274,"Pune Vidyarthi Griha's College of Engineering and Technology and G K Pate(Wani) Institute of Management, Pune",0627461210,Mechanical Engineering,OPEN,TFWS,State,I,27344,90.8331157
2024,3,06274,"Pune Vidyarthi Griha's College of Engineering and Technology and G K Pate(Wani) Institute of Management, Pune",0627461210,Mechanical Engineering,EWS,General,State,I,47115,83.7447544
2024,3,06274,"Pune Vidyarthi Griha's College of Engineering and Technology and G K Pate(Wani) Institute of Management, Pune",0627484110,Printing and Packing Technology,OPEN,General,Other,I,45780,85.3576907
2024,3,06274,"Pune Vidyarthi Griha's College of Engineering and Technology and G K Pate(Wani) Institute of Management, Pune",0627484110,Printing and Packing Technology,SC,General,Other,I,80117,73.112247
2024,3,06274,"Pune Vidyarthi Griha's College of Engineering and Technology and G K Pate(Wani) Institute of Management, Pune",0627484110,Printing and Packing Technology,OPEN,Ladies,Other,I,140735,41.98287
2024,3,06274,"Pune Vidyarthi Griha's College of Engineering and Technology and G K Pate(Wani) Institute of Management, Pune",0627484110,Printing and Packing Technology,OPEN,Defence,State,I,61818,0.0
2024,3,06274,"Pune Vidyarthi Griha's College of Engineering and Technology and G K Pate(Wani) Institute of Management, Pune",0627484110,Printing and Packing Technology,OBC,Defence,State,I,177144,7.2247541
2024,3,06274,"Pune Vidyarthi Griha's College of Engineering and Technology and G K Pate(Wani) Institute of Management, Pune",0627499510,Artificial Intelligence and Data Science,OPEN,General,Other,I,9595,96.8156011
2024,3,06274,"Pune Vidyarthi Griha's College of Engineering and Technology and G K Pate(Wani) Institute of Management, Pune",0627499510,Artificial Intelligence and Data Science,SC,General,Other,I,28793,90.3485031
2024,3,06274,"Pune Vidyarthi Griha's College of Engineering and Technology and G K Pate(Wani) Institute of Management, Pune",0627499510,Artificial Intelligence and Data Science,OBC,General,Other,I,10243,96.6035924
2024,3,06274,"Pune Vidyarthi Griha's College of Engineering and Technology and G K Pate(Wani) Institute of Management, Pune",0627499510,Artificial Intelligence and Data Science,OPEN,General,Other,I,8466,97.1866689
2024,3,06274,"Pune Vidyarthi Griha's College of Engineering and Technology and G K Pate(Wani) Institute of Management, Pune",0627499510,Artificial Intelligence and Data Science,SC,General,Other,I,15382,94.891387
2024,3,06275,"Shivnagar Vidya Prasarak Mandal's College of Engineering, Malegaon-Baramati",0627524510,Computer Engineering,OPEN,General,Other,I,43899,84.886137
2024,3,06275,"Shivnagar Vidya Prasarak Mandal's College of Engineering, Malegaon-Baramati",0627524510,Computer Engineering,OBC,General,Other,I,50506,82.7086811
2024,3,06275,"Shivnagar Vidya Prasarak Mandal's College of Engineering, Malegaon-Baramati",0627524510,Computer Engineering,OPEN,TFWS,State,I,40881,86.0863663
2024,3,06275,"Shivnagar Vidya Prasarak Mandal's College of Engineering, Malegaon-Baramati",0627524510,Computer Engineering,OPEN,Orphan,State,I,44941,84.5731157
2024,3,06275,"Shivnagar Vidya Prasarak Mandal's College of Engineering, Malegaon-Baramati",0627524610,Information Technology,OPEN,General,Other,I,45155,84.5114907
2024,3,06275,"Shivnagar Vidya Prasarak Mandal's College of Engineering, Malegaon-Baramati",0627524610,Information Technology,OBC,General,Other,I,50988,82.4751693
2024,3,06275,"Shivnagar Vidya Prasarak Mandal's College of Engineering, Malegaon-Baramati",0627524610,Information Technology,OPEN,Ladies,Other,I,45462,84.4941393
2024,3,06275,"Shivnagar Vidya Prasarak Mandal's College of Engineering, Malegaon-Baramati",0627524610,Information Technology,OPEN,General,Other,I,62140,78.1946121
2024,3,06275,"Shivnagar Vidya Prasarak Mandal's College of Engineering, Malegaon-Baramati",0627529310,Electrical Engineering,SC,General,Other,I,121395,50.0957604
2024,3,06275,"Shivnagar Vidya Prasarak Mandal's College of Engineering, Malegaon-Baramati",0627529310,Electrical Engineering,OBC,General,Other,I,89806,66.4751458
2024,3,06275,"Shivnagar Vidya Prasarak Mandal's College of Engineering, Malegaon-Baramati",0627529310,Electrical Engineering,OPEN,Ladies,Other,I,78169,71.716606
2024,3,06275,"Shivnagar Vidya Prasarak Mandal's College of Engineering, Malegaon-Baramati",0627537210,Electronics and Telecommunication Engg,OPEN,General,Other,I,56114,80.5896708
2024,3,06275,"Shivnagar Vidya Prasarak Mandal's College of Engineering, Malegaon-Baramati",0627537210,Electronics and Telecommunication Engg,SC,General,Other,I,113147,54.7526673
2024,3,06275,"Shivnagar Vidya Prasarak Mandal's College of Engineering, Malegaon-Baramati",0627537210,Electronics and Telecommunication Engg,OPEN,Ladies,Other,I,56806,80.2743712
2024,3,06275,"Shivnagar Vidya Prasarak Mandal's College of Engineering, Malegaon-Baramati",0627537210,Electronics and Telecommunication Engg,OPEN,General,Other,I,101851,60.546705
2024,3,06275,"Shivnagar Vidya Prasarak Mandal's College of Engineering, Malegaon-Baramati",0627537210,Electronics and Telecommunication Engg,SC,General,Other,I,76322,72.5041736
2024,3,06277,"Dr. J. J. Magdum Charitable Trust's Dr. J.J. Magdum College of Engineering, Jaysingpur",0627719110,Civil Engineering,OPEN,General,State,I,78748,71.5965758
2024,3,06277,"Dr. J. J. Magdum Charitable Trust's Dr. J.J. Magdum College of Engineering, Jaysingpur",0627719110,Civil Engineering,ST,General,State,I,117580,52.2046883
2024,3,06277,"Dr. J. J. Magdum Charitable Trust's Dr. J.J. Magdum College of Engineering, Jaysingpur",0627719110,Civil Engineering,NT2,General,State,I,175199,6.2330849
2024,3,06277,"Dr. J. J. Magdum Charitable Trust's Dr. J.J. Magdum College of Engineering, Jaysingpur",0627719110,Civil Engineering,OBC,General,State,I,153799,27.5123271
2024,3,06277,"Dr. J. J. Magdum Charitable Trust's Dr. J.J. Magdum College of Engineering, Jaysingpur",0627724210,Computer Science and Engineering,OPEN,General,State,I,55514,80.7413807
2024,3,06277,"Dr. J. J. Magdum Charitable Trust's Dr. J.J. Magdum College of Engineering, Jaysingpur",0627724210,Computer Science and Engineering,SC,General,State,I,119794,51.1396363
2024,3,06277,"Dr. J. J. Magdum Charitable Trust's Dr. J.J. Magdum College of Engineering, Jaysingpur",0627724210,Computer Science and Engineering,OBC,General,State,I,63973,77.6411427
2024,3,06277,"Dr. J. J. Magdum Charitable Trust's Dr. J.J. Magdum College of Engineering, Jaysingpur",0627724210,Computer Science and Engineering,OPEN,Ladies,State,I,48601,83.4009466
2024,3,06277,"Dr. J. J. Magdum Charitable Trust's Dr. J.J. Magdum College of Engineering, Jaysingpur",0627724210,Computer Science and Engineering,EWS,General,State,I,76974,72.2338818
2024,3,06277,"Dr. J. J. Magdum Charitable Trust's Dr. J.J. Magdum College of Engineering, Jaysingpur",0627724610,Information Technology,OPEN,General,State,I,82944,69.7639628
2024,3,06277,"Dr. J. J. Magdum Charitable Trust's Dr. J.J. Magdum College of Engineering, Jaysingpur",0627724610,Information Technology,SC,General,State,I,140145,38.4109612
2024,3,06277,"Dr. J. J. Magdum Charitable Trust's Dr. J.J. Magdum College of Engineering, Jaysingpur",0627724610,Information Technology,NT1,General,State,I,113566,54.3920183
2024,3,06277,"Dr. J. J. Magdum Charitable Trust's Dr. J.J. Magdum College of Engineering, Jaysingpur",0627724610,Information Technology,OBC,General,State,I,106255,58.1588042
2024,3,06277,"Dr. J. J. Magdum Charitable Trust's Dr. J.J. Magdum College of Engineering, Jaysingpur",0627724610,Information Technology,SEBC,General,State,I,91889,65.5509182
2024,3,06277,"Dr. J. J. Magdum Charitable Trust's Dr. J.J. Magdum College of Engineering, Jaysingpur",0627724610,Information Technology,OPEN,Ladies,State,I,68705,75.6212581
2024,3,06277,"Dr. J. J. Magdum Charitable Trust's Dr. J.J. Magdum College of Engineering, Jaysingpur",0627724610,Information Technology,OBC,Ladies,State,I,89602,66.8404462
2024,3,06277,"Dr. J. J. Magdum Charitable Trust's Dr. J.J. Magdum College of Engineering, Jaysingpur",0627724610,Information Technology,OPEN,PWD,State,I,33777,88.5679854
2024,3,06277,"Dr. J. J. Magdum Charitable Trust's Dr. J.J. Magdum College of Engineering, Jaysingpur",0627724610,Information Technology,OPEN,TFWS,State,I,144394,34.8626522
2024,3,06277,"Dr. J. J. Magdum Charitable Trust's Dr. J.J. Magdum College of Engineering, Jaysingpur",0627726310,Artificial Intelligence (AI) and Data Science,OPEN,General,State,I,77444,72.1239122
2024,3,06277,"Dr. J. J. Magdum Charitable Trust's Dr. J.J. Magdum College of Engineering, Jaysingpur",0627726310,Artificial Intelligence (AI) and Data Science,OBC,General,State,I,91525,65.722735
2024,3,06277,"Dr. J. J. Magdum Charitable Trust's Dr. J.J. Magdum College of Engineering, Jaysingpur",0627726310,Artificial Intelligence (AI) and Data Science,SEBC,General,State,I,80382,70.8722936
2024,3,06277,"Dr. J. J. Magdum Charitable Trust's Dr. J.J. Magdum College of Engineering, Jaysingpur",0627726310,Artificial Intelligence (AI) and Data Science,OPEN,Ladies,State,I,74404,73.4250332
2024,3,06277,"Dr. J. J. Magdum Charitable Trust's Dr. J.J. Magdum College of Engineering, Jaysingpur",0627726310,Artificial Intelligence (AI) and Data Science,OPEN,TFWS,State,I,44433,84.6402007
2024,3,06277,"Dr. J. J. Magdum Charitable Trust's Dr. J.J. Magdum College of Engineering, Jaysingpur",0627726310,Artificial Intelligence (AI) and Data Science,EWS,General,State,I,117416,52.5184688
2024,3,06277,"Dr. J. J. Magdum Charitable Trust's Dr. J.J. Magdum College of Engineering, Jaysingpur",0627737210,Electronics and Telecommunication Engg,OPEN,General,State,I,90126,66.1855163
2024,3,06277,"Dr. J. J. Magdum Charitable Trust's Dr. J.J. Magdum College of Engineering, Jaysingpur",0627737210,Electronics and Telecommunication Engg,NT1,General,State,I,102069,60.546705
2024,3,06277,"Dr. J. J. Magdum Charitable Trust's Dr. J.J. Magdum College of Engineering, Jaysingpur",0627737210,Electronics and Telecommunication Engg,OBC,General,State,I,94997,63.9612515
2024,3,06277,"Dr. J. J. Magdum Charitable Trust's Dr. J.J. Magdum College of Engineering, Jaysingpur",0627737210,Electronics and Telecommunication Engg,SEBC,General,State,I,74161,73.4468855
2024,3,06277,"Dr. J. J. Magdum Charitable Trust's Dr. J.J. Magdum College of Engineering, Jaysingpur",0627737210,Electronics and Telecommunication Engg,OPEN,Ladies,State,I,132073,43.5298862
2024,3,06277,"Dr. J. J. Magdum Charitable Trust's Dr. J.J. Magdum College of Engineering, Jaysingpur",0627737210,Electronics and Telecommunication Engg,SC,Ladies,State,I,166999,15.5975889
2024,3,06277,"Dr. J. J. Magdum Charitable Trust's Dr. J.J. Magdum College of Engineering, Jaysingpur",0627737210,Electronics and Telecommunication Engg,NT3,Ladies,State,I,61160,78.5613347
2024,3,06277,"Dr. J. J. Magdum Charitable Trust's Dr. J.J. Magdum College of Engineering, Jaysingpur",0627737210,Electronics and Telecommunication Engg,OBC,Ladies,State,I,152863,28.0884374
2024,3,06277,"Dr. J. J. Magdum Charitable Trust's Dr. J.J. Magdum College of Engineering, Jaysingpur",0627737210,Electronics and Telecommunication Engg,OPEN,General,State,II,121549,50.0957604
2024,3,06277,"Dr. J. J. Magdum Charitable Trust's Dr. J.J. Magdum College of Engineering, Jaysingpur",0627761210,Mechanical Engineering,OPEN,General,State,I,137292,40.1066152
2024,3,06277,"Dr. J. J. Magdum Charitable Trust's Dr. J.J. Magdum College of Engineering, Jaysingpur",0627761210,Mechanical Engineering,SC,General,State,I,166122,16.2423214
2024,3,06277,"Dr. J. J. Magdum Charitable Trust's Dr. J.J. Magdum College of Engineering, Jaysingpur",0627761210,Mechanical Engineering,ST,General,State,I,160737,21.472809
2024,3,06277,"Dr. J. J. Magdum Charitable Trust's Dr. J.J. Magdum College of Engineering, Jaysingpur",0627761210,Mechanical Engineering,VJ,General,State,I,159266,22.5020163
2024,3,06277,"Dr. J. J. Magdum Charitable Trust's Dr. J.J. Magdum College of Engineering, Jaysingpur",0627761210,Mechanical Engineering,OBC,General,State,I,122263,49.7949643
2024,3,06277,"Dr. J. J. Magdum Charitable Trust's Dr. J.J. Magdum College of Engineering, Jaysingpur",0627761210,Mechanical Engineering,OPEN,General,State,II,159654,22.2282247
2024,3,06278,"All India Shri Shivaji Memorial Society's College of Engineering, Pune",0627819110,Civil Engineering,OPEN,General,Other,I,44980,84.5731157
2024,3,06278,"All India Shri Shivaji Memorial Society's College of Engineering, Pune",0627819110,Civil Engineering,OBC,General,Other,I,54971,80.9741447
2024,3,06278,"All India Shri Shivaji Memorial Society's College of Engineering, Pune",0627819110,Civil Engineering,OPEN,Ladies,Other,I,54002,81.3738935
2024,3,06278,"All India Shri Shivaji Memorial Society's College of Engineering, Pune",0627819110,Civil Engineering,OPEN,General,Other,I,168784,13.647753
2024,3,06278,"All India Shri Shivaji Memorial Society's College of Engineering, Pune",0627819110,Civil Engineering,OBC,General,Other,I,35412,88.0209851
2024,3,06278,"All India Shri Shivaji Memorial Society's College of Engineering, Pune",0627821910,Robotics and Automation,OPEN,General,Other,I,16478,94.524207
2024,3,06278,"All India Shri Shivaji Memorial Society's College of Engineering, Pune",0627821910,Robotics and Automation,OPEN,Ladies,Other,I,22946,92.33546
2024,3,06278,"All India Shri Shivaji Memorial Society's College of Engineering, Pune",0627821910,Robotics and Automation,OPEN,TFWS,State,I,20446,93.2139295
2024,3,06278,"All India Shri Shivaji Memorial Society's College of Engineering, Pune",0627821910,Robotics and Automation,OBC,Defence,State,I,51357,82.1878954
2024,3,06278,"All India Shri Shivaji Memorial Society's College of Engineering, Pune",0627821910,Robotics and Automation,EWS,General,State,I,46500,84.0259309
2024,3,06278,"All India Shri Shivaji Memorial Society's College of Engineering, Pune",0627861210,Mechanical Engineering,OPEN,General,Other,I,31777,89.2671256
2024,3,06278,"All India Shri Shivaji Memorial Society's College of Engineering, Pune",0627861210,Mechanical Engineering,OPEN,Ladies,Other,I,27951,90.6140311
2024,3,06278,"All India Shri Shivaji Memorial Society's College of Engineering, Pune",0627861210,Mechanical Engineering,OPEN,General,Other,I,30480,89.7386952
2024,3,06278,"All India Shri Shivaji Memorial Society's College of Engineering, Pune",0627861210,Mechanical Engineering,OPEN,Ladies,Other,I,77120,72.2338818
2024,3,06278,"All India Shri Shivaji Memorial Society's College of Engineering, Pune",0627892110,Artificial Intelligence and Machine Learning,OPEN,General,Other,I,13084,95.6719533
2024,3,06278,"All India Shri Shivaji Memorial Society's College of Engineering, Pune",0627892110,Artificial Intelligence and Machine Learning,OBC,General,Other,I,13952,95.3789894
2024,3,06278,"All India Shri Shivaji Memorial Society's College of Engineering, Pune",0627892110,Artificial Intelligence and Machine Learning,OPEN,Ladies,Other,I,15170,94.9943414
2024,3,06278,"All India Shri Shivaji Memorial Society's College of Engineering, Pune",0627892110,Artificial Intelligence and Machine Learning,OPEN,General,Other,I,20137,93.284975
2024,3,06281,"Modern Education Society's Wadia College of Engineering, Pune",0628124510,Computer Engineering,OPEN,General,Other,I,18692,93.833949
2024,3,06281,"Modern Education Society's Wadia College of Engineering, Pune",0628124510,Computer Engineering,SC,General,Other,I,40496,86.1433391
2024,3,06281,"Modern Education Society's Wadia College of Engineering, Pune",0628124510,Computer Engineering,OPEN,Ladies,Other,I,163496,18.7034184
2024,3,06281,"Modern Education Society's Wadia College of Engineering, Pune",0628124510,Computer Engineering,OPEN,Defence,State,I,22562,92.5251996
2024,3,06281,"Modern Education Society's Wadia College of Engineering, Pune",0628124510,Computer Engineering,OPEN,TFWS,State,I,17182,94.303005
2024,3,06281,"Modern Education Society's Wadia College of Engineering, Pune",0628124510,Computer Engineering,EWS,General,State,I,31636,89.3071786
2024,3,06281,"Modern Education Society's Wadia College of Engineering, Pune",0628137210,Electronics and Telecommunication Engg,SC,General,Other,I,45478,84.3938885
2024,3,06281,"Modern Education Society's Wadia College of Engineering, Pune",0628137210,Electronics and Telecommunication Engg,OPEN,Defence,State,I,43563,85.0982359
2024,3,06281,"Modern Education Society's Wadia College of Engineering, Pune",0628137210,Electronics and Telecommunication Engg,OPEN,TFWS,State,I,75101,73.112247
2024,3,06281,"Modern Education Society's Wadia College of Engineering, Pune",0628137210,Electronics and Telecommunication Engg,EWS,General,State,I,25633,91.4391389
2024,3,06281,"Modern Education Society's Wadia College of Engineering, Pune",0628161210,Mechanical Engineering,OPEN,General,Other,I,40083,86.2190813
2024,3,06281,"Modern Education Society's Wadia College of Engineering, Pune",0628161210,Mechanical Engineering,SC,General,Other,I,70675,74.9324465
2024,3,06281,"Modern Education Society's Wadia College of Engineering, Pune",0628161210,Mechanical Engineering,OBC,Defence,State,I,126250,47.4207012
2024,3,06281,"Modern Education Society's Wadia College of Engineering, Pune",0628191610,Automation and Robotics,SC,General,Other,I,43978,84.8482325
2024,3,06281,"Modern Education Society's Wadia College of Engineering, Pune",0628191610,Automation and Robotics,OBC,General,Other,I,38987,86.7801974
2024,3,06281,"Modern Education Society's Wadia College of Engineering, Pune",0628191610,Automation and Robotics,OPEN,Ladies,Other,I,25155,91.6093015
2024,3,06281,"Modern Education Society's Wadia College of Engineering, Pune",0628191610,Automation and Robotics,OBC,Defence,State,I,126773,47.0113809
2024,3,06281,"Modern Education Society's Wadia College of Engineering, Pune",0628191610,Automation and Robotics,OPEN,Orphan,State,I,57747,79.9360013
2024,3,06282,"All India Shri Shivaji Memorial Society's Institute of Information Technology,Pune",0628224510,Computer Engineering,OPEN,General,State,I,9749,96.769616
2024,3,06282,"All India Shri Shivaji Memorial Society's Institute of Information Technology,Pune",0628224510,Computer Engineering,SC,General,State,I,27297,90.8331157
2024,3,06282,"All India Shri Shivaji Memorial Society's Institute of Information Technology,Pune",0628224510,Computer Engineering,OBC,General,State,I,10106,96.6592611
2024,3,06282,"All India Shri Shivaji Memorial Society's Institute of Information Technology,Pune",0628224510,Computer Engineering,OPEN,Ladies,State,I,10743,96.4249493
2024,3,06282,"All India Shri Shivaji Memorial Society's Institute of Information Technology,Pune",0628224510,Computer Engineering,EWS,General,State,I,11843,96.0995605
2024,3,06282,"All India Shri Shivaji Memorial Society's Institute of Information Technology,Pune",0628224610,Information Technology,OPEN,General,State,I,11468,96.2034445
2024,3,06282,"All India Shri Shivaji Memorial Society's Institute of Information Technology,Pune",0628224610,Information Technology,SC,General,State,I,26712,90.9923873
2024,3,06282,"All India Shri Shivaji Memorial Society's Institute of Information Technology,Pune",0628224610,Information Technology,OBC,General,State,I,12633,95.825716
2024,3,06282,"All India Shri Shivaji Memorial Society's Institute of Information Technology,Pune",0628224610,Information Technology,SEBC,General,State,I,12296,95.9509457
2024,3,06282,"All India Shri Shivaji Memorial Society's Institute of Information Technology,Pune",0628224610,Information Technology,OPEN,Ladies,State,I,11487,96.2034445
2024,3,06282,"All India Shri Shivaji Memorial Society's Institute of Information Technology,Pune",0628224610,Information Technology,SC,Ladies,State,I,35517,88.0194481
2024,3,06282,"All India Shri Shivaji Memorial Society's Institute of Information Technology,Pune",0628224610,Information Technology,ST,Ladies,State,I,13150,95.649143
2024,3,06282,"All India Shri Shivaji Memorial Society's Institute of Information Technology,Pune",0628224610,Information Technology,OBC,Ladies,State,I,12131,95.9986676
2024,3,06282,"All India Shri Shivaji Memorial Society's Institute of Information Technology,Pune",0628224610,Information Technology,SEBC,Ladies,State,I,18053,93.9958778
2024,3,06282,"All India Shri Shivaji Memorial Society's Institute of Information Technology,Pune",0628224610,Information Technology,OPEN,General,State,II,81088,70.5008347
2024,3,06282,"All India Shri Shivaji Memorial Society's Institute of Information Technology,Pune",0628229310,Electrical Engineering,OPEN,General,State,I,20671,93.1131822
2024,3,06282,"All India Shri Shivaji Memorial Society's Institute of Information Technology,Pune",0628229310,Electrical Engineering,SC,General,State,I,57001,80.2358012
2024,3,06282,"All India Shri Shivaji Memorial Society's Institute of Information Technology,Pune",0628229310,Electrical Engineering,OPEN,Ladies,State,I,27656,90.777366
2024,3,06282,"All India Shri Shivaji Memorial Society's Institute of Information Technology,Pune",0628229310,Electrical Engineering,OBC,Ladies,State,I,41272,85.9343121
2024,3,06282,"All India Shri Shivaji Memorial Society's Institute of Information Technology,Pune",0628229310,Electrical Engineering,OPEN,Defence,State,I,67465,76.1358545
2024,3,06282,"All India Shri Shivaji Memorial Society's Institute of Information Technology,Pune",0628229310,Electrical Engineering,OPEN,TFWS,State,I,30427,89.778798
2024,3,06282,"All India Shri Shivaji Memorial Society's Institute of Information Technology,Pune",0628229310,Electrical Engineering,OBC,Defence,State,I,67739,76.1268781
2024,3,06282,"All India Shri Shivaji Memorial Society's Institute of Information Technology,Pune",0628229310,Electrical Engineering,EWS,General,State,I,49139,82.9978985
2024,3,06282,"All India Shri Shivaji Memorial Society's Institute of Information Technology,Pune",0628237210,Electronics and Telecommunication Engg,OPEN,General,State,I,15011,95.033389
2024,3,06282,"All India Shri Shivaji Memorial Society's Institute of Information Technology,Pune",0628237210,Electronics and Telecommunication Engg,SC,General,State,I,36407,87.5598503
2024,3,06282,"All India Shri Shivaji Memorial Society's Institute of Information Technology,Pune",0628237210,Electronics and Telecommunication Engg,OBC,General,State,I,17579,94.163061
2024,3,06282,"All India Shri Shivaji Memorial Society's Institute of Information Technology,Pune",0628237210,Electronics and Telecommunication Engg,SEBC,General,State,I,19663,93.4557596
2024,3,06282,"All India Shri Shivaji Memorial Society's Institute of Information Technology,Pune",0628237210,Electronics and Telecommunication Engg,OPEN,Ladies,State,I,9040,97.0078544
2024,3,06282,"All India Shri Shivaji Memorial Society's Institute of Information Technology,Pune",0628237210,Electronics and Telecommunication Engg,SC,Ladies,State,I,39537,86.5260265
2024,3,06282,"All India Shri Shivaji Memorial Society's Institute of Information Technology,Pune",0628237210,Electronics and Telecommunication Engg,ST,Ladies,State,I,50480,82.7086811
2024,3,06282,"All India Shri Shivaji Memorial Society's Institute of Information Technology,Pune",0628237210,Electronics and Telecommunication Engg,NT1,Ladies,State,I,16706,94.4451717
2024,3,06282,"All India Shri Shivaji Memorial Society's Institute of Information Technology,Pune",0628237210,Electronics and Telecommunication Engg,OBC,Ladies,State,I,20178,93.2844613
2024,3,06282,"All India Shri Shivaji Memorial Society's Institute of Information Technology,Pune",0628237210,Electronics and Telecommunication Engg,SEBC,Ladies,State,I,23121,92.2993808
2024,3,06282,"All India Shri Shivaji Memorial Society's Institute of Information Technology,Pune",0628237210,Electronics and Telecommunication Engg,OPEN,Defence,State,I,13636,95.4867111
2024,3,06282,"All India Shri Shivaji Memorial Society's Institute of Information Technology,Pune",0628237210,Electronics and Telecommunication Engg,OPEN,TFWS,State,I,22871,92.3371011
2024,3,06282,"All India Shri Shivaji Memorial Society's Institute of Information Technology,Pune",0628237210,Electronics and Telecommunication Engg,OPEN,General,State,II,127808,46.3188381
2024,3,06282,"All India Shri Shivaji Memorial Society's Institute of Information Technology,Pune",0628246610,Instrumentation Engineering,OPEN,General,State,I,39809,86.3062406
2024,3,06282,"All India Shri Shivaji Memorial Society's Institute of Information Technology,Pune",0628246610,Instrumentation Engineering,OPEN,Ladies,State,I,24369,91.8585895
2024,3,06282,"All India Shri Shivaji Memorial Society's Institute of Information Technology,Pune",0628246610,Instrumentation Engineering,ST,Ladies,State,I,43035,85.2662319
2024,3,06282,"All India Shri Shivaji Memorial Society's Institute of Information Technology,Pune",0628246610,Instrumentation Engineering,OBC,Ladies,State,I,39291,86.6547892
2024,3,06282,"All India Shri Shivaji Memorial Society's Institute of Information Technology,Pune",0628246610,Instrumentation Engineering,SEBC,Ladies,State,I,35643,88.0156813
2024,3,06282,"All India Shri Shivaji Memorial Society's Institute of Information Technology,Pune",0628299510,Artificial Intelligence and Data Science,OPEN,General,State,I,12700,95.8067495
2024,3,06282,"All India Shri Shivaji Memorial Society's Institute of Information Technology,Pune",0628299510,Artificial Intelligence and Data Science,ST,General,State,I,83991,69.275473
2024,3,06282,"All India Shri Shivaji Memorial Society's Institute of Information Technology,Pune",0628299510,Artificial Intelligence and Data Science,SEBC,General,State,I,16415,94.565128
2024,3,06282,"All India Shri Shivaji Memorial Society's Institute of Information Technology,Pune",0628299510,Artificial Intelligence and Data Science,SC,Ladies,State,I,17803,94.0878795
2024,3,06282,"All India Shri Shivaji Memorial Society's Institute of Information Technology,Pune",0628299510,Artificial Intelligence and Data Science,OBC,Ladies,State,I,14723,95.1394167
2024,3,06283,"Annasaheb Dange College of Engineering and Technology, Ashta, Sangli",0628300210,Aeronautical Engineering,OPEN,General,State,I,85696,68.4737144
2024,3,06283,"Annasaheb Dange College of Engineering and Technology, Ashta, Sangli",0628300210,Aeronautical Engineering,SC,General,State,I,120526,50.8618056
2024,3,06283,"Annasaheb Dange College of Engineering and Technology, Ashta, Sangli",0628300210,Aeronautical Engineering,ST,General,State,I,161935,20.7289199
2024,3,06283,"Annasaheb Dange College of Engineering and Technology, Ashta, Sangli",0628300210,Aeronautical Engineering,VJ,General,State,I,88214,67.5881106
2024,3,06283,"Annasaheb Dange College of Engineering and Technology, Ashta, Sangli",0628300210,Aeronautical Engineering,OBC,General,State,I,72369,74.1162962
2024,3,06283,"Annasaheb Dange College of Engineering and Technology, Ashta, Sangli",0628300210,Aeronautical Engineering,OPEN,Ladies,State,I,159831,22.1725851
2024,3,06283,"Annasaheb Dange College of Engineering and Technology, Ashta, Sangli",0628300210,Aeronautical Engineering,SC,Ladies,State,I,118872,51.2783205
2024,3,06283,"Annasaheb Dange College of Engineering and Technology, Ashta, Sangli",0628300210,Aeronautical Engineering,ST,Ladies,State,I,103557,60.1504384
2024,3,06283,"Annasaheb Dange College of Engineering and Technology, Ashta, Sangli",0628300210,Aeronautical Engineering,OBC,Ladies,State,I,38072,86.9701586
2024,3,06283,"Annasaheb Dange College of Engineering and Technology, Ashta, Sangli",0628300210,Aeronautical Engineering,SEBC,Ladies,State,I,170740,11.4858097
2024,3,06283,"Annasaheb Dange College of Engineering and Technology, Ashta, Sangli",0628319110,Civil Engineering,OPEN,General,State,I,99122,62.7875345
2024,3,06283,"Annasaheb Dange College of Engineering and Technology, Ashta, Sangli",0628319110,Civil Engineering,SC,General,State,I,125052,47.9842799
2024,3,06283,"Annasaheb Dange College of Engineering and Technology, Ashta, Sangli",0628319110,Civil Engineering,SEBC,General,State,I,137106,40.1066152
2024,3,06283,"Annasaheb Dange College of Engineering and Technology, Ashta, Sangli",0628319110,Civil Engineering,OPEN,Ladies,State,I,63542,77.820685
2024,3,06283,"Annasaheb Dange College of Engineering and Technology, Ashta, Sangli",0628319110,Civil Engineering,OBC,Ladies,State,I,141981,36.6611018
2024,3,06283,"Annasaheb Dange College of Engineering and Technology, Ashta, Sangli",0628319110,Civil Engineering,OBC,Defence,State,I,105513,59.3445914
2024,3,06283,"Annasaheb Dange College of Engineering and Technology, Ashta, Sangli",0628324210,Computer Science and Engineering,OPEN,General,State,I,26509,91.1269352
2024,3,06283,"Annasaheb Dange College of Engineering and Technology, Ashta, Sangli",0628324210,Computer Science and Engineering,SC,General,State,I,52371,81.8420405
2024,3,06283,"Annasaheb Dange College of Engineering and Technology, Ashta, Sangli",0628324210,Computer Science and Engineering,OBC,General,State,I,35936,87.8945473
2024,3,06283,"Annasaheb Dange College of Engineering and Technology, Ashta, Sangli",0628324210,Computer Science and Engineering,SEBC,General,State,I,35580,88.0194481
2024,3,06283,"Annasaheb Dange College of Engineering and Technology, Ashta, Sangli",0628324210,Computer Science and Engineering,OPEN,Ladies,State,I,31353,89.3907269
2024,3,06283,"Annasaheb Dange College of Engineering and Technology, Ashta, Sangli",0628324210,Computer Science and Engineering,EWS,General,State,I,48746,83.1983982
2024,3,06283,"Annasaheb Dange College of Engineering and Technology, Ashta, Sangli",0628329310,Electrical Engineering,OPEN,General,State,I,66061,76.6199764
2024,3,06283,"Annasaheb Dange College of Engineering and Technology, Ashta, Sangli",0628329310,Electrical Engineering,ST,General,State,I,110327,56.846611
2024,3,06283,"Annasaheb Dange College of Engineering and Technology, Ashta, Sangli",0628329310,Electrical Engineering,OBC,General,State,I,128352,46.2784017
2024,3,06283,"Annasaheb Dange College of Engineering and Technology, Ashta, Sangli",0628329310,Electrical Engineering,SC,Ladies,State,I,159757,22.2282247
2024,3,06283,"Annasaheb Dange College of Engineering and Technology, Ashta, Sangli",0628329310,Electrical Engineering,ST,Ladies,State,I,85783,68.4737144
2024,3,06283,"Annasaheb Dange College of Engineering and Technology, Ashta, Sangli",0628350310,Food Technology,OPEN,General,State,I,62401,79.5540456
2024,3,06283,"Annasaheb Dange College of Engineering and Technology, Ashta, Sangli",0628350310,Food Technology,ST,General,State,I,93262,67.6158803
2024,3,06283,"Annasaheb Dange College of Engineering and Technology, Ashta, Sangli",0628350310,Food Technology,NT2,General,State,I,74722,75.1304593
2024,3,06283,"Annasaheb Dange College of Engineering and Technology, Ashta, Sangli",0628350310,Food Technology,OBC,General,State,I,26365,91.7946848
2024,3,06283,"Annasaheb Dange College of Engineering and Technology, Ashta, Sangli",0628350310,Food Technology,OPEN,Ladies,State,I,134667,45.5784574
2024,3,06283,"Annasaheb Dange College of Engineering and Technology, Ashta, Sangli",0628350310,Food Technology,SC,Ladies,State,I,142735,40.2228492
2024,3,06283,"Annasaheb Dange College of Engineering and Technology, Ashta, Sangli",0628350310,Food Technology,NT3,Ladies,State,I,28267,91.2379211
2024,3,06283,"Annasaheb Dange College of Engineering and Technology, Ashta, Sangli",0628350310,Food Technology,OBC,Ladies,State,I,141243,41.3261276
2024,3,06283,"Annasaheb Dange College of Engineering and Technology, Ashta, Sangli",0628361210,Mechanical Engineering,OPEN,General,State,I,56644,80.3003309
2024,3,06283,"Annasaheb Dange College of Engineering and Technology, Ashta, Sangli",0628361210,Mechanical Engineering,SC,General,State,I,89318,66.8505265
2024,3,06283,"Annasaheb Dange College of Engineering and Technology, Ashta, Sangli",0628361210,Mechanical Engineering,NT2,General,State,I,109136,57.1959853
2024,3,06283,"Annasaheb Dange College of Engineering and Technology, Ashta, Sangli",0628361210,Mechanical Engineering,OBC,General,State,I,143754,35.3791065
2024,3,06283,"Annasaheb Dange College of Engineering and Technology, Ashta, Sangli",0628361210,Mechanical Engineering,SEBC,General,State,I,86752,68.0717863
2024,3,06283,"Annasaheb Dange College of Engineering and Technology, Ashta, Sangli",0628361210,Mechanical Engineering,OPEN,Ladies,State,I,85149,68.7156482
2024,3,06283,"Annasaheb Dange College of Engineering and Technology, Ashta, Sangli",0628361210,Mechanical Engineering,SC,Ladies,State,I,122694,49.6193645
2024,3,06283,"Annasaheb Dange College of Engineering and Technology, Ashta, Sangli",0628361210,Mechanical Engineering,VJ,Ladies,State,I,120650,50.6340761
2024,3,06283,"Annasaheb Dange College of Engineering and Technology, Ashta, Sangli",0628361210,Mechanical Engineering,OBC,Ladies,State,I,154412,27.4048925
2024,3,06283,"Annasaheb Dange College of Engineering and Technology, Ashta, Sangli",0628361210,Mechanical Engineering,SEBC,Ladies,State,I,102720,60.2951569
2024,3,06283,"Annasaheb Dange College of Engineering and Technology, Ashta, Sangli",0628361210,Mechanical Engineering,OPEN,General,State,II,103739,60.1504384
2024,3,06284,"Vidya Pratishthan's Kamalnayan Bajaj Institute of Engineering & Technology, Baramati Dist.Pune",0628419110,Civil Engineering,ST,General,State,I,53113,81.7098306
2024,3,06284,"Vidya Pratishthan's Kamalnayan Bajaj Institute of Engineering & Technology, Baramati Dist.Pune",0628419110,Civil Engineering,OBC,General,State,I,75528,72.8411223
2024,3,06284,"Vidya Pratishthan's Kamalnayan Bajaj Institute of Engineering & Technology, Baramati Dist.Pune",0628419110,Civil Engineering,SEBC,General,State,I,39429,86.5601955
2024,3,06284,"Vidya Pratishthan's Kamalnayan Bajaj Institute of Engineering & Technology, Baramati Dist.Pune",0628419110,Civil Engineering,OPEN,Ladies,State,I,172623,9.4599659
2024,3,06284,"Vidya Pratishthan's Kamalnayan Bajaj Institute of Engineering & Technology, Baramati Dist.Pune",0628419110,Civil Engineering,SC,Ladies,State,I,91360,65.722735
2024,3,06284,"Vidya Pratishthan's Kamalnayan Bajaj Institute of Engineering & Technology, Baramati Dist.Pune",0628424510,Computer Engineering,OPEN,General,State,I,18278,93.9032684
2024,3,06284,"Vidya Pratishthan's Kamalnayan Bajaj Institute of Engineering & Technology, Baramati Dist.Pune",0628424510,Computer Engineering,SC,General,State,I,47087,83.7447544
2024,3,06284,"Vidya Pratishthan's Kamalnayan Bajaj Institute of Engineering & Technology, Baramati Dist.Pune",0628424510,Computer Engineering,ST,General,State,I,24429,91.8342241
2024,3,06284,"Vidya Pratishthan's Kamalnayan Bajaj Institute of Engineering & Technology, Baramati Dist.Pune",0628424510,Computer Engineering,OBC,General,State,I,23197,92.2993808
2024,3,06284,"Vidya Pratishthan's Kamalnayan Bajaj Institute of Engineering & Technology, Baramati Dist.Pune",0628424510,Computer Engineering,SEBC,General,State,I,11307,96.260142
2024,3,06284,"Vidya Pratishthan's Kamalnayan Bajaj Institute of Engineering & Technology, Baramati Dist.Pune",0628424510,Computer Engineering,SEBC,Ladies,State,I,40892,86.0863663
2024,3,06284,"Vidya Pratishthan's Kamalnayan Bajaj Institute of Engineering & Technology, Baramati Dist.Pune",0628424610,Information Technology,OPEN,General,State,I,27619,90.777366
2024,3,06284,"Vidya Pratishthan's Kamalnayan Bajaj Institute of Engineering & Technology, Baramati Dist.Pune",0628424610,Information Technology,SC,General,State,I,53907,81.3738935
2024,3,06284,"Vidya Pratishthan's Kamalnayan Bajaj Institute of Engineering & Technology, Baramati Dist.Pune",0628424610,Information Technology,ST,General,State,I,28340,90.4797169
2024,3,06284,"Vidya Pratishthan's Kamalnayan Bajaj Institute of Engineering & Technology, Baramati Dist.Pune",0628424610,Information Technology,OBC,General,State,I,28193,90.5124049
2024,3,06284,"Vidya Pratishthan's Kamalnayan Bajaj Institute of Engineering & Technology, Baramati Dist.Pune",0628424610,Information Technology,SEBC,General,State,I,26622,91.1268781
2024,3,06284,"Vidya Pratishthan's Kamalnayan Bajaj Institute of Engineering & Technology, Baramati Dist.Pune",0628424610,Information Technology,OBC,Ladies,State,I,52526,81.8151897
2024,3,06284,"Vidya Pratishthan's Kamalnayan Bajaj Institute of Engineering & Technology, Baramati Dist.Pune",0628429310,Electrical Engineering,OPEN,General,State,I,36772,87.4969245
2024,3,06284,"Vidya Pratishthan's Kamalnayan Bajaj Institute of Engineering & Technology, Baramati Dist.Pune",0628429310,Electrical Engineering,SC,General,State,I,105779,59.0509185
2024,3,06284,"Vidya Pratishthan's Kamalnayan Bajaj Institute of Engineering & Technology, Baramati Dist.Pune",0628429310,Electrical Engineering,OBC,General,State,I,67693,76.1268781
2024,3,06284,"Vidya Pratishthan's Kamalnayan Bajaj Institute of Engineering & Technology, Baramati Dist.Pune",0628429310,Electrical Engineering,OBC,Ladies,State,I,79464,71.353144
2024,3,06284,"Vidya Pratishthan's Kamalnayan Bajaj Institute of Engineering & Technology, Baramati Dist.Pune",0628429310,Electrical Engineering,OPEN,Defence,State,I,103735,60.1504384
2024,3,06284,"Vidya Pratishthan's Kamalnayan Bajaj Institute of Engineering & Technology, Baramati Dist.Pune",0628429310,Electrical Engineering,EWS,General,State,I,107895,57.3310702
2024,3,06284,"Vidya Pratishthan's Kamalnayan Bajaj Institute of Engineering & Technology, Baramati Dist.Pune",0628437210,Electronics and Telecommunication Engg,OPEN,General,State,I,34769,88.157541
2024,3,06284,"Vidya Pratishthan's Kamalnayan Bajaj Institute of Engineering & Technology, Baramati Dist.Pune",0628437210,Electronics and Telecommunication Engg,SC,General,State,I,62309,78.1496564
2024,3,06284,"Vidya Pratishthan's Kamalnayan Bajaj Institute of Engineering & Technology, Baramati Dist.Pune",0628437210,Electronics and Telecommunication Engg,ST,General,State,I,29162,90.2675844
2024,3,06284,"Vidya Pratishthan's Kamalnayan Bajaj Institute of Engineering & Technology, Baramati Dist.Pune",0628437210,Electronics and Telecommunication Engg,OPEN,Ladies,State,I,35810,87.920678
2024,3,06284,"Vidya Pratishthan's Kamalnayan Bajaj Institute of Engineering & Technology, Baramati Dist.Pune",0628437210,Electronics and Telecommunication Engg,OBC,Ladies,State,I,36525,87.5123219
2024,3,06284,"Vidya Pratishthan's Kamalnayan Bajaj Institute of Engineering & Technology, Baramati Dist.Pune",0628437210,Electronics and Telecommunication Engg,SEBC,Ladies,State,I,169979,12.5620266
2024,3,06284,"Vidya Pratishthan's Kamalnayan Bajaj Institute of Engineering & Technology, Baramati Dist.Pune",0628437210,Electronics and Telecommunication Engg,OBC,Defence,State,I,71562,74.4421543
2024,3,06284,"Vidya Pratishthan's Kamalnayan Bajaj Institute of Engineering & Technology, Baramati Dist.Pune",0628461210,Mechanical Engineering,OPEN,General,State,I,39571,86.5260265
2024,3,06284,"Vidya Pratishthan's Kamalnayan Bajaj Institute of Engineering & Technology, Baramati Dist.Pune",0628461210,Mechanical Engineering,ST,General,State,I,78462,71.7115
2024,3,06284,"Vidya Pratishthan's Kamalnayan Bajaj Institute of Engineering & Technology, Baramati Dist.Pune",0628461210,Mechanical Engineering,OBC,General,State,I,47828,83.5380246
2024,3,06284,"Vidya Pratishthan's Kamalnayan Bajaj Institute of Engineering & Technology, Baramati Dist.Pune",0628461210,Mechanical Engineering,SEBC,Ladies,State,I,135542,41.0394031
2024,3,06284,"Vidya Pratishthan's Kamalnayan Bajaj Institute of Engineering & Technology, Baramati Dist.Pune",0628499510,Artificial Intelligence and Data Science,OPEN,General,State,I,27287,90.8331157
2024,3,06284,"Vidya Pratishthan's Kamalnayan Bajaj Institute of Engineering & Technology, Baramati Dist.Pune",0628499510,Artificial Intelligence and Data Science,SC,General,State,I,55296,80.7840564
2024,3,06284,"Vidya Pratishthan's Kamalnayan Bajaj Institute of Engineering & Technology, Baramati Dist.Pune",0628499510,Artificial Intelligence and Data Science,OBC,General,State,I,34061,88.5172385
2024,3,06284,"Vidya Pratishthan's Kamalnayan Bajaj Institute of Engineering & Technology, Baramati Dist.Pune",0628499510,Artificial Intelligence and Data Science,OPEN,Ladies,State,I,27515,90.7979989
2024,3,06284,"Vidya Pratishthan's Kamalnayan Bajaj Institute of Engineering & Technology, Baramati Dist.Pune",0628499510,Artificial Intelligence and Data Science,OPEN,PWD,State,I,87503,67.6869909
2024,3,06284,"Vidya Pratishthan's Kamalnayan Bajaj Institute of Engineering & Technology, Baramati Dist.Pune",0628499510,Artificial Intelligence and Data Science,OBC,Defence,State,I,30332,89.7974248
2024,3,06288,"Bharati Vidyapeeth's College of Engineering, Kolhapur",0628819110,Civil Engineering,OPEN,Defence,State,I,151493,29.1560732
2024,3,06288,"Bharati Vidyapeeth's College of Engineering, Kolhapur",0628824210,Computer Science and Engineering,OPEN,General,Other,I,52468,81.8151897
2024,3,06288,"Bharati Vidyapeeth's College of Engineering, Kolhapur",0628824210,Computer Science and Engineering,OBC,General,Other,I,115326,53.7694785
2024,3,06288,"Bharati Vidyapeeth's College of Engineering, Kolhapur",0628824210,Computer Science and Engineering,OPEN,Ladies,Other,I,65132,76.8897938
2024,3,06288,"Bharati Vidyapeeth's College of Engineering, Kolhapur",0628824210,Computer Science and Engineering,OBC,Defence,State,I,34446,88.2040568
2024,3,06288,"Bharati Vidyapeeth's College of Engineering, Kolhapur",0628824210,Computer Science and Engineering,OPEN,TFWS,State,I,49067,83.032746
2024,3,06288,"Bharati Vidyapeeth's College of Engineering, Kolhapur",0628824210,Computer Science and Engineering,EWS,General,State,I,108646,57.2163252
2024,3,06288,"Bharati Vidyapeeth's College of Engineering, Kolhapur",0628837210,Electronics and Telecommunication Engg,OPEN,General,Other,I,78479,71.7115
2024,3,06288,"Bharati Vidyapeeth's College of Engineering, Kolhapur",0628837210,Electronics and Telecommunication Engg,OBC,General,Other,I,79227,71.3988776
2024,3,06288,"Bharati Vidyapeeth's College of Engineering, Kolhapur",0628837210,Electronics and Telecommunication Engg,OPEN,General,Other,I,80808,70.5215521
2024,3,06293,"Kai Amdar Bramhadevdada Mane Shikshan & Samajik Prathistan's Bramhadevdada Mane Institute of Technology, Solapur",0629324210,Computer Science and Engineering,OPEN,General,Other,I,117760,52.2046883
2024,3,06293,"Kai Amdar Bramhadevdada Mane Shikshan & Samajik Prathistan's Bramhadevdada Mane Institute of Technology, Solapur",0629324210,Computer Science and Engineering,SC,General,Other,I,152542,28.3301002
2024,3,06293,"Kai Amdar Bramhadevdada Mane Shikshan & Samajik Prathistan's Bramhadevdada Mane Institute of Technology, Solapur",0629324210,Computer Science and Engineering,OBC,General,Other,I,172794,9.2050034
2024,3,06293,"Kai Amdar Bramhadevdada Mane Shikshan & Samajik Prathistan's Bramhadevdada Mane Institute of Technology, Solapur",0629324210,Computer Science and Engineering,OPEN,Ladies,Other,I,117109,52.5184688
2024,3,06293,"Kai Amdar Bramhadevdada Mane Shikshan & Samajik Prathistan's Bramhadevdada Mane Institute of Technology, Solapur",0629324210,Computer Science and Engineering,OPEN,General,Other,I,154282,27.4048925
2024,3,06293,"Kai Amdar Bramhadevdada Mane Shikshan & Samajik Prathistan's Bramhadevdada Mane Institute of Technology, Solapur",0629329310,Electrical Engineering,OBC,General,Other,I,143823,35.3791065
2024,3,06293,"Kai Amdar Bramhadevdada Mane Shikshan & Samajik Prathistan's Bramhadevdada Mane Institute of Technology, Solapur",0629329310,Electrical Engineering,OPEN,Ladies,Other,I,178337,1.9115192
2024,3,06293,"Kai Amdar Bramhadevdada Mane Shikshan & Samajik Prathistan's Bramhadevdada Mane Institute of Technology, Solapur",0629329310,Electrical Engineering,OPEN,Defence,State,I,161411,21.0368242
2024,3,06293,"Kai Amdar Bramhadevdada Mane Shikshan & Samajik Prathistan's Bramhadevdada Mane Institute of Technology, Solapur",0629337210,Electronics and Telecommunication Engg,OPEN,Defence,State,I,154659,27.1532908
2024,3,06298,"Zeal Education Society's Zeal College of Engineering & Reserch, Narhe, Pune",0629819110,Civil Engineering,OPEN,General,State,I,78233,71.716606
2024,3,06298,"Zeal Education Society's Zeal College of Engineering & Reserch, Narhe, Pune",0629819110,Civil Engineering,SC,General,State,I,98038,62.8733646
2024,3,06298,"Zeal Education Society's Zeal College of Engineering & Reserch, Narhe, Pune",0629819110,Civil Engineering,OBC,General,State,I,109233,57.1543272
2024,3,06298,"Zeal Education Society's Zeal College of Engineering & Reserch, Narhe, Pune",0629819110,Civil Engineering,SEBC,General,State,I,106487,58.1588042
2024,3,06298,"Zeal Education Society's Zeal College of Engineering & Reserch, Narhe, Pune",0629819110,Civil Engineering,OPEN,Ladies,State,I,78769,71.5965758
2024,3,06298,"Zeal Education Society's Zeal College of Engineering & Reserch, Narhe, Pune",0629819110,Civil Engineering,ST,Ladies,State,I,98327,62.8351694
2024,3,06298,"Zeal Education Society's Zeal College of Engineering & Reserch, Narhe, Pune",0629819110,Civil Engineering,OPEN,General,State,II,102878,60.2921536
2024,3,06298,"Zeal Education Society's Zeal College of Engineering & Reserch, Narhe, Pune",0629819110,Civil Engineering,SC,General,State,II,118694,51.7862916
2024,3,06298,"Zeal Education Society's Zeal College of Engineering & Reserch, Narhe, Pune",0629821910,Robotics and Automation,OPEN,General,State,I,61992,78.1973837
2024,3,06298,"Zeal Education Society's Zeal College of Engineering & Reserch, Narhe, Pune",0629821910,Robotics and Automation,SC,General,State,I,97204,63.0701676
2024,3,06298,"Zeal Education Society's Zeal College of Engineering & Reserch, Narhe, Pune",0629821910,Robotics and Automation,ST,General,State,I,146239,33.5585964
2024,3,06298,"Zeal Education Society's Zeal College of Engineering & Reserch, Narhe, Pune",0629821910,Robotics and Automation,VJ,General,State,I,65612,76.7776254
2024,3,06298,"Zeal Education Society's Zeal College of Engineering & Reserch, Narhe, Pune",0629821910,Robotics and Automation,NT2,General,State,I,77793,71.7682877
2024,3,06298,"Zeal Education Society's Zeal College of Engineering & Reserch, Narhe, Pune",0629821910,Robotics and Automation,OBC,General,State,I,70512,74.9709109
2024,3,06298,"Zeal Education Society's Zeal College of Engineering & Reserch, Narhe, Pune",0629821910,Robotics and Automation,SEBC,General,State,I,70491,74.9709109
2024,3,06298,"Zeal Education Society's Zeal College of Engineering & Reserch, Narhe, Pune",0629821910,Robotics and Automation,OPEN,Ladies,State,I,56000,80.5896708
2024,3,06298,"Zeal Education Society's Zeal College of Engineering & Reserch, Narhe, Pune",0629821910,Robotics and Automation,SC,Ladies,State,I,83888,69.275473
2024,3,06298,"Zeal Education Society's Zeal College of Engineering & Reserch, Narhe, Pune",0629821910,Robotics and Automation,OBC,Ladies,State,I,70469,74.9709109
2024,3,06298,"Zeal Education Society's Zeal College of Engineering & Reserch, Narhe, Pune",0629821910,Robotics and Automation,OPEN,PWD,State,I,99718,62.2534756
2024,3,06298,"Zeal Education Society's Zeal College of Engineering & Reserch, Narhe, Pune",0629821910,Robotics and Automation,OBC,PWD,State,I,45031,84.524207
2024,3,06298,"Zeal Education Society's Zeal College of Engineering & Reserch, Narhe, Pune",0629821910,Robotics and Automation,OPEN,Defence,State,I,137821,39.5390798
2024,3,06298,"Zeal Education Society's Zeal College of Engineering & Reserch, Narhe, Pune",0629821910,Robotics and Automation,OBC,Defence,State,I,102088,60.546705
2024,3,06298,"Zeal Education Society's Zeal College of Engineering & Reserch, Narhe, Pune",0629824510,Computer Engineering,OPEN,General,State,I,34427,88.3567734
2024,3,06298,"Zeal Education Society's Zeal College of Engineering & Reserch, Narhe, Pune",0629824510,Computer Engineering,SC,General,State,I,42972,85.3422371
2024,3,06298,"Zeal Education Society's Zeal College of Engineering & Reserch, Narhe, Pune",0629824510,Computer Engineering,ST,General,State,I,38851,86.803005
2024,3,06298,"Zeal Education Society's Zeal College of Engineering & Reserch, Narhe, Pune",0629824510,Computer Engineering,OBC,General,State,I,35036,88.1228442
2024,3,06298,"Zeal Education Society's Zeal College of Engineering & Reserch, Narhe, Pune",0629824510,Computer Engineering,OPEN,Ladies,State,I,40255,86.1969983
2024,3,06298,"Zeal Education Society's Zeal College of Engineering & Reserch, Narhe, Pune",0629824510,Computer Engineering,ST,Ladies,State,I,36662,87.5036363
2024,3,06298,"Zeal Education Society's Zeal College of Engineering & Reserch, Narhe, Pune",0629824510,Computer Engineering,NT3,Ladies,State,I,35395,88.0209851
2024,3,06298,"Zeal Education Society's Zeal College of Engineering & Reserch, Narhe, Pune",0629824510,Computer Engineering,OBC,Ladies,State,I,16078,94.6574281
2024,3,06298,"Zeal Education Society's Zeal College of Engineering & Reserch, Narhe, Pune",0629824510,Computer Engineering,SEBC,Ladies,State,I,49771,82.7778711
2024,3,06298,"Zeal Education Society's Zeal College of Engineering & Reserch, Narhe, Pune",0629824610,Information Technology,OPEN,General,State,I,39222,86.6547892
2024,3,06298,"Zeal Education Society's Zeal College of Engineering & Reserch, Narhe, Pune",0629824610,Information Technology,ST,General,State,I,42940,85.3422371
2024,3,06298,"Zeal Education Society's Zeal College of Engineering & Reserch, Narhe, Pune",0629824610,Information Technology,NT3,General,State,I,41512,85.8632396
2024,3,06298,"Zeal Education Society's Zeal College of Engineering & Reserch, Narhe, Pune",0629824610,Information Technology,OPEN,Ladies,State,I,77932,71.7682877
2024,3,06298,"Zeal Education Society's Zeal College of Engineering & Reserch, Narhe, Pune",0629824610,Information Technology,SC,Ladies,State,I,99061,62.7875345
2024,3,06298,"Zeal Education Society's Zeal College of Engineering & Reserch, Narhe, Pune",0629824610,Information Technology,VJ,Ladies,State,I,43453,85.1704164
2024,3,06298,"Zeal Education Society's Zeal College of Engineering & Reserch, Narhe, Pune",0629824610,Information Technology,NT1,Ladies,State,I,57565,80.003358
2024,3,06298,"Zeal Education Society's Zeal College of Engineering & Reserch, Narhe, Pune",0629824610,Information Technology,NT3,Ladies,State,I,42530,85.4082122
2024,3,06298,"Zeal Education Society's Zeal College of Engineering & Reserch, Narhe, Pune",0629824610,Information Technology,OBC,Ladies,State,I,70480,74.9709109
2024,3,06298,"Zeal Education Society's Zeal College of Engineering & Reserch, Narhe, Pune",0629824610,Information Technology,OPEN,PWD,State,I,22690,92.4283175
2024,3,06298,"Zeal Education Society's Zeal College of Engineering & Reserch, Narhe, Pune",0629824610,Information Technology,OPEN,Defence,State,I,83461,69.627936
2024,3,06298,"Zeal Education Society's Zeal College of Engineering & Reserch, Narhe, Pune",0629824610,Information Technology,OPEN,TFWS,State,I,57781,79.9360013
2024,3,06298,"Zeal Education Society's Zeal College of Engineering & Reserch, Narhe, Pune",0629829310,Electrical Engineering,OPEN,General,State,I,75769,72.8176141
2024,3,06298,"Zeal Education Society's Zeal College of Engineering & Reserch, Narhe, Pune",0629829310,Electrical Engineering,SC,General,State,I,86663,68.0717863
2024,3,06298,"Zeal Education Society's Zeal College of Engineering & Reserch, Narhe, Pune",0629829310,Electrical Engineering,ST,General,State,I,77204,72.1467831
2024,3,06298,"Zeal Education Society's Zeal College of Engineering & Reserch, Narhe, Pune",0629829310,Electrical Engineering,NT1,General,State,I,84741,68.9053056
2024,3,06298,"Zeal Education Society's Zeal College of Engineering & Reserch, Narhe, Pune",0629829310,Electrical Engineering,OBC,General,State,I,90325,66.1855163
2024,3,06298,"Zeal Education Society's Zeal College of Engineering & Reserch, Narhe, Pune",0629829310,Electrical Engineering,SEBC,General,State,I,75523,72.8411223
2024,3,06298,"Zeal Education Society's Zeal College of Engineering & Reserch, Narhe, Pune",0629829310,Electrical Engineering,OPEN,Ladies,State,I,120484,50.8618056
2024,3,06298,"Zeal Education Society's Zeal College of Engineering & Reserch, Narhe, Pune",0629829310,Electrical Engineering,SC,Ladies,State,I,126592,47.0113809
2024,3,06298,"Zeal Education Society's Zeal College of Engineering & Reserch, Narhe, Pune",0629829310,Electrical Engineering,ST,Ladies,State,I,77836,71.7682877
2024,3,06298,"Zeal Education Society's Zeal College of Engineering & Reserch, Narhe, Pune",0629829310,Electrical Engineering,VJ,Ladies,State,I,142511,36.2134011
2024,3,06298,"Zeal Education Society's Zeal College of Engineering & Reserch, Narhe, Pune",0629829310,Electrical Engineering,SEBC,Ladies,State,I,79441,71.353144
2024,3,06298,"Zeal Education Society's Zeal College of Engineering & Reserch, Narhe, Pune",0629829310,Electrical Engineering,OPEN,PWD,State,I,164656,18.1287777
2024,3,06298,"Zeal Education Society's Zeal College of Engineering & Reserch, Narhe, Pune",0629837210,Electronics and Telecommunication Engg,OPEN,General,State,I,47482,83.639399
2024,3,06298,"Zeal Education Society's Zeal College of Engineering & Reserch, Narhe, Pune",0629837210,Electronics and Telecommunication Engg,SC,General,State,I,85580,68.4737144
2024,3,06298,"Zeal Education Society's Zeal College of Engineering & Reserch, Narhe, Pune",0629837210,Electronics and Telecommunication Engg,ST,General,State,I,61898,78.2152555
2024,3,06298,"Zeal Education Society's Zeal College of Engineering & Reserch, Narhe, Pune",0629837210,Electronics and Telecommunication Engg,NT2,General,State,I,51447,82.1878954
2024,3,06298,"Zeal Education Society's Zeal College of Engineering & Reserch, Narhe, Pune",0629837210,Electronics and Telecommunication Engg,OBC,General,State,I,48984,83.032746
2024,3,06298,"Zeal Education Society's Zeal College of Engineering & Reserch, Narhe, Pune",0629837210,Electronics and Telecommunication Engg,SEBC,General,State,I,51836,82.0158422
2024,3,06298,"Zeal Education Society's Zeal College of Engineering & Reserch, Narhe, Pune",0629837210,Electronics and Telecommunication Engg,OPEN,Ladies,State,I,85280,68.4785771
2024,3,06298,"Zeal Education Society's Zeal College of Engineering & Reserch, Narhe, Pune",0629837210,Electronics and Telecommunication Engg,SC,Ladies,State,I,58385,79.6526596
2024,3,06298,"Zeal Education Society's Zeal College of Engineering & Reserch, Narhe, Pune",0629837210,Electronics and Telecommunication Engg,ST,Ladies,State,I,95924,63.5258359
2024,3,06298,"Zeal Education Society's Zeal College of Engineering & Reserch, Narhe, Pune",0629837210,Electronics and Telecommunication Engg,OPEN,General,State,I,95910,63.5258359
2024,3,06298,"Zeal Education Society's Zeal College of Engineering & Reserch, Narhe, Pune",0629861210,Mechanical Engineering,OPEN,General,State,I,93709,65.0377535
2024,3,06298,"Zeal Education Society's Zeal College of Engineering & Reserch, Narhe, Pune",0629861210,Mechanical Engineering,ST,General,State,I,99250,62.7216425
2024,3,06298,"Zeal Education Society's Zeal College of Engineering & Reserch, Narhe, Pune",0629861210,Mechanical Engineering,NT2,General,State,I,108402,57.2537563
2024,3,06298,"Zeal Education Society's Zeal College of Engineering & Reserch, Narhe, Pune",0629861210,Mechanical Engineering,OBC,General,State,I,94862,63.9612515
2024,3,06298,"Zeal Education Society's Zeal College of Engineering & Reserch, Narhe, Pune",0629861210,Mechanical Engineering,SEBC,General,State,I,88888,67.0458361
2024,3,06298,"Zeal Education Society's Zeal College of Engineering & Reserch, Narhe, Pune",0629861210,Mechanical Engineering,OPEN,Ladies,State,I,95960,63.5258359
2024,3,06298,"Zeal Education Society's Zeal College of Engineering & Reserch, Narhe, Pune",0629861210,Mechanical Engineering,ST,Ladies,State,I,104388,60.0743746
2024,3,06298,"Zeal Education Society's Zeal College of Engineering & Reserch, Narhe, Pune",0629861210,Mechanical Engineering,NT2,Ladies,State,I,82931,69.7639628
2024,3,06298,"Zeal Education Society's Zeal College of Engineering & Reserch, Narhe, Pune",0629884410,Electronics and Computer Engineering,OPEN,General,State,I,56789,80.2743712
2024,3,06298,"Zeal Education Society's Zeal College of Engineering & Reserch, Narhe, Pune",0629884410,Electronics and Computer Engineering,OBC,General,State,I,63524,77.820685
2024,3,06298,"Zeal Education Society's Zeal College of Engineering & Reserch, Narhe, Pune",0629884410,Electronics and Computer Engineering,SEBC,General,State,I,58402,79.6526596
2024,3,06298,"Zeal Education Society's Zeal College of Engineering & Reserch, Narhe, Pune",0629884410,Electronics and Computer Engineering,OPEN,Ladies,State,I,52109,81.934184
2024,3,06298,"Zeal Education Society's Zeal College of Engineering & Reserch, Narhe, Pune",0629884410,Electronics and Computer Engineering,SC,Ladies,State,I,85227,68.4785771
2024,3,06298,"Zeal Education Society's Zeal College of Engineering & Reserch, Narhe, Pune",0629884410,Electronics and Computer Engineering,ST,Ladies,State,I,54191,81.2928705
2024,3,06298,"Zeal Education Society's Zeal College of Engineering & Reserch, Narhe, Pune",0629884410,Electronics and Computer Engineering,OBC,Ladies,State,I,47017,83.7447544
2024,3,06298,"Zeal Education Society's Zeal College of Engineering & Reserch, Narhe, Pune",0629884410,Electronics and Computer Engineering,OBC,PWD,State,I,141458,37.2130338
2024,3,06298,"Zeal Education Society's Zeal College of Engineering & Reserch, Narhe, Pune",0629884410,Electronics and Computer Engineering,OBC,Defence,State,I,104928,59.9791975
2024,3,06298,"Zeal Education Society's Zeal College of Engineering & Reserch, Narhe, Pune",0629892110,Artificial Intelligence and Machine Learning,OPEN,General,State,I,45446,84.4941393
2024,3,06298,"Zeal Education Society's Zeal College of Engineering & Reserch, Narhe, Pune",0629892110,Artificial Intelligence and Machine Learning,SC,General,State,I,68973,75.3591206
2024,3,06298,"Zeal Education Society's Zeal College of Engineering & Reserch, Narhe, Pune",0629892110,Artificial Intelligence and Machine Learning,ST,General,State,I,62695,77.8445199
2024,3,06298,"Zeal Education Society's Zeal College of Engineering & Reserch, Narhe, Pune",0629892110,Artificial Intelligence and Machine Learning,VJ,General,State,I,51335,82.1878954
2024,3,06298,"Zeal Education Society's Zeal College of Engineering & Reserch, Narhe, Pune",0629892110,Artificial Intelligence and Machine Learning,NT2,General,State,I,46710,83.8465891
2024,3,06298,"Zeal Education Society's Zeal College of Engineering & Reserch, Narhe, Pune",0629892110,Artificial Intelligence and Machine Learning,OBC,General,State,I,45484,84.3938885
2024,3,06298,"Zeal Education Society's Zeal College of Engineering & Reserch, Narhe, Pune",0629892110,Artificial Intelligence and Machine Learning,SEBC,General,State,I,38985,86.7801974
2024,3,06298,"Zeal Education Society's Zeal College of Engineering & Reserch, Narhe, Pune",0629892110,Artificial Intelligence and Machine Learning,OPEN,Ladies,State,I,77311,72.1467831
2024,3,06298,"Zeal Education Society's Zeal College of Engineering & Reserch, Narhe, Pune",0629892110,Artificial Intelligence and Machine Learning,SC,Ladies,State,I,45374,84.4941393
2024,3,06298,"Zeal Education Society's Zeal College of Engineering & Reserch, Narhe, Pune",0629892110,Artificial Intelligence and Machine Learning,ST,Ladies,State,I,85129,68.7156482
2024,3,06298,"Zeal Education Society's Zeal College of Engineering & Reserch, Narhe, Pune",0629892110,Artificial Intelligence and Machine Learning,OBC,Ladies,State,I,38612,86.8244074
2024,3,06298,"Zeal Education Society's Zeal College of Engineering & Reserch, Narhe, Pune",0629892110,Artificial Intelligence and Machine Learning,OPEN,PWD,State,I,85682,68.4737144
2024,3,06298,"Zeal Education Society's Zeal College of Engineering & Reserch, Narhe, Pune",0629899510,Artificial Intelligence and Data Science,OPEN,General,State,I,42728,85.3426422
2024,3,06298,"Zeal Education Society's Zeal College of Engineering & Reserch, Narhe, Pune",0629899510,Artificial Intelligence and Data Science,SC,General,State,I,60818,78.9120215
2024,3,06298,"Zeal Education Society's Zeal College of Engineering & Reserch, Narhe, Pune",0629899510,Artificial Intelligence and Data Science,ST,General,State,I,47770,83.5806009
2024,3,06298,"Zeal Education Society's Zeal College of Engineering & Reserch, Narhe, Pune",0629899510,Artificial Intelligence and Data Science,NT2,General,State,I,43717,85.0743746
2024,3,06298,"Zeal Education Society's Zeal College of Engineering & Reserch, Narhe, Pune",0629899510,Artificial Intelligence and Data Science,OBC,General,State,I,43615,85.0982359
2024,3,06298,"Zeal Education Society's Zeal College of Engineering & Reserch, Narhe, Pune",0629899510,Artificial Intelligence and Data Science,OPEN,Ladies,State,I,71195,74.5088207
2024,3,06298,"Zeal Education Society's Zeal College of Engineering & Reserch, Narhe, Pune",0629899510,Artificial Intelligence and Data Science,SC,Ladies,State,I,81390,70.4817329
2024,3,06298,"Zeal Education Society's Zeal College of Engineering & Reserch, Narhe, Pune",0629899510,Artificial Intelligence and Data Science,VJ,Ladies,State,I,43692,85.0743746
2024,3,06298,"Zeal Education Society's Zeal College of Engineering & Reserch, Narhe, Pune",0629899510,Artificial Intelligence and Data Science,OBC,Ladies,State,I,66739,76.4789025
2024,3,06298,"Zeal Education Society's Zeal College of Engineering & Reserch, Narhe, Pune",0629899510,Artificial Intelligence and Data Science,OPEN,PWD,State,I,36820,87.4969245
2024,3,06298,"Zeal Education Society's Zeal College of Engineering & Reserch, Narhe, Pune",0629899510,Artificial Intelligence and Data Science,OPEN,Defence,State,I,63652,77.7634641
2024,3,06303,"Dr. Ashok Gujar Technical Institute's Dr. Daulatrao Aher College of Engineering, Karad",0630324210,Computer Science and Engineering,OPEN,General,Other,I,91207,65.8812284
2024,3,06303,"Dr. Ashok Gujar Technical Institute's Dr. Daulatrao Aher College of Engineering, Karad",0630324210,Computer Science and Engineering,OBC,General,Other,I,105122,59.8892661
2024,3,06303,"Dr. Ashok Gujar Technical Institute's Dr. Daulatrao Aher College of Engineering, Karad",0630324210,Computer Science and Engineering,OPEN,Ladies,Other,I,80283,70.8722936
2024,3,06303,"Dr. Ashok Gujar Technical Institute's Dr. Daulatrao Aher College of Engineering, Karad",0630337210,Electronics and Telecommunication Engg,OPEN,General,Other,I,129834,44.8929536
2024,3,06303,"Dr. Ashok Gujar Technical Institute's Dr. Daulatrao Aher College of Engineering, Karad",0630337210,Electronics and Telecommunication Engg,SC,General,Other,I,139774,38.5392182
2024,3,06303,"Dr. Ashok Gujar Technical Institute's Dr. Daulatrao Aher College of Engineering, Karad",0630337210,Electronics and Telecommunication Engg,OBC,General,Other,I,85604,68.4737144
2024,3,06303,"Dr. Ashok Gujar Technical Institute's Dr. Daulatrao Aher College of Engineering, Karad",0630337210,Electronics and Telecommunication Engg,OPEN,General,Other,I,84348,69.2652564
2024,3,06303,"Dr. Ashok Gujar Technical Institute's Dr. Daulatrao Aher College of Engineering, Karad",0630361210,Mechanical Engineering,OBC,General,Other,II,121141,50.6004122
2024,3,06303,"Dr. Ashok Gujar Technical Institute's Dr. Daulatrao Aher College of Engineering, Karad",0630399510,Artificial Intelligence and Data Science,OPEN,General,Other,I,121833,50.0353239
2024,3,06303,"Dr. Ashok Gujar Technical Institute's Dr. Daulatrao Aher College of Engineering, Karad",0630399510,Artificial Intelligence and Data Science,OBC,General,Other,I,128749,45.5784574
2024,3,06303,"Dr. Ashok Gujar Technical Institute's Dr. Daulatrao Aher College of Engineering, Karad",0630399510,Artificial Intelligence and Data Science,OPEN,Ladies,Other,I,128584,45.5784574
2024,3,06303,"Dr. Ashok Gujar Technical Institute's Dr. Daulatrao Aher College of Engineering, Karad",0630399510,Artificial Intelligence and Data Science,OPEN,General,Other,I,110866,56.5649954
2024,3,06304,"Loknete Hanumantrao Charitable Trust's Adarsh Institute of Technology and Research Centre, Vita,Sangli",0630424210,Computer Science and Engineering,OPEN,General,Other,I,118935,51.2783205
2024,3,06304,"Loknete Hanumantrao Charitable Trust's Adarsh Institute of Technology and Research Centre, Vita,Sangli",0630424210,Computer Science and Engineering,OPEN,Ladies,Other,I,29043,90.2921536
2024,3,06304,"Loknete Hanumantrao Charitable Trust's Adarsh Institute of Technology and Research Centre, Vita,Sangli",0630424210,Computer Science and Engineering,OPEN,General,Other,I,159789,22.2282247
2024,3,06304,"Loknete Hanumantrao Charitable Trust's Adarsh Institute of Technology and Research Centre, Vita,Sangli",0630424210,Computer Science and Engineering,OPEN,General,Other,I,78034,71.716606
2024,3,06307,"Dhole Patil Education Society, Dhole Patil College of Engineering, Wagholi, Tal. Haveli",0630724510,Computer Engineering,OPEN,General,Other,I,37083,87.4463921
2024,3,06307,"Dhole Patil Education Society, Dhole Patil College of Engineering, Wagholi, Tal. Haveli",0630724510,Computer Engineering,OBC,General,Other,I,40335,86.1764583
2024,3,06307,"Dhole Patil Education Society, Dhole Patil College of Engineering, Wagholi, Tal. Haveli",0630724510,Computer Engineering,OPEN,General,Other,I,81079,70.5008347
2024,3,06307,"Dhole Patil Education Society, Dhole Patil College of Engineering, Wagholi, Tal. Haveli",0630724610,Information Technology,OPEN,General,Other,I,43895,84.886137
2024,3,06307,"Dhole Patil Education Society, Dhole Patil College of Engineering, Wagholi, Tal. Haveli",0630724610,Information Technology,OPEN,General,Other,I,20007,93.3341645
2024,3,06307,"Dhole Patil Education Society, Dhole Patil College of Engineering, Wagholi, Tal. Haveli",0630737210,Electronics and Telecommunication Engg,OPEN,General,Other,I,44967,84.5731157
2024,3,06307,"Dhole Patil Education Society, Dhole Patil College of Engineering, Wagholi, Tal. Haveli",0630737210,Electronics and Telecommunication Engg,OBC,General,Other,I,61311,78.4507504
2024,3,06307,"Dhole Patil Education Society, Dhole Patil College of Engineering, Wagholi, Tal. Haveli",0630737210,Electronics and Telecommunication Engg,OPEN,Ladies,Other,I,57210,80.0921435
2024,3,06307,"Dhole Patil Education Society, Dhole Patil College of Engineering, Wagholi, Tal. Haveli",0630737210,Electronics and Telecommunication Engg,OPEN,General,Other,I,50847,82.4751693
2024,3,06307,"Dhole Patil Education Society, Dhole Patil College of Engineering, Wagholi, Tal. Haveli",0630737210,Electronics and Telecommunication Engg,OBC,General,Other,I,131943,43.5298862
2024,3,06308,"Shanti Education Society, A.G. Patil Institute of Technology, Soregaon, Solapur(North)",0630819110,Civil Engineering,OPEN,General,Other,I,147905,32.0977394
2024,3,06308,"Shanti Education Society, A.G. Patil Institute of Technology, Soregaon, Solapur(North)",0630819110,Civil Engineering,OPEN,Ladies,Other,I,177971,2.4070689
2024,3,06308,"Shanti Education Society, A.G. Patil Institute of Technology, Soregaon, Solapur(North)",0630819110,Civil Engineering,OPEN,General,Other,I,173312,8.4810177
2024,3,06308,"Shanti Education Society, A.G. Patil Institute of Technology, Soregaon, Solapur(North)",0630861210,Mechanical Engineering,OPEN,General,Other,I,150229,30.8111882
2024,3,06308,"Shanti Education Society, A.G. Patil Institute of Technology, Soregaon, Solapur(North)",0630861210,Mechanical Engineering,SC,General,Other,I,155843,25.6482713
2024,3,06308,"Shanti Education Society, A.G. Patil Institute of Technology, Soregaon, Solapur(North)",0630861210,Mechanical Engineering,OBC,General,Other,I,171266,11.0205778
2024,3,06308,"Shanti Education Society, A.G. Patil Institute of Technology, Soregaon, Solapur(North)",0630861210,Mechanical Engineering,OPEN,Defence,State,I,173096,8.8405987
2024,3,06310,"Nutan Maharashtra Vidya Prasarak Mandal, Nutan Maharashtra Institute of Engineering &Technology, Talegaon station, Pune",0631024210,Computer Science and Engineering,OPEN,General,Other,I,22915,92.3371011
2024,3,06310,"Nutan Maharashtra Vidya Prasarak Mandal, Nutan Maharashtra Institute of Engineering &Technology, Talegaon station, Pune",0631024210,Computer Science and Engineering,SC,General,Other,I,48098,83.5073164
2024,3,06310,"Nutan Maharashtra Vidya Prasarak Mandal, Nutan Maharashtra Institute of Engineering &Technology, Talegaon station, Pune",0631024210,Computer Science and Engineering,OPEN,Ladies,Other,I,27570,90.7979989
2024,3,06310,"Nutan Maharashtra Vidya Prasarak Mandal, Nutan Maharashtra Institute of Engineering &Technology, Talegaon station, Pune",0631024210,Computer Science and Engineering,OPEN,General,Other,I,7206,97.5948623
2024,3,06310,"Nutan Maharashtra Vidya Prasarak Mandal, Nutan Maharashtra Institute of Engineering &Technology, Talegaon station, Pune",0631024210,Computer Science and Engineering,SC,General,Other,I,56487,80.4298831
2024,3,06310,"Nutan Maharashtra Vidya Prasarak Mandal, Nutan Maharashtra Institute of Engineering &Technology, Talegaon station, Pune",0631024510,Computer Engineering,OPEN,General,Other,I,21960,92.7090329
2024,3,06310,"Nutan Maharashtra Vidya Prasarak Mandal, Nutan Maharashtra Institute of Engineering &Technology, Talegaon station, Pune",0631024510,Computer Engineering,OBC,General,Other,I,22297,92.5934223
2024,3,06310,"Nutan Maharashtra Vidya Prasarak Mandal, Nutan Maharashtra Institute of Engineering &Technology, Talegaon station, Pune",0631024510,Computer Engineering,OPEN,General,Other,I,52120,81.934184
2024,3,06310,"Nutan Maharashtra Vidya Prasarak Mandal, Nutan Maharashtra Institute of Engineering &Technology, Talegaon station, Pune",0631037210,Electronics and Telecommunication Engg,OPEN,General,Other,I,33896,88.553941
2024,3,06310,"Nutan Maharashtra Vidya Prasarak Mandal, Nutan Maharashtra Institute of Engineering &Technology, Talegaon station, Pune",0631037210,Electronics and Telecommunication Engg,SC,General,Other,I,65807,76.7300255
2024,3,06310,"Nutan Maharashtra Vidya Prasarak Mandal, Nutan Maharashtra Institute of Engineering &Technology, Talegaon station, Pune",0631037210,Electronics and Telecommunication Engg,OPEN,Ladies,Other,I,35958,87.8945473
2024,3,06310,"Nutan Maharashtra Vidya Prasarak Mandal, Nutan Maharashtra Institute of Engineering &Technology, Talegaon station, Pune",0631037210,Electronics and Telecommunication Engg,OPEN,TFWS,State,I,26324,91.2379211
2024,3,06310,"Nutan Maharashtra Vidya Prasarak Mandal, Nutan Maharashtra Institute of Engineering &Technology, Talegaon station, Pune",0631037210,Electronics and Telecommunication Engg,EWS,General,State,I,71379,74.4421543
2024,3,06310,"Nutan Maharashtra Vidya Prasarak Mandal, Nutan Maharashtra Institute of Engineering &Technology, Talegaon station, Pune",0631091310,Computer Science and Engineering (Artificial Intelligence),OPEN,General,Other,I,29192,90.1648893
2024,3,06310,"Nutan Maharashtra Vidya Prasarak Mandal, Nutan Maharashtra Institute of Engineering &Technology, Talegaon station, Pune",0631091310,Computer Science and Engineering (Artificial Intelligence),OPEN,General,Other,I,78504,71.7115
2024,3,06310,"Nutan Maharashtra Vidya Prasarak Mandal, Nutan Maharashtra Institute of Engineering &Technology, Talegaon station, Pune",0631099510,Artificial Intelligence and Data Science,SC,General,Other,I,57423,80.0615027
2024,3,06310,"Nutan Maharashtra Vidya Prasarak Mandal, Nutan Maharashtra Institute of Engineering &Technology, Talegaon station, Pune",0631099510,Artificial Intelligence and Data Science,SC,General,Other,I,67481,76.1358545
2024,3,06311,"Jayawant Shikshan Prasarak Mandal, Bhivarabai Sawant Institute of Technology & Research, Wagholi",0631124510,Computer Engineering,OPEN,General,Other,I,26396,91.2367752
2024,3,06311,"Jayawant Shikshan Prasarak Mandal, Bhivarabai Sawant Institute of Technology & Research, Wagholi",0631124510,Computer Engineering,SC,General,Other,I,42640,85.3822102
2024,3,06311,"Jayawant Shikshan Prasarak Mandal, Bhivarabai Sawant Institute of Technology & Research, Wagholi",0631124510,Computer Engineering,OPEN,General,Other,I,68852,75.5247196
2024,3,06311,"Jayawant Shikshan Prasarak Mandal, Bhivarabai Sawant Institute of Technology & Research, Wagholi",0631124510,Computer Engineering,SC,General,Other,I,53781,81.3894523
2024,3,06311,"Jayawant Shikshan Prasarak Mandal, Bhivarabai Sawant Institute of Technology & Research, Wagholi",0631124610,Information Technology,OPEN,General,Other,I,27836,90.6756878
2024,3,06311,"Jayawant Shikshan Prasarak Mandal, Bhivarabai Sawant Institute of Technology & Research, Wagholi",0631124610,Information Technology,SC,General,Other,I,51608,82.1766955
2024,3,06311,"Jayawant Shikshan Prasarak Mandal, Bhivarabai Sawant Institute of Technology & Research, Wagholi",0631124610,Information Technology,OBC,General,Other,I,33196,88.7742666
2024,3,06311,"Jayawant Shikshan Prasarak Mandal, Bhivarabai Sawant Institute of Technology & Research, Wagholi",0631124610,Information Technology,OPEN,Ladies,Other,I,33414,88.6997043
2024,3,06311,"Jayawant Shikshan Prasarak Mandal, Bhivarabai Sawant Institute of Technology & Research, Wagholi",0631124610,Information Technology,OPEN,General,Other,I,17940,94.0591659
2024,3,06311,"Jayawant Shikshan Prasarak Mandal, Bhivarabai Sawant Institute of Technology & Research, Wagholi",0631124610,Information Technology,SC,General,Other,I,58464,79.5290328
2024,3,06311,"Jayawant Shikshan Prasarak Mandal, Bhivarabai Sawant Institute of Technology & Research, Wagholi",0631129310,Electrical Engineering,OPEN,General,Other,I,62716,77.8445199
2024,3,06311,"Jayawant Shikshan Prasarak Mandal, Bhivarabai Sawant Institute of Technology & Research, Wagholi",0631129310,Electrical Engineering,OPEN,Defence,State,I,169069,13.5903735
2024,3,06311,"Jayawant Shikshan Prasarak Mandal, Bhivarabai Sawant Institute of Technology & Research, Wagholi",0631129310,Electrical Engineering,OBC,Defence,State,I,167432,15.201762
2024,3,06311,"Jayawant Shikshan Prasarak Mandal, Bhivarabai Sawant Institute of Technology & Research, Wagholi",0631137210,Electronics and Telecommunication Engg,OPEN,General,Other,I,36676,87.5005698
2024,3,06311,"Jayawant Shikshan Prasarak Mandal, Bhivarabai Sawant Institute of Technology & Research, Wagholi",0631137210,Electronics and Telecommunication Engg,SC,General,Other,I,52201,81.934184
2024,3,06311,"Jayawant Shikshan Prasarak Mandal, Bhivarabai Sawant Institute of Technology & Research, Wagholi",0631137210,Electronics and Telecommunication Engg,OPEN,Ladies,Other,I,38556,86.8553381
2024,3,06311,"Jayawant Shikshan Prasarak Mandal, Bhivarabai Sawant Institute of Technology & Research, Wagholi",0631137210,Electronics and Telecommunication Engg,OPEN,General,Other,I,37087,87.4463921
2024,3,06311,"Jayawant Shikshan Prasarak Mandal, Bhivarabai Sawant Institute of Technology & Research, Wagholi",0631161210,Mechanical Engineering,OPEN,General,Other,I,75680,72.8176141
2024,3,06311,"Jayawant Shikshan Prasarak Mandal, Bhivarabai Sawant Institute of Technology & Research, Wagholi",0631161210,Mechanical Engineering,OBC,General,Other,I,126813,46.5102928
2024,3,06311,"Jayawant Shikshan Prasarak Mandal, Bhivarabai Sawant Institute of Technology & Research, Wagholi",0631161210,Mechanical Engineering,OPEN,General,Other,I,105020,59.8892661
2024,3,06313,"Jaywant College of Engineering & Polytechnic , Kille Macchindragad Tal. Walva District- Sangali",0631324510,Computer Engineering,OPEN,General,Other,I,75176,73.112247
2024,3,06313,"Jaywant College of Engineering & Polytechnic , Kille Macchindragad Tal. Walva District- Sangali",0631324510,Computer Engineering,OBC,General,Other,I,166668,15.9803473
2024,3,06313,"Jaywant College of Engineering & Polytechnic , Kille Macchindragad Tal. Walva District- Sangali",0631324510,Computer Engineering,OPEN,Ladies,Other,I,151045,29.6395567
2024,3,06313,"Jaywant College of Engineering & Polytechnic , Kille Macchindragad Tal. Walva District- Sangali",0631324510,Computer Engineering,OPEN,General,Other,I,135629,41.0394031
2024,3,06315,Sanjeevan Group of Institutions,0631524210,Computer Science and Engineering,OPEN,General,Other,I,112100,55.2318816
2024,3,06315,Sanjeevan Group of Institutions,0631524210,Computer Science and Engineering,OBC,General,Other,I,163006,19.2570952
2024,3,06315,Sanjeevan Group of Institutions,0631524210,Computer Science and Engineering,OPEN,General,Other,I,158499,23.9454765
2024,3,06317,"Sharad Institute of Technology College of Engineering, Yadrav(Ichalkaranji)",0631719110,Civil Engineering,SC,General,State,I,175012,6.2795808
2024,3,06317,"Sharad Institute of Technology College of Engineering, Yadrav(Ichalkaranji)",0631719110,Civil Engineering,ST,General,State,I,145594,34.2191386
2024,3,06317,"Sharad Institute of Technology College of Engineering, Yadrav(Ichalkaranji)",0631719110,Civil Engineering,OBC,General,State,I,158239,24.0053974
2024,3,06317,"Sharad Institute of Technology College of Engineering, Yadrav(Ichalkaranji)",0631719110,Civil Engineering,SEBC,General,State,I,142468,36.2134011
2024,3,06317,"Sharad Institute of Technology College of Engineering, Yadrav(Ichalkaranji)",0631724210,Computer Science and Engineering,OPEN,General,State,I,54693,81.0485225
2024,3,06317,"Sharad Institute of Technology College of Engineering, Yadrav(Ichalkaranji)",0631724210,Computer Science and Engineering,ST,General,State,I,89359,66.8505265
2024,3,06317,"Sharad Institute of Technology College of Engineering, Yadrav(Ichalkaranji)",0631724210,Computer Science and Engineering,VJ,General,State,I,77062,72.2338818
2024,3,06317,"Sharad Institute of Technology College of Engineering, Yadrav(Ichalkaranji)",0631724210,Computer Science and Engineering,NT3,General,State,I,65590,76.7776254
2024,3,06317,"Sharad Institute of Technology College of Engineering, Yadrav(Ichalkaranji)",0631724210,Computer Science and Engineering,OBC,General,State,I,52304,81.8420405
2024,3,06317,"Sharad Institute of Technology College of Engineering, Yadrav(Ichalkaranji)",0631724210,Computer Science and Engineering,OPEN,Ladies,State,I,90738,65.9366282
2024,3,06317,"Sharad Institute of Technology College of Engineering, Yadrav(Ichalkaranji)",0631724210,Computer Science and Engineering,OBC,Ladies,State,I,73730,73.5848302
2024,3,06317,"Sharad Institute of Technology College of Engineering, Yadrav(Ichalkaranji)",0631729310,Electrical Engineering,OPEN,General,State,I,93083,65.2878345
2024,3,06317,"Sharad Institute of Technology College of Engineering, Yadrav(Ichalkaranji)",0631729310,Electrical Engineering,SC,General,State,I,135698,41.0394031
2024,3,06317,"Sharad Institute of Technology College of Engineering, Yadrav(Ichalkaranji)",0631729310,Electrical Engineering,OBC,General,State,I,103627,60.1504384
2024,3,06317,"Sharad Institute of Technology College of Engineering, Yadrav(Ichalkaranji)",0631729310,Electrical Engineering,OPEN,Ladies,State,I,101115,60.6237408
2024,3,06317,"Sharad Institute of Technology College of Engineering, Yadrav(Ichalkaranji)",0631729310,Electrical Engineering,EWS,General,State,I,93718,65.0377535
2024,3,06317,"Sharad Institute of Technology College of Engineering, Yadrav(Ichalkaranji)",0631761210,Mechanical Engineering,OPEN,General,State,I,113024,54.7526673
2024,3,06317,"Sharad Institute of Technology College of Engineering, Yadrav(Ichalkaranji)",0631761210,Mechanical Engineering,SC,General,State,I,172939,8.946165
2024,3,06317,"Sharad Institute of Technology College of Engineering, Yadrav(Ichalkaranji)",0631761210,Mechanical Engineering,ST,General,State,I,169152,13.2387508
2024,3,06317,"Sharad Institute of Technology College of Engineering, Yadrav(Ichalkaranji)",0631761210,Mechanical Engineering,NT1,General,State,I,133071,42.8773305
2024,3,06317,"Sharad Institute of Technology College of Engineering, Yadrav(Ichalkaranji)",0631761210,Mechanical Engineering,NT2,General,State,I,166799,15.6816655
2024,3,06317,"Sharad Institute of Technology College of Engineering, Yadrav(Ichalkaranji)",0631761210,Mechanical Engineering,OBC,General,State,I,114812,54.0550229
2024,3,06317,"Sharad Institute of Technology College of Engineering, Yadrav(Ichalkaranji)",0631761210,Mechanical Engineering,OPEN,Ladies,State,I,156302,25.5139718
2024,3,06317,"Sharad Institute of Technology College of Engineering, Yadrav(Ichalkaranji)",0631761210,Mechanical Engineering,OBC,Ladies,State,I,141766,36.9291471
2024,3,06317,"Sharad Institute of Technology College of Engineering, Yadrav(Ichalkaranji)",0631762410,Mechatronics Engineering,OPEN,General,State,I,97955,62.8733646
2024,3,06317,"Sharad Institute of Technology College of Engineering, Yadrav(Ichalkaranji)",0631762410,Mechatronics Engineering,OBC,General,State,I,169154,13.2387508
2024,3,06317,"Sharad Institute of Technology College of Engineering, Yadrav(Ichalkaranji)",0631762410,Mechatronics Engineering,SEBC,General,State,I,112481,55.1151268
2024,3,06317,"Sharad Institute of Technology College of Engineering, Yadrav(Ichalkaranji)",0631762410,Mechatronics Engineering,OPEN,Ladies,State,I,84707,69.0659616
2024,3,06317,"Sharad Institute of Technology College of Engineering, Yadrav(Ichalkaranji)",0631762410,Mechatronics Engineering,OBC,Ladies,State,I,164457,18.1477824
2024,3,06317,"Sharad Institute of Technology College of Engineering, Yadrav(Ichalkaranji)",0631784410,Electronics and Computer Engineering,OPEN,General,State,I,83677,69.4683908
2024,3,06317,"Sharad Institute of Technology College of Engineering, Yadrav(Ichalkaranji)",0631784410,Electronics and Computer Engineering,OBC,General,State,I,119643,51.1396363
2024,3,06317,"Sharad Institute of Technology College of Engineering, Yadrav(Ichalkaranji)",0631784410,Electronics and Computer Engineering,SEBC,General,State,I,94346,64.6500162
2024,3,06317,"Sharad Institute of Technology College of Engineering, Yadrav(Ichalkaranji)",0631784410,Electronics and Computer Engineering,OBC,Ladies,State,I,95021,63.9612515
2024,3,06317,"Sharad Institute of Technology College of Engineering, Yadrav(Ichalkaranji)",0631784410,Electronics and Computer Engineering,SEBC,Ladies,State,I,94266,64.6500162
2024,3,06317,"Sharad Institute of Technology College of Engineering, Yadrav(Ichalkaranji)",0631791610,Automation and Robotics,OPEN,General,State,I,92788,65.3627105
2024,3,06317,"Sharad Institute of Technology College of Engineering, Yadrav(Ichalkaranji)",0631791610,Automation and Robotics,SC,General,State,I,130177,44.5064233
2024,3,06317,"Sharad Institute of Technology College of Engineering, Yadrav(Ichalkaranji)",0631791610,Automation and Robotics,ST,General,State,I,163523,18.7034184
2024,3,06317,"Sharad Institute of Technology College of Engineering, Yadrav(Ichalkaranji)",0631791610,Automation and Robotics,VJ,General,State,I,94529,64.4664266
2024,3,06317,"Sharad Institute of Technology College of Engineering, Yadrav(Ichalkaranji)",0631791610,Automation and Robotics,NT3,General,State,I,92176,65.5460439
2024,3,06317,"Sharad Institute of Technology College of Engineering, Yadrav(Ichalkaranji)",0631791610,Automation and Robotics,OBC,General,State,I,121355,50.6004122
2024,3,06317,"Sharad Institute of Technology College of Engineering, Yadrav(Ichalkaranji)",0631791610,Automation and Robotics,SEBC,General,State,I,86627,68.0717863
2024,3,06317,"Sharad Institute of Technology College of Engineering, Yadrav(Ichalkaranji)",0631799510,Artificial Intelligence and Data Science,ST,General,State,I,73228,73.7956676
2024,3,06317,"Sharad Institute of Technology College of Engineering, Yadrav(Ichalkaranji)",0631799510,Artificial Intelligence and Data Science,OBC,General,State,I,134501,42.2200941
2024,3,06319,"Shahajirao Patil Vikas Pratishthan, S.B.Patil College of Engineering, Vangali, Tal. Indapur",0631919110,Civil Engineering,OPEN,General,Other,I,148844,31.4286926
2024,3,06319,"Shahajirao Patil Vikas Pratishthan, S.B.Patil College of Engineering, Vangali, Tal. Indapur",0631919110,Civil Engineering,OBC,General,Other,I,162067,20.7289199
2024,3,06319,"Shahajirao Patil Vikas Pratishthan, S.B.Patil College of Engineering, Vangali, Tal. Indapur",0631919110,Civil Engineering,OPEN,Ladies,Other,I,133846,42.2216419
2024,3,06319,"Shahajirao Patil Vikas Pratishthan, S.B.Patil College of Engineering, Vangali, Tal. Indapur",0631919110,Civil Engineering,OPEN,General,Other,I,150122,30.8566205
2024,3,06319,"Shahajirao Patil Vikas Pratishthan, S.B.Patil College of Engineering, Vangali, Tal. Indapur",0631919110,Civil Engineering,OPEN,General,Other,I,123588,48.777949
2024,3,06319,"Shahajirao Patil Vikas Pratishthan, S.B.Patil College of Engineering, Vangali, Tal. Indapur",0631924510,Computer Engineering,OPEN,General,Other,I,55722,80.6344635
2024,3,06319,"Shahajirao Patil Vikas Pratishthan, S.B.Patil College of Engineering, Vangali, Tal. Indapur",0631924510,Computer Engineering,OPEN,Defence,State,I,127888,46.3188381
2024,3,06319,"Shahajirao Patil Vikas Pratishthan, S.B.Patil College of Engineering, Vangali, Tal. Indapur",0631924510,Computer Engineering,OPEN,TFWS,State,I,50104,82.7099252
2024,3,06319,"Shahajirao Patil Vikas Pratishthan, S.B.Patil College of Engineering, Vangali, Tal. Indapur",0631924510,Computer Engineering,OPEN,Orphan,State,I,176399,4.7766958
2024,3,06319,"Shahajirao Patil Vikas Pratishthan, S.B.Patil College of Engineering, Vangali, Tal. Indapur",0631924610,Information Technology,OPEN,General,Other,I,50978,82.4751693
2024,3,06319,"Shahajirao Patil Vikas Pratishthan, S.B.Patil College of Engineering, Vangali, Tal. Indapur",0631924610,Information Technology,SC,General,Other,I,85732,68.4737144
2024,3,06319,"Shahajirao Patil Vikas Pratishthan, S.B.Patil College of Engineering, Vangali, Tal. Indapur",0631929310,Electrical Engineering,OPEN,General,Other,I,107549,57.414259
2024,3,06319,"Shahajirao Patil Vikas Pratishthan, S.B.Patil College of Engineering, Vangali, Tal. Indapur",0631929310,Electrical Engineering,OPEN,Ladies,Other,I,113960,54.1800379
2024,3,06319,"Shahajirao Patil Vikas Pratishthan, S.B.Patil College of Engineering, Vangali, Tal. Indapur",0631929310,Electrical Engineering,OPEN,Defence,State,I,119413,51.2170385
2024,3,06319,"Shahajirao Patil Vikas Pratishthan, S.B.Patil College of Engineering, Vangali, Tal. Indapur",0631937210,Electronics and Telecommunication Engg,OPEN,General,Other,I,91123,65.8812284
2024,3,06319,"Shahajirao Patil Vikas Pratishthan, S.B.Patil College of Engineering, Vangali, Tal. Indapur",0631937210,Electronics and Telecommunication Engg,SC,General,Other,I,127434,46.3657898
2024,3,06320,"K.J.'s Educational Institute's K.J.College of Engineering & Management Research, Pisoli",0632019110,Civil Engineering,OPEN,General,Other,I,139574,38.7773761
2024,3,06320,"K.J.'s Educational Institute's K.J.College of Engineering & Management Research, Pisoli",0632019110,Civil Engineering,OPEN,Ladies,Other,I,169382,13.0626183
2024,3,06320,"K.J.'s Educational Institute's K.J.College of Engineering & Management Research, Pisoli",0632019110,Civil Engineering,OPEN,General,Other,II,146001,33.6953839
2024,3,06320,"K.J.'s Educational Institute's K.J.College of Engineering & Management Research, Pisoli",0632024510,Computer Engineering,OPEN,General,Other,I,50187,82.7090241
2024,3,06320,"K.J.'s Educational Institute's K.J.College of Engineering & Management Research, Pisoli",0632024510,Computer Engineering,SC,General,Other,I,80629,70.6178643
2024,3,06320,"K.J.'s Educational Institute's K.J.College of Engineering & Management Research, Pisoli",0632024510,Computer Engineering,OBC,General,Other,I,54468,81.1614491
2024,3,06320,"K.J.'s Educational Institute's K.J.College of Engineering & Management Research, Pisoli",0632024510,Computer Engineering,OPEN,Ladies,Other,I,55922,80.5929134
2024,3,06320,"K.J.'s Educational Institute's K.J.College of Engineering & Management Research, Pisoli",0632024510,Computer Engineering,OPEN,TFWS,State,I,48063,83.5369475
2024,3,06320,"K.J.'s Educational Institute's K.J.College of Engineering & Management Research, Pisoli",0632024510,Computer Engineering,EWS,General,State,I,90458,66.0164943
2024,3,06320,"K.J.'s Educational Institute's K.J.College of Engineering & Management Research, Pisoli",0632037210,Electronics and Telecommunication Engg,SC,General,Other,I,96071,63.2687832
2024,3,06320,"K.J.'s Educational Institute's K.J.College of Engineering & Management Research, Pisoli",0632037210,Electronics and Telecommunication Engg,OPEN,Ladies,Other,I,56310,80.5358903
2024,3,06320,"K.J.'s Educational Institute's K.J.College of Engineering & Management Research, Pisoli",0632037210,Electronics and Telecommunication Engg,SC,General,Other,I,119792,51.1396363
2024,3,06320,"K.J.'s Educational Institute's K.J.College of Engineering & Management Research, Pisoli",0632037810,Electronics Engineering ( VLSI Design and Technology),OPEN,General,Other,I,107301,57.8688386
2024,3,06320,"K.J.'s Educational Institute's K.J.College of Engineering & Management Research, Pisoli",0632037810,Electronics Engineering ( VLSI Design and Technology),SC,General,Other,I,118447,52.0276576
2024,3,06320,"K.J.'s Educational Institute's K.J.College of Engineering & Management Research, Pisoli",0632037810,Electronics Engineering ( VLSI Design and Technology),OPEN,Ladies,Other,I,103402,60.2294112
2024,3,06320,"K.J.'s Educational Institute's K.J.College of Engineering & Management Research, Pisoli",0632037810,Electronics Engineering ( VLSI Design and Technology),OPEN,General,Other,I,129003,45.521922
2024,3,06320,"K.J.'s Educational Institute's K.J.College of Engineering & Management Research, Pisoli",0632061210,Mechanical Engineering,OPEN,General,Other,I,120456,50.8618056
2024,3,06320,"K.J.'s Educational Institute's K.J.College of Engineering & Management Research, Pisoli",0632061210,Mechanical Engineering,SC,General,Other,I,139340,38.7773761
2024,3,06320,"K.J.'s Educational Institute's K.J.College of Engineering & Management Research, Pisoli",0632061210,Mechanical Engineering,OPEN,Ladies,Other,I,176089,5.0033245
2024,3,06320,"K.J.'s Educational Institute's K.J.College of Engineering & Management Research, Pisoli",0632061210,Mechanical Engineering,OPEN,General,Other,I,170168,11.9971742
2024,3,06321,"Vidya Vikas Pratishthan Institute of Engineering and Technology, Solapur",0632137210,Electronics and Telecommunication Engg,OPEN,General,Other,I,162807,19.3655345
2024,3,06321,"Vidya Vikas Pratishthan Institute of Engineering and Technology, Solapur",0632137210,Electronics and Telecommunication Engg,OPEN,Ladies,Other,I,159784,22.2282247
2024,3,06321,"Vidya Vikas Pratishthan Institute of Engineering and Technology, Solapur",0632137210,Electronics and Telecommunication Engg,OPEN,General,Other,I,174728,6.7863525
2024,3,06322,"Shree Gajanan Maharaj Shikshan Prasarak Manda'l Sharadchandra Pawar College of Engineering, Dumbarwadi",0632224510,Computer Engineering,OBC,General,Other,I,124057,48.6637821
2024,3,06322,"Shree Gajanan Maharaj Shikshan Prasarak Manda'l Sharadchandra Pawar College of Engineering, Dumbarwadi",0632224510,Computer Engineering,OPEN,Ladies,Other,I,91591,65.722735
2024,3,06322,"Shree Gajanan Maharaj Shikshan Prasarak Manda'l Sharadchandra Pawar College of Engineering, Dumbarwadi",0632224510,Computer Engineering,OPEN,Defence,State,I,91192,65.8812284
2024,3,06322,"Shree Gajanan Maharaj Shikshan Prasarak Manda'l Sharadchandra Pawar College of Engineering, Dumbarwadi",0632224510,Computer Engineering,OPEN,TFWS,State,I,171450,10.8656299
2024,3,06322,"Shree Gajanan Maharaj Shikshan Prasarak Manda'l Sharadchandra Pawar College of Engineering, Dumbarwadi",0632292110,Artificial Intelligence and Machine Learning,OPEN,General,Other,I,65231,76.7997668
2024,3,06322,"Shree Gajanan Maharaj Shikshan Prasarak Manda'l Sharadchandra Pawar College of Engineering, Dumbarwadi",0632292110,Artificial Intelligence and Machine Learning,SC,General,Other,I,170247,11.8827852
2024,3,06322,"Shree Gajanan Maharaj Shikshan Prasarak Manda'l Sharadchandra Pawar College of Engineering, Dumbarwadi",0632292110,Artificial Intelligence and Machine Learning,OBC,General,Other,I,110646,56.846611
2024,3,06322,"Shree Gajanan Maharaj Shikshan Prasarak Manda'l Sharadchandra Pawar College of Engineering, Dumbarwadi",0632292110,Artificial Intelligence and Machine Learning,OPEN,Ladies,Other,I,115335,53.7694785
2024,3,06322,"Shree Gajanan Maharaj Shikshan Prasarak Manda'l Sharadchandra Pawar College of Engineering, Dumbarwadi",0632292110,Artificial Intelligence and Machine Learning,OPEN,Defence,State,I,113951,54.1800379
2024,3,06322,"Shree Gajanan Maharaj Shikshan Prasarak Manda'l Sharadchandra Pawar College of Engineering, Dumbarwadi",0632292110,Artificial Intelligence and Machine Learning,OBC,Defence,State,I,171654,10.4465918
2024,3,06324,"Rajgad Dnyanpeeth's Shri Chhatrapati Shivajiraje College of Engineering, Bhor",0632424510,Computer Engineering,OPEN,General,Other,I,68778,75.5247196
2024,3,06324,"Rajgad Dnyanpeeth's Shri Chhatrapati Shivajiraje College of Engineering, Bhor",0632424510,Computer Engineering,OBC,General,Other,I,80908,70.5215521
2024,3,06324,"Rajgad Dnyanpeeth's Shri Chhatrapati Shivajiraje College of Engineering, Bhor",0632424510,Computer Engineering,OPEN,Ladies,Other,I,94140,64.9513096
2024,3,06324,"Rajgad Dnyanpeeth's Shri Chhatrapati Shivajiraje College of Engineering, Bhor",0632424510,Computer Engineering,OPEN,General,Other,I,62580,77.8466015
2024,3,06324,"Rajgad Dnyanpeeth's Shri Chhatrapati Shivajiraje College of Engineering, Bhor",0632424510,Computer Engineering,OBC,General,Other,I,176916,3.895894
2024,3,06324,"Rajgad Dnyanpeeth's Shri Chhatrapati Shivajiraje College of Engineering, Bhor",0632426310,Artificial Intelligence (AI) and Data Science,OPEN,General,Other,I,90435,66.1855163
2024,3,06324,"Rajgad Dnyanpeeth's Shri Chhatrapati Shivajiraje College of Engineering, Bhor",0632426310,Artificial Intelligence (AI) and Data Science,SC,General,Other,I,123392,48.8696809
2024,3,06324,"Rajgad Dnyanpeeth's Shri Chhatrapati Shivajiraje College of Engineering, Bhor",0632426310,Artificial Intelligence (AI) and Data Science,OBC,General,Other,I,120160,50.9307179
2024,3,06324,"Rajgad Dnyanpeeth's Shri Chhatrapati Shivajiraje College of Engineering, Bhor",0632426310,Artificial Intelligence (AI) and Data Science,OPEN,Ladies,Other,I,100501,61.3261708
2024,3,06324,"Rajgad Dnyanpeeth's Shri Chhatrapati Shivajiraje College of Engineering, Bhor",0632426310,Artificial Intelligence (AI) and Data Science,OPEN,General,Other,I,164467,18.1477824
2024,3,06324,"Rajgad Dnyanpeeth's Shri Chhatrapati Shivajiraje College of Engineering, Bhor",0632437210,Electronics and Telecommunication Engg,OPEN,General,Other,I,106517,58.1588042
2024,3,06324,"Rajgad Dnyanpeeth's Shri Chhatrapati Shivajiraje College of Engineering, Bhor",0632437210,Electronics and Telecommunication Engg,OBC,Defence,State,I,91056,65.8812284
2024,3,06326,Karmayogi Institute of Technology,0632661210,Mechanical Engineering,OPEN,General,Other,I,132202,43.5298862
2024,3,06326,Karmayogi Institute of Technology,0632661210,Mechanical Engineering,OPEN,Ladies,Other,I,173329,8.4810177
2024,3,06326,Karmayogi Institute of Technology,0632661210,Mechanical Engineering,OPEN,General,Other,I,145591,34.2191386
2024,3,06326,Karmayogi Institute of Technology,0632661210,Mechanical Engineering,OPEN,Ladies,Other,I,148364,31.6884901
2024,3,06402,"NEW INSTITUTE OF TECHNOLOGY,KOLHAPUR",0640224210,Computer Science and Engineering,OPEN,General,Other,I,86493,68.0717863
2024,3,06402,"NEW INSTITUTE OF TECHNOLOGY,KOLHAPUR",0640224210,Computer Science and Engineering,OBC,General,Other,I,163148,19.1366185
2024,3,06402,"NEW INSTITUTE OF TECHNOLOGY,KOLHAPUR",0640224210,Computer Science and Engineering,OPEN,Ladies,Other,I,129806,44.8929536
2024,3,06402,"NEW INSTITUTE OF TECHNOLOGY,KOLHAPUR",0640224210,Computer Science and Engineering,OPEN,General,Other,I,134890,41.8427081
2024,3,06402,"NEW INSTITUTE OF TECHNOLOGY,KOLHAPUR",0640224210,Computer Science and Engineering,OBC,General,Other,I,88714,67.294477
2024,3,06402,"NEW INSTITUTE OF TECHNOLOGY,KOLHAPUR",0640224210,Computer Science and Engineering,OPEN,General,Other,I,66997,76.3630319
2024,3,06402,"NEW INSTITUTE OF TECHNOLOGY,KOLHAPUR",0640291110,Computer Science and Engineering(Artificial Intelligence and Machine Learning),OPEN,General,Other,I,85348,68.4785771
2024,3,06402,"NEW INSTITUTE OF TECHNOLOGY,KOLHAPUR",0640291110,Computer Science and Engineering(Artificial Intelligence and Machine Learning),OPEN,General,Other,I,90155,66.1855163
2024,3,06444,"Shriram Institute Of Engineering & Technology, (Poly), Paniv",0644424510,Computer Engineering,OPEN,General,Other,I,154058,27.4155342
2024,3,06444,"Shriram Institute Of Engineering & Technology, (Poly), Paniv",0644424510,Computer Engineering,SC,General,Other,I,169417,13.0626183
2024,3,06444,"Shriram Institute Of Engineering & Technology, (Poly), Paniv",0644424510,Computer Engineering,OPEN,Ladies,Other,I,155204,26.1271353
2024,3,06444,"Shriram Institute Of Engineering & Technology, (Poly), Paniv",0644424510,Computer Engineering,OPEN,General,Other,I,176373,4.7766958
2024,3,06468,"Swami Vivekananda Shikshan Sanstha, Dr. Bapuji Salunkhe Institute Of Engineering & Technology,Kolhapur",0646824210,Computer Science and Engineering,OPEN,General,Other,I,121342,50.6004122
2024,3,06468,"Swami Vivekananda Shikshan Sanstha, Dr. Bapuji Salunkhe Institute Of Engineering & Technology,Kolhapur",0646824210,Computer Science and Engineering,SC,General,Other,I,142973,36.0381755
2024,3,06468,"Swami Vivekananda Shikshan Sanstha, Dr. Bapuji Salunkhe Institute Of Engineering & Technology,Kolhapur",0646824210,Computer Science and Engineering,OBC,General,Other,I,122285,49.7949643
2024,3,06468,"Swami Vivekananda Shikshan Sanstha, Dr. Bapuji Salunkhe Institute Of Engineering & Technology,Kolhapur",0646824210,Computer Science and Engineering,OPEN,Ladies,Other,I,102187,60.5030966
2024,3,06468,"Swami Vivekananda Shikshan Sanstha, Dr. Bapuji Salunkhe Institute Of Engineering & Technology,Kolhapur",0646829310,Electrical Engineering,OPEN,General,Other,I,122931,49.513096
2024,3,06468,"Swami Vivekananda Shikshan Sanstha, Dr. Bapuji Salunkhe Institute Of Engineering & Technology,Kolhapur",0646829310,Electrical Engineering,OPEN,General,Other,I,162359,19.5522021
2024,3,06545,"Samarth Education Trust's Arvind Gavali College Of Engineering Panwalewadi, Varye,Satara.",0654524210,Computer Science and Engineering,OPEN,General,Other,I,100477,61.3261708
2024,3,06545,"Samarth Education Trust's Arvind Gavali College Of Engineering Panwalewadi, Varye,Satara.",0654524210,Computer Science and Engineering,OPEN,General,Other,II,147572,32.2475132
2024,3,06545,"Samarth Education Trust's Arvind Gavali College Of Engineering Panwalewadi, Varye,Satara.",0654524210,Computer Science and Engineering,OPEN,General,Other,I,125544,47.6302148
2024,3,06545,"Samarth Education Trust's Arvind Gavali College Of Engineering Panwalewadi, Varye,Satara.",0654524210,Computer Science and Engineering,OPEN,TFWS,State,I,116650,52.9935209
2024,3,06545,"Samarth Education Trust's Arvind Gavali College Of Engineering Panwalewadi, Varye,Satara.",0654524210,Computer Science and Engineering,EWS,General,State,I,154171,27.4155342
2024,3,06545,"Samarth Education Trust's Arvind Gavali College Of Engineering Panwalewadi, Varye,Satara.",0654526310,Artificial Intelligence (AI) and Data Science,OPEN,General,Other,I,107441,57.8688386
2024,3,06545,"Samarth Education Trust's Arvind Gavali College Of Engineering Panwalewadi, Varye,Satara.",0654526310,Artificial Intelligence (AI) and Data Science,OBC,Defence,State,I,120900,50.6340761
2024,3,06609,"Jaihind College Of Engineering,Kuran",0660924510,Computer Engineering,OPEN,General,Other,I,67154,76.2466193
2024,3,06609,"Jaihind College Of Engineering,Kuran",0660924510,Computer Engineering,SC,General,Other,I,96440,63.2340107
2024,3,06609,"Jaihind College Of Engineering,Kuran",0660924510,Computer Engineering,OBC,General,Other,I,82106,70.2544031
2024,3,06609,"Jaihind College Of Engineering,Kuran",0660924510,Computer Engineering,OPEN,Ladies,Other,I,84488,69.0659616
2024,3,06609,"Jaihind College Of Engineering,Kuran",0660924510,Computer Engineering,OBC,Defence,State,I,147497,32.2475132
2024,3,06609,"Jaihind College Of Engineering,Kuran",0660926310,Artificial Intelligence (AI) and Data Science,OPEN,General,Other,I,85203,68.7156482
2024,3,06609,"Jaihind College Of Engineering,Kuran",0660926310,Artificial Intelligence (AI) and Data Science,SC,General,Other,I,113115,54.7526673
2024,3,06609,"Jaihind College Of Engineering,Kuran",0660926310,Artificial Intelligence (AI) and Data Science,OBC,General,Other,I,88935,67.0458361
2024,3,06609,"Jaihind College Of Engineering,Kuran",0660926310,Artificial Intelligence (AI) and Data Science,OPEN,Ladies,Other,I,121392,50.0957604
2024,3,06609,"Jaihind College Of Engineering,Kuran",0660937210,Electronics and Telecommunication Engg,OPEN,General,Other,I,101353,60.596742
2024,3,06609,"Jaihind College Of Engineering,Kuran",0660937210,Electronics and Telecommunication Engg,SC,General,Other,I,129969,44.8929536
2024,3,06609,"Jaihind College Of Engineering,Kuran",0660937210,Electronics and Telecommunication Engg,OBC,General,Other,I,160699,21.472809
2024,3,06609,"Jaihind College Of Engineering,Kuran",0660937210,Electronics and Telecommunication Engg,OPEN,Ladies,Other,I,114236,54.1800379
2024,3,06609,"Jaihind College Of Engineering,Kuran",0660961210,Mechanical Engineering,OPEN,General,Other,I,165323,16.8882979
2024,3,06609,"Jaihind College Of Engineering,Kuran",0660961210,Mechanical Engineering,OPEN,Ladies,Other,I,149401,30.9687071
2024,3,06625,"Universal College of Engineering & Research, Sasewadi",0662524510,Computer Engineering,OPEN,General,Other,I,60748,78.9120215
2024,3,06625,"Universal College of Engineering & Research, Sasewadi",0662524510,Computer Engineering,SC,General,Other,I,75078,73.112247
2024,3,06625,"Universal College of Engineering & Research, Sasewadi",0662524510,Computer Engineering,OBC,General,Other,I,67839,76.0337773
2024,3,06625,"Universal College of Engineering & Research, Sasewadi",0662524510,Computer Engineering,OPEN,General,Other,I,108531,57.2537563
2024,3,06625,"Universal College of Engineering & Research, Sasewadi",0662524510,Computer Engineering,SC,General,Other,I,169501,13.0427194
2024,3,06625,"Universal College of Engineering & Research, Sasewadi",0662561210,Mechanical Engineering,OPEN,General,Other,I,153965,27.5123271
2024,3,06625,"Universal College of Engineering & Research, Sasewadi",0662561210,Mechanical Engineering,OPEN,General,Other,I,154236,27.4155342
2024,3,06628,"Dattakala Group Of Institutions, Swami - Chincholi Tal. Daund Dist. Pune",0662819110,Civil Engineering,OPEN,General,Other,I,142520,36.2134011
2024,3,06628,"Dattakala Group Of Institutions, Swami - Chincholi Tal. Daund Dist. Pune",0662819110,Civil Engineering,OBC,General,Other,I,127192,46.3828235
2024,3,06628,"Dattakala Group Of Institutions, Swami - Chincholi Tal. Daund Dist. Pune",0662824510,Computer Engineering,OPEN,General,Other,I,91557,65.722735
2024,3,06628,"Dattakala Group Of Institutions, Swami - Chincholi Tal. Daund Dist. Pune",0662824510,Computer Engineering,SC,General,Other,I,112938,54.7526673
2024,3,06628,"Dattakala Group Of Institutions, Swami - Chincholi Tal. Daund Dist. Pune",0662824510,Computer Engineering,OBC,General,Other,I,103946,60.1291862
2024,3,06628,"Dattakala Group Of Institutions, Swami - Chincholi Tal. Daund Dist. Pune",0662824510,Computer Engineering,OPEN,Ladies,Other,I,116035,53.7424491
2024,3,06628,"Dattakala Group Of Institutions, Swami - Chincholi Tal. Daund Dist. Pune",0662824510,Computer Engineering,OPEN,Defence,State,I,103811,60.1504384
2024,3,06628,"Dattakala Group Of Institutions, Swami - Chincholi Tal. Daund Dist. Pune",0662824510,Computer Engineering,OPEN,TFWS,State,I,156794,24.7657909
2024,3,06628,"Dattakala Group Of Institutions, Swami - Chincholi Tal. Daund Dist. Pune",0662824610,Information Technology,OPEN,General,Other,I,64288,77.5959933
2024,3,06628,"Dattakala Group Of Institutions, Swami - Chincholi Tal. Daund Dist. Pune",0662824610,Information Technology,SC,General,Other,I,107333,57.8688386
2024,3,06628,"Dattakala Group Of Institutions, Swami - Chincholi Tal. Daund Dist. Pune",0662824610,Information Technology,OBC,General,Other,I,159195,22.5020163
2024,3,06628,"Dattakala Group Of Institutions, Swami - Chincholi Tal. Daund Dist. Pune",0662824610,Information Technology,OPEN,Ladies,Other,I,100565,61.3261708
2024,3,06628,"Dattakala Group Of Institutions, Swami - Chincholi Tal. Daund Dist. Pune",0662824610,Information Technology,OBC,Defence,State,I,96417,63.2340107
2024,3,06628,"Dattakala Group Of Institutions, Swami - Chincholi Tal. Daund Dist. Pune",0662824610,Information Technology,OPEN,TFWS,State,I,149026,31.3198919
2024,3,06628,"Dattakala Group Of Institutions, Swami - Chincholi Tal. Daund Dist. Pune",0662829310,Electrical Engineering,OPEN,General,Other,I,161052,21.3531102
2024,3,06628,"Dattakala Group Of Institutions, Swami - Chincholi Tal. Daund Dist. Pune",0662829310,Electrical Engineering,OPEN,Ladies,Other,I,138726,38.8849565
2024,3,06628,"Dattakala Group Of Institutions, Swami - Chincholi Tal. Daund Dist. Pune",0662861210,Mechanical Engineering,OPEN,General,Other,I,153262,27.815423
2024,3,06628,"Dattakala Group Of Institutions, Swami - Chincholi Tal. Daund Dist. Pune",0662861210,Mechanical Engineering,SC,General,Other,I,160574,21.4924132
2024,3,06628,"Dattakala Group Of Institutions, Swami - Chincholi Tal. Daund Dist. Pune",0662861210,Mechanical Engineering,OPEN,General,Other,II,149429,30.9687071
2024,3,06628,"Dattakala Group Of Institutions, Swami - Chincholi Tal. Daund Dist. Pune",0662861210,Mechanical Engineering,SC,General,Other,II,168121,14.0490445
2024,3,06628,"Dattakala Group Of Institutions, Swami - Chincholi Tal. Daund Dist. Pune",0662884410,Electronics and Computer Engineering,OPEN,General,Other,I,83399,69.627936
2024,3,06628,"Dattakala Group Of Institutions, Swami - Chincholi Tal. Daund Dist. Pune",0662884410,Electronics and Computer Engineering,SC,General,Other,I,132625,43.1231034
2024,3,06628,"Dattakala Group Of Institutions, Swami - Chincholi Tal. Daund Dist. Pune",0662884410,Electronics and Computer Engineering,OBC,General,Other,I,110267,56.9588351
2024,3,06628,"Dattakala Group Of Institutions, Swami - Chincholi Tal. Daund Dist. Pune",0662884410,Electronics and Computer Engineering,OPEN,Ladies,Other,I,147364,32.2475132
2024,3,06628,"Dattakala Group Of Institutions, Swami - Chincholi Tal. Daund Dist. Pune",0662884410,Electronics and Computer Engineering,OPEN,General,Other,I,133474,42.725346
2024,3,06632,Navsahyadri Education Society's Group of Institutions,0663219110,Civil Engineering,OPEN,General,Other,I,125029,47.9842799
2024,3,06632,Navsahyadri Education Society's Group of Institutions,0663219110,Civil Engineering,OBC,General,Other,I,167984,14.1948203
2024,3,06632,Navsahyadri Education Society's Group of Institutions,0663224510,Computer Engineering,OPEN,General,Other,I,67003,76.2466193
2024,3,06632,Navsahyadri Education Society's Group of Institutions,0663224510,Computer Engineering,SC,General,Other,I,100481,61.3261708
2024,3,06632,Navsahyadri Education Society's Group of Institutions,0663224510,Computer Engineering,OBC,General,Other,I,68815,75.5247196
2024,3,06632,Navsahyadri Education Society's Group of Institutions,0663224510,Computer Engineering,OPEN,Defence,State,I,136996,40.1585977
2024,3,06632,Navsahyadri Education Society's Group of Institutions,0663224510,Computer Engineering,OBC,Defence,State,I,51837,82.0158422
2024,3,06632,Navsahyadri Education Society's Group of Institutions,0663224510,Computer Engineering,OPEN,TFWS,State,I,178559,1.6812156
2024,3,06632,Navsahyadri Education Society's Group of Institutions,0663229310,Electrical Engineering,OPEN,General,Other,I,122159,49.7949643
2024,3,06632,Navsahyadri Education Society's Group of Institutions,0663229310,Electrical Engineering,SC,General,Other,I,161856,20.9331029
2024,3,06632,Navsahyadri Education Society's Group of Institutions,0663229310,Electrical Engineering,OBC,General,Other,I,136868,40.1585977
2024,3,06632,Navsahyadri Education Society's Group of Institutions,0663229310,Electrical Engineering,OPEN,General,Other,II,159404,22.4081803
2024,3,06632,Navsahyadri Education Society's Group of Institutions,0663229310,Electrical Engineering,OPEN,Defence,State,I,126436,47.4207012
2024,3,06632,Navsahyadri Education Society's Group of Institutions,0663292110,Artificial Intelligence and Machine Learning,OPEN,General,Other,I,65999,76.6199764
2024,3,06632,Navsahyadri Education Society's Group of Institutions,0663292110,Artificial Intelligence and Machine Learning,SC,General,Other,I,105090,59.8892661
2024,3,06632,Navsahyadri Education Society's Group of Institutions,0663292110,Artificial Intelligence and Machine Learning,OBC,General,Other,I,94004,64.9513096
2024,3,06632,Navsahyadri Education Society's Group of Institutions,0663292110,Artificial Intelligence and Machine Learning,OBC,Defence,State,I,93715,65.0377535
2024,3,06634,"KJEI's Trinity Academy of Engineering, Yewalewadi, Pune",0663424610,Information Technology,SC,General,Other,I,74196,73.4468855
2024,3,06634,"KJEI's Trinity Academy of Engineering, Yewalewadi, Pune",0663424610,Information Technology,OBC,General,Other,I,25277,91.5584966
2024,3,06634,"KJEI's Trinity Academy of Engineering, Yewalewadi, Pune",0663424610,Information Technology,SC,General,Other,I,76686,72.3242844
2024,3,06634,"KJEI's Trinity Academy of Engineering, Yewalewadi, Pune",0663437210,Electronics and Telecommunication Engg,OPEN,Ladies,Other,I,66819,76.3630319
2024,3,06634,"KJEI's Trinity Academy of Engineering, Yewalewadi, Pune",0663437210,Electronics and Telecommunication Engg,OBC,Defence,State,I,60216,78.9969285
2024,3,06634,"KJEI's Trinity Academy of Engineering, Yewalewadi, Pune",0663437210,Electronics and Telecommunication Engg,OPEN,TFWS,State,I,123639,48.777949
2024,3,06635,Samarth College of Engineering and Management,0663524510,Computer Engineering,OPEN,General,Other,I,79262,71.3988776
2024,3,06635,Samarth College of Engineering and Management,0663524510,Computer Engineering,SC,General,Other,I,96175,63.2687832
2024,3,06635,Samarth College of Engineering and Management,0663524510,Computer Engineering,OBC,General,Other,I,118318,52.0276576
2024,3,06635,Samarth College of Engineering and Management,0663524510,Computer Engineering,OPEN,Ladies,Other,I,97916,62.8733646
2024,3,06635,Samarth College of Engineering and Management,0663524510,Computer Engineering,OPEN,Defence,State,I,133172,42.8773305
2024,3,06635,Samarth College of Engineering and Management,0663529310,Electrical Engineering,OPEN,General,Other,I,126542,47.0113809
2024,3,06635,Samarth College of Engineering and Management,0663529310,Electrical Engineering,OBC,General,Other,I,166236,16.1364215
2024,3,06635,Samarth College of Engineering and Management,0663529310,Electrical Engineering,OPEN,Ladies,Other,I,157173,24.5948927
2024,3,06635,Samarth College of Engineering and Management,0663529310,Electrical Engineering,OPEN,General,Other,I,117953,52.0861037
2024,3,06635,Samarth College of Engineering and Management,0663537210,Electronics and Telecommunication Engg,OPEN,General,Other,I,84918,68.9053056
2024,3,06635,Samarth College of Engineering and Management,0663537210,Electronics and Telecommunication Engg,SC,General,Other,I,134873,41.8427081
2024,3,06635,Samarth College of Engineering and Management,0663537210,Electronics and Telecommunication Engg,OBC,General,Other,I,116030,53.7424491
2024,3,06635,Samarth College of Engineering and Management,0663537210,Electronics and Telecommunication Engg,OPEN,Ladies,Other,I,101661,60.596742
2024,3,06635,Samarth College of Engineering and Management,0663537210,Electronics and Telecommunication Engg,OPEN,General,Other,I,101556,60.596742
2024,3,06635,Samarth College of Engineering and Management,0663592110,Artificial Intelligence and Machine Learning,OPEN,General,Other,I,87656,67.6158803
2024,3,06635,Samarth College of Engineering and Management,0663592110,Artificial Intelligence and Machine Learning,OPEN,Ladies,Other,I,85385,68.4785771
2024,3,06635,Samarth College of Engineering and Management,0663592110,Artificial Intelligence and Machine Learning,OPEN,General,Other,II,115245,53.8203081
2024,3,06640,"N. B. Navale Sinhgad College of Engineering, Kegaon, solapur",0664019110,Civil Engineering,SC,General,Other,I,141497,36.9291471
2024,3,06640,"N. B. Navale Sinhgad College of Engineering, Kegaon, solapur",0664019110,Civil Engineering,SC,General,Other,II,136778,40.1585977
2024,3,06640,"N. B. Navale Sinhgad College of Engineering, Kegaon, solapur",0664029310,Electrical Engineering,OPEN,General,Other,I,119698,51.1396363
2024,3,06640,"N. B. Navale Sinhgad College of Engineering, Kegaon, solapur",0664029310,Electrical Engineering,OPEN,General,Other,I,139634,38.7773761
2024,3,06643,"S K N Sinhgad College of Engineering, Korti Tal. Pandharpur Dist Solapur",0664319110,Civil Engineering,OPEN,General,Other,I,128539,45.5784574
2024,3,06643,"S K N Sinhgad College of Engineering, Korti Tal. Pandharpur Dist Solapur",0664319110,Civil Engineering,OPEN,Ladies,Other,I,100096,61.6354671
2024,3,06643,"S K N Sinhgad College of Engineering, Korti Tal. Pandharpur Dist Solapur",0664329310,Electrical Engineering,OPEN,Ladies,Other,I,113177,54.7526673
2024,3,06643,"S K N Sinhgad College of Engineering, Korti Tal. Pandharpur Dist Solapur",0664329310,Electrical Engineering,OPEN,Ladies,Other,I,142185,36.6283954
2024,3,06644,"Shri. Ambabai Talim Sanstha's Sanjay Bhokare Group of Institutes, Miraj",0664491110,Computer Science and Engineering(Artificial Intelligence and Machine Learning),OPEN,General,Other,I,165151,17.3380806
2024,3,06644,"Shri. Ambabai Talim Sanstha's Sanjay Bhokare Group of Institutes, Miraj",0664491110,Computer Science and Engineering(Artificial Intelligence and Machine Learning),OPEN,General,Other,I,127345,46.3828235
2024,3,06649,"TSSM's Bhivarabai Sawant College of Engineering and Research, Narhe, Pune",0664919110,Civil Engineering,OBC,General,Other,I,128700,45.5784574
2024,3,06649,"TSSM's Bhivarabai Sawant College of Engineering and Research, Narhe, Pune",0664924510,Computer Engineering,OPEN,General,Other,I,33489,88.6962727
2024,3,06649,"TSSM's Bhivarabai Sawant College of Engineering and Research, Narhe, Pune",0664924510,Computer Engineering,OBC,General,Other,I,36585,87.5036363
2024,3,06649,"TSSM's Bhivarabai Sawant College of Engineering and Research, Narhe, Pune",0664924510,Computer Engineering,OPEN,Ladies,Other,I,35613,88.0156813
2024,3,06649,"TSSM's Bhivarabai Sawant College of Engineering and Research, Narhe, Pune",0664924510,Computer Engineering,OPEN,Defence,State,I,65127,76.8897938
2024,3,06649,"TSSM's Bhivarabai Sawant College of Engineering and Research, Narhe, Pune",0664924510,Computer Engineering,OPEN,TFWS,State,I,22166,92.6335559
2024,3,06649,"TSSM's Bhivarabai Sawant College of Engineering and Research, Narhe, Pune",0664924510,Computer Engineering,OPEN,Orphan,State,I,82479,69.800376
2024,3,06649,"TSSM's Bhivarabai Sawant College of Engineering and Research, Narhe, Pune",0664929310,Electrical Engineering,OPEN,General,Other,I,52873,81.7658119
2024,3,06649,"TSSM's Bhivarabai Sawant College of Engineering and Research, Narhe, Pune",0664929310,Electrical Engineering,SC,General,Other,I,85821,68.4737144
2024,3,06649,"TSSM's Bhivarabai Sawant College of Engineering and Research, Narhe, Pune",0664929310,Electrical Engineering,OBC,General,Other,I,94725,64.4664266
2024,3,06649,"TSSM's Bhivarabai Sawant College of Engineering and Research, Narhe, Pune",0664929310,Electrical Engineering,OBC,Defence,State,I,176088,5.0033245
2024,3,06649,"TSSM's Bhivarabai Sawant College of Engineering and Research, Narhe, Pune",0664937210,Electronics and Telecommunication Engg,OPEN,General,Other,I,48827,83.1469549
2024,3,06649,"TSSM's Bhivarabai Sawant College of Engineering and Research, Narhe, Pune",0664937210,Electronics and Telecommunication Engg,OBC,General,Other,I,49665,82.7820291
2024,3,06649,"TSSM's Bhivarabai Sawant College of Engineering and Research, Narhe, Pune",0664937210,Electronics and Telecommunication Engg,OPEN,General,Other,I,71277,74.5088207
2024,3,06649,"TSSM's Bhivarabai Sawant College of Engineering and Research, Narhe, Pune",0664961210,Mechanical Engineering,OPEN,General,Other,I,74170,73.4468855
2024,3,06732,"Ajeenkya DY Patil School of Engineering, Lohegaon, Pune",0673224510,Computer Engineering,OPEN,General,Other,I,19893,93.3794724
2024,3,06732,"Ajeenkya DY Patil School of Engineering, Lohegaon, Pune",0673224510,Computer Engineering,SC,General,Other,I,38411,86.889129
2024,3,06732,"Ajeenkya DY Patil School of Engineering, Lohegaon, Pune",0673224510,Computer Engineering,OPEN,Ladies,Other,I,143728,35.3791065
2024,3,06732,"Ajeenkya DY Patil School of Engineering, Lohegaon, Pune",0673224510,Computer Engineering,OPEN,General,Other,I,17415,94.2112699
2024,3,06732,"Ajeenkya DY Patil School of Engineering, Lohegaon, Pune",0673237210,Electronics and Telecommunication Engg,OPEN,General,Other,I,34615,88.1925789
2024,3,06732,"Ajeenkya DY Patil School of Engineering, Lohegaon, Pune",0673237210,Electronics and Telecommunication Engg,SC,General,Other,I,49142,82.9978985
2024,3,06732,"Ajeenkya DY Patil School of Engineering, Lohegaon, Pune",0673237210,Electronics and Telecommunication Engg,OBC,General,Other,I,36636,87.5036363
2024,3,06732,"Ajeenkya DY Patil School of Engineering, Lohegaon, Pune",0673237210,Electronics and Telecommunication Engg,OPEN,Defence,State,I,81665,70.4092512
2024,3,06732,"Ajeenkya DY Patil School of Engineering, Lohegaon, Pune",0673237210,Electronics and Telecommunication Engg,OPEN,TFWS,State,I,30856,89.5570146
2024,3,06732,"Ajeenkya DY Patil School of Engineering, Lohegaon, Pune",0673237210,Electronics and Telecommunication Engg,OBC,Defence,State,I,107188,57.9919409
2024,3,06732,"Ajeenkya DY Patil School of Engineering, Lohegaon, Pune",0673237210,Electronics and Telecommunication Engg,EWS,General,State,I,93312,65.2878345
2024,3,06732,"Ajeenkya DY Patil School of Engineering, Lohegaon, Pune",0673261210,Mechanical Engineering,OPEN,General,Other,I,49967,82.7776364
2024,3,06732,"Ajeenkya DY Patil School of Engineering, Lohegaon, Pune",0673261210,Mechanical Engineering,OBC,General,Other,I,84078,69.275473
2024,3,06732,"Ajeenkya DY Patil School of Engineering, Lohegaon, Pune",0673261210,Mechanical Engineering,OPEN,Ladies,Other,I,62866,77.8445199
2024,3,06732,"Ajeenkya DY Patil School of Engineering, Lohegaon, Pune",0673261210,Mechanical Engineering,OPEN,General,Other,I,130399,44.5064233
2024,3,06732,"Ajeenkya DY Patil School of Engineering, Lohegaon, Pune",0673261210,Mechanical Engineering,OPEN,Defence,State,I,127593,46.3657898
2024,3,06732,"Ajeenkya DY Patil School of Engineering, Lohegaon, Pune",0673261210,Mechanical Engineering,OBC,Defence,State,I,158353,23.9858471
2024,3,06732,"Ajeenkya DY Patil School of Engineering, Lohegaon, Pune",0673261210,Mechanical Engineering,SEBC,Defence,State,I,174914,6.3954455
2024,3,06732,"Ajeenkya DY Patil School of Engineering, Lohegaon, Pune",0673299510,Artificial Intelligence and Data Science,OPEN,General,Other,I,23834,92.0938243
2024,3,06732,"Ajeenkya DY Patil School of Engineering, Lohegaon, Pune",0673299510,Artificial Intelligence and Data Science,OPEN,Ladies,Other,I,38634,86.8244074
2024,3,06732,"Ajeenkya DY Patil School of Engineering, Lohegaon, Pune",0673299510,Artificial Intelligence and Data Science,OPEN,Defence,State,I,42808,85.3426422
2024,3,06732,"Ajeenkya DY Patil School of Engineering, Lohegaon, Pune",0673299510,Artificial Intelligence and Data Science,OBC,Defence,State,I,61958,78.1973837
2024,3,06732,"Ajeenkya DY Patil School of Engineering, Lohegaon, Pune",0673299510,Artificial Intelligence and Data Science,EWS,General,State,I,43070,85.2662319
2024,3,06754,"International Institute of Information Technology (I²IT), Pune.",0675424510,Computer Engineering,OPEN,General,Other,I,10757,96.4249493
2024,3,06754,"International Institute of Information Technology (I²IT), Pune.",0675424510,Computer Engineering,SC,General,Other,I,21824,92.7108008
2024,3,06754,"International Institute of Information Technology (I²IT), Pune.",0675424510,Computer Engineering,OBC,General,Other,I,15280,94.9520217
2024,3,06754,"International Institute of Information Technology (I²IT), Pune.",0675424510,Computer Engineering,OPEN,TFWS,State,I,11763,96.1353059
2024,3,06754,"International Institute of Information Technology (I²IT), Pune.",0675424510,Computer Engineering,OPEN,Orphan,State,I,21308,92.9064162
2024,3,06754,"International Institute of Information Technology (I²IT), Pune.",0675424610,Information Technology,OPEN,General,Other,I,11596,96.1761249
2024,3,06754,"International Institute of Information Technology (I²IT), Pune.",0675424610,Information Technology,SC,General,Other,I,26987,90.9279807
2024,3,06754,"International Institute of Information Technology (I²IT), Pune.",0675424610,Information Technology,OBC,General,Other,I,80370,70.8722936
2024,3,06754,"International Institute of Information Technology (I²IT), Pune.",0675424610,Information Technology,OPEN,Ladies,Other,I,16224,94.5993915
2024,3,06754,"International Institute of Information Technology (I²IT), Pune.",0675424610,Information Technology,OPEN,General,Other,I,14033,95.3558147
2024,3,06754,"International Institute of Information Technology (I²IT), Pune.",0675424610,Information Technology,SC,General,Other,I,24520,91.7946848
2024,3,06754,"International Institute of Information Technology (I²IT), Pune.",0675437210,Electronics and Telecommunication Engg,OPEN,General,Other,I,12391,95.9024228
2024,3,06754,"International Institute of Information Technology (I²IT), Pune.",0675437210,Electronics and Telecommunication Engg,OBC,General,Other,I,16335,94.5726998
2024,3,06754,"International Institute of Information Technology (I²IT), Pune.",0675437210,Electronics and Telecommunication Engg,OPEN,Ladies,Other,I,17980,94.0242686
2024,3,06754,"International Institute of Information Technology (I²IT), Pune.",0675437210,Electronics and Telecommunication Engg,OPEN,General,Other,I,12991,95.70302
2024,3,06754,"International Institute of Information Technology (I²IT), Pune.",0675437210,Electronics and Telecommunication Engg,OBC,General,Other,I,31402,89.3399508
2024,3,06755,"JSPM Narhe Technical Campus, Pune.",0675519110,Civil Engineering,OPEN,General,Other,I,76382,72.5041736
2024,3,06755,"JSPM Narhe Technical Campus, Pune.",0675519110,Civil Engineering,OBC,General,Other,I,83170,69.7604398
2024,3,06755,"JSPM Narhe Technical Campus, Pune.",0675519110,Civil Engineering,OPEN,General,Other,I,99290,62.7216425
2024,3,06755,"JSPM Narhe Technical Campus, Pune.",0675524510,Computer Engineering,OPEN,General,Other,I,21501,92.8306497
2024,3,06755,"JSPM Narhe Technical Campus, Pune.",0675524510,Computer Engineering,SC,General,Other,I,33634,88.6037289
2024,3,06755,"JSPM Narhe Technical Campus, Pune.",0675524510,Computer Engineering,OPEN,General,Other,I,19632,93.4557596
2024,3,06755,"JSPM Narhe Technical Campus, Pune.",0675524510,Computer Engineering,SC,General,Other,I,39032,86.7139959
2024,3,06755,"JSPM Narhe Technical Campus, Pune.",0675526310,Artificial Intelligence (AI) and Data Science,OPEN,General,Other,I,27053,90.9017918
2024,3,06755,"JSPM Narhe Technical Campus, Pune.",0675526310,Artificial Intelligence (AI) and Data Science,SC,General,Other,I,35197,88.0535835
2024,3,06755,"JSPM Narhe Technical Campus, Pune.",0675526310,Artificial Intelligence (AI) and Data Science,OBC,General,Other,I,29658,90.0182846
2024,3,06755,"JSPM Narhe Technical Campus, Pune.",0675526310,Artificial Intelligence (AI) and Data Science,OPEN,General,Other,I,37966,87.0844527
2024,3,06755,"JSPM Narhe Technical Campus, Pune.",0675537210,Electronics and Telecommunication Engg,OPEN,Defence,State,I,95295,63.7045846
2024,3,06755,"JSPM Narhe Technical Campus, Pune.",0675537210,Electronics and Telecommunication Engg,OPEN,TFWS,State,I,36718,87.5005698
2024,3,06755,"JSPM Narhe Technical Campus, Pune.",0675537210,Electronics and Telecommunication Engg,SEBC,Defence,State,I,143344,35.5925864
2024,3,06755,"JSPM Narhe Technical Campus, Pune.",0675537210,Electronics and Telecommunication Engg,EWS,General,State,I,58558,79.5290328
2024,3,06755,"JSPM Narhe Technical Campus, Pune.",0675561210,Mechanical Engineering,OPEN,General,Other,I,70376,75.0114283
2024,3,06755,"JSPM Narhe Technical Campus, Pune.",0675561210,Mechanical Engineering,SC,General,Other,I,94657,64.4664266
2024,3,06755,"JSPM Narhe Technical Campus, Pune.",0675561210,Mechanical Engineering,OPEN,General,Other,I,171171,11.047683
2024,3,06756,"Fabtech Technical Campus College of Engineering and Research, Sangola",0675624210,Computer Science and Engineering,OBC,Defence,State,I,153513,27.6622718
2024,3,06757,"Yashoda Technical Campus, Wadhe, Satara.",0675724210,Computer Science and Engineering,OPEN,General,Other,I,76537,72.5041736
2024,3,06757,"Yashoda Technical Campus, Wadhe, Satara.",0675724210,Computer Science and Engineering,OBC,General,Other,I,88918,67.0458361
2024,3,06757,"Yashoda Technical Campus, Wadhe, Satara.",0675724210,Computer Science and Engineering,OPEN,General,Other,I,55414,80.7840564
2024,3,06757,"Yashoda Technical Campus, Wadhe, Satara.",0675724210,Computer Science and Engineering,OBC,General,Other,I,139487,38.7773761
2024,3,06757,"Yashoda Technical Campus, Wadhe, Satara.",0675726010,Computer Science and Engineering (Cyber Security),OPEN,General,Other,I,138901,38.8849565
2024,3,06757,"Yashoda Technical Campus, Wadhe, Satara.",0675726010,Computer Science and Engineering (Cyber Security),OBC,General,Other,I,151456,29.1560732
2024,3,06757,"Yashoda Technical Campus, Wadhe, Satara.",0675726010,Computer Science and Engineering (Cyber Security),OPEN,Ladies,Other,I,146301,33.5585964
2024,3,06757,"Yashoda Technical Campus, Wadhe, Satara.",0675726010,Computer Science and Engineering (Cyber Security),OPEN,General,Other,I,147666,32.1785112
2024,3,06757,"Yashoda Technical Campus, Wadhe, Satara.",0675726010,Computer Science and Engineering (Cyber Security),OPEN,Defence,State,I,164993,17.7533973
2024,3,06757,"Yashoda Technical Campus, Wadhe, Satara.",0675726310,Artificial Intelligence (AI) and Data Science,OPEN,Orphan,State,I,142300,36.6283954
2024,3,06757,"Yashoda Technical Campus, Wadhe, Satara.",0675726610,Robotics and Artificial Intelligence,OPEN,General,Other,I,148688,31.6234334
2024,3,06757,"Yashoda Technical Campus, Wadhe, Satara.",0675726610,Robotics and Artificial Intelligence,SC,General,Other,I,111318,55.8763225
2024,3,06757,"Yashoda Technical Campus, Wadhe, Satara.",0675737210,Electronics and Telecommunication Engg,OPEN,General,Other,I,99751,62.2534756
2024,3,06757,"Yashoda Technical Campus, Wadhe, Satara.",0675737210,Electronics and Telecommunication Engg,OBC,General,Other,I,115984,53.7424491
2024,3,06757,"Yashoda Technical Campus, Wadhe, Satara.",0675737210,Electronics and Telecommunication Engg,OPEN,General,Other,I,87330,67.6869909
2024,3,06757,"Yashoda Technical Campus, Wadhe, Satara.",0675737210,Electronics and Telecommunication Engg,OPEN,TFWS,State,I,81231,70.5008347
2024,3,06757,"Yashoda Technical Campus, Wadhe, Satara.",0675737210,Electronics and Telecommunication Engg,OPEN,Orphan,State,I,172089,9.8530334
2024,3,06758,"Sahyadri Valley College of Engineering & Technology, Rajuri, Pune.",0675819110,Civil Engineering,OPEN,General,Other,I,109412,57.1543272
2024,3,06758,"Sahyadri Valley College of Engineering & Technology, Rajuri, Pune.",0675819110,Civil Engineering,SC,General,Other,I,172757,9.3921759
2024,3,06758,"Sahyadri Valley College of Engineering & Technology, Rajuri, Pune.",0675819110,Civil Engineering,OBC,General,Other,I,151804,28.8690743
2024,3,06758,"Sahyadri Valley College of Engineering & Technology, Rajuri, Pune.",0675824510,Computer Engineering,OPEN,General,Other,I,65610,76.7776254
2024,3,06758,"Sahyadri Valley College of Engineering & Technology, Rajuri, Pune.",0675824510,Computer Engineering,OBC,General,Other,I,79321,71.3988776
2024,3,06758,"Sahyadri Valley College of Engineering & Technology, Rajuri, Pune.",0675824510,Computer Engineering,OPEN,Ladies,Other,I,73005,73.8486985
2024,3,06758,"Sahyadri Valley College of Engineering & Technology, Rajuri, Pune.",0675824510,Computer Engineering,OPEN,Defence,State,I,83850,69.275473
2024,3,06758,"Sahyadri Valley College of Engineering & Technology, Rajuri, Pune.",0675824510,Computer Engineering,OBC,Defence,State,I,94132,64.9513096
2024,3,06758,"Sahyadri Valley College of Engineering & Technology, Rajuri, Pune.",0675837210,Electronics and Telecommunication Engg,OPEN,General,Other,I,93754,65.0377535
2024,3,06758,"Sahyadri Valley College of Engineering & Technology, Rajuri, Pune.",0675837210,Electronics and Telecommunication Engg,SC,General,Other,I,94170,64.9513096
2024,3,06758,"Sahyadri Valley College of Engineering & Technology, Rajuri, Pune.",0675837210,Electronics and Telecommunication Engg,OBC,General,Other,I,115004,53.8203081
2024,3,06758,"Sahyadri Valley College of Engineering & Technology, Rajuri, Pune.",0675837210,Electronics and Telecommunication Engg,OPEN,General,Other,I,94420,64.6500162
2024,3,06758,"Sahyadri Valley College of Engineering & Technology, Rajuri, Pune.",0675861210,Mechanical Engineering,OPEN,General,Other,I,154853,27.1291039
2024,3,06758,"Sahyadri Valley College of Engineering & Technology, Rajuri, Pune.",0675861210,Mechanical Engineering,OBC,General,Other,I,160007,22.1725851
2024,3,06758,"Sahyadri Valley College of Engineering & Technology, Rajuri, Pune.",0675861210,Mechanical Engineering,OPEN,Ladies,Other,I,149915,30.8566205
2024,3,06758,"Sahyadri Valley College of Engineering & Technology, Rajuri, Pune.",0675861210,Mechanical Engineering,OPEN,General,Other,II,167063,15.4906838
2024,3,06758,"Sahyadri Valley College of Engineering & Technology, Rajuri, Pune.",0675861210,Mechanical Engineering,OPEN,General,Other,I,158326,23.9858471
2024,3,06758,"Sahyadri Valley College of Engineering & Technology, Rajuri, Pune.",0675892110,Artificial Intelligence and Machine Learning,OPEN,Ladies,Other,I,91731,65.5509182
2024,3,06758,"Sahyadri Valley College of Engineering & Technology, Rajuri, Pune.",0675892110,Artificial Intelligence and Machine Learning,OPEN,Ladies,Other,I,178157,2.3203529
2024,3,06758,"Sahyadri Valley College of Engineering & Technology, Rajuri, Pune.",0675899510,Artificial Intelligence and Data Science,OPEN,General,Other,I,78313,71.7115
2024,3,06758,"Sahyadri Valley College of Engineering & Technology, Rajuri, Pune.",0675899510,Artificial Intelligence and Data Science,SC,General,Other,I,85583,68.4737144
2024,3,06758,"Sahyadri Valley College of Engineering & Technology, Rajuri, Pune.",0675899510,Artificial Intelligence and Data Science,OBC,General,Other,I,94934,63.9612515
2024,3,06758,"Sahyadri Valley College of Engineering & Technology, Rajuri, Pune.",0675899510,Artificial Intelligence and Data Science,OPEN,Ladies,Other,I,119830,51.1396363
2024,3,06759,"Shree Ramchandra College of Engineering, Lonikand,Pune",0675924510,Computer Engineering,OPEN,General,Other,I,53675,81.3894523
2024,3,06759,"Shree Ramchandra College of Engineering, Lonikand,Pune",0675924510,Computer Engineering,OPEN,General,Other,I,143256,35.6703287
2024,3,06759,"Shree Ramchandra College of Engineering, Lonikand,Pune",0675929310,Electrical Engineering,OPEN,General,Other,I,99000,62.7875345
2024,3,06759,"Shree Ramchandra College of Engineering, Lonikand,Pune",0675929310,Electrical Engineering,OBC,General,Other,I,109570,57.0470967
2024,3,06759,"Shree Ramchandra College of Engineering, Lonikand,Pune",0675961210,Mechanical Engineering,OBC,General,Other,I,128222,46.2784017
2024,3,06759,"Shree Ramchandra College of Engineering, Lonikand,Pune",0675961210,Mechanical Engineering,OPEN,Ladies,Other,I,123878,48.6637821
2024,3,06759,"Shree Ramchandra College of Engineering, Lonikand,Pune",0675961210,Mechanical Engineering,OBC,General,Other,I,141486,37.2130338
2024,3,06759,"Shree Ramchandra College of Engineering, Lonikand,Pune",0675999510,Artificial Intelligence and Data Science,OPEN,General,Other,I,67413,76.1358545
2024,3,06759,"Shree Ramchandra College of Engineering, Lonikand,Pune",0675999510,Artificial Intelligence and Data Science,SC,General,Other,I,95519,63.5370419
2024,3,06759,"Shree Ramchandra College of Engineering, Lonikand,Pune",0675999510,Artificial Intelligence and Data Science,OBC,General,Other,I,87799,67.6158803
2024,3,06759,"Shree Ramchandra College of Engineering, Lonikand,Pune",0675999510,Artificial Intelligence and Data Science,OPEN,Ladies,Other,I,70361,75.0114283
2024,3,06759,"Shree Ramchandra College of Engineering, Lonikand,Pune",0675999510,Artificial Intelligence and Data Science,OPEN,General,Other,I,75419,72.8411223
2024,3,06759,"Shree Ramchandra College of Engineering, Lonikand,Pune",0675999510,Artificial Intelligence and Data Science,SC,General,Other,I,173025,8.8496667
2024,3,06762,"Nanasaheb Mahadik College of Engineering,Walwa, Sangli.",0676224210,Computer Science and Engineering,OPEN,General,Other,I,121566,50.0957604
2024,3,06762,"Nanasaheb Mahadik College of Engineering,Walwa, Sangli.",0676224210,Computer Science and Engineering,SC,General,Other,I,142948,36.0381755
2024,3,06762,"Nanasaheb Mahadik College of Engineering,Walwa, Sangli.",0676224210,Computer Science and Engineering,OPEN,General,Other,I,112838,55.0733859
2024,3,06762,"Nanasaheb Mahadik College of Engineering,Walwa, Sangli.",0676224210,Computer Science and Engineering,SC,General,Other,I,167852,14.3617021
2024,3,06766,Phaltan Education Society's College of Engineering Thakurki Tal- Phaltan Dist-Satara,0676624510,Computer Engineering,OPEN,General,Other,I,97988,62.8733646
2024,3,06766,Phaltan Education Society's College of Engineering Thakurki Tal- Phaltan Dist-Satara,0676624510,Computer Engineering,SC,General,Other,I,154960,27.1291039
2024,3,06767,"Suman Ramesh Tulsiani Technical Campus: Faculty of Engineering, Kamshet,Pune.",0676724510,Computer Engineering,OPEN,General,Other,I,75358,73.112247
2024,3,06767,"Suman Ramesh Tulsiani Technical Campus: Faculty of Engineering, Kamshet,Pune.",0676724510,Computer Engineering,SC,General,Other,I,112152,55.2318816
2024,3,06767,"Suman Ramesh Tulsiani Technical Campus: Faculty of Engineering, Kamshet,Pune.",0676724510,Computer Engineering,OBC,General,Other,I,139377,38.7773761
2024,3,06767,"Suman Ramesh Tulsiani Technical Campus: Faculty of Engineering, Kamshet,Pune.",0676724510,Computer Engineering,OPEN,Ladies,Other,I,96793,63.2340107
2024,3,06767,"Suman Ramesh Tulsiani Technical Campus: Faculty of Engineering, Kamshet,Pune.",0676724510,Computer Engineering,OPEN,General,Other,I,98817,62.7875345
2024,3,06767,"Suman Ramesh Tulsiani Technical Campus: Faculty of Engineering, Kamshet,Pune.",0676791210,Computer Science and Engineering(Data Science),OPEN,General,Other,I,94709,64.4664266
2024,3,06767,"Suman Ramesh Tulsiani Technical Campus: Faculty of Engineering, Kamshet,Pune.",0676791210,Computer Science and Engineering(Data Science),SC,General,Other,I,99210,62.7216425
2024,3,06767,"Suman Ramesh Tulsiani Technical Campus: Faculty of Engineering, Kamshet,Pune.",0676791210,Computer Science and Engineering(Data Science),OBC,General,Other,I,103942,60.1291862
2024,3,06767,"Suman Ramesh Tulsiani Technical Campus: Faculty of Engineering, Kamshet,Pune.",0676791210,Computer Science and Engineering(Data Science),OPEN,Ladies,Other,I,117892,52.0861037
2024,3,06767,"Suman Ramesh Tulsiani Technical Campus: Faculty of Engineering, Kamshet,Pune.",0676791210,Computer Science and Engineering(Data Science),OPEN,General,Other,I,122233,49.7949643
2024,3,06768,"P.K. Technical Campus, Pune.",0676824510,Computer Engineering,OPEN,General,Other,I,58697,79.5235744
2024,3,06768,"P.K. Technical Campus, Pune.",0676824510,Computer Engineering,SC,General,Other,I,80579,70.6178643
2024,3,06768,"P.K. Technical Campus, Pune.",0676824510,Computer Engineering,OBC,General,Other,I,66740,76.4789025
2024,3,06768,"P.K. Technical Campus, Pune.",0676824510,Computer Engineering,OPEN,Ladies,Other,I,65458,76.7776254
2024,3,06768,"P.K. Technical Campus, Pune.",0676824510,Computer Engineering,OPEN,Defence,State,I,84083,69.275473
2024,3,06768,"P.K. Technical Campus, Pune.",0676824510,Computer Engineering,OPEN,TFWS,State,I,59538,79.1872032
2024,3,06768,"P.K. Technical Campus, Pune.",0676824510,Computer Engineering,EWS,General,State,I,116647,52.9935209
2024,3,06769,"Rasiklal M. Dhariwal Sinhgad Technical Institutes Campus, Warje, Pune.",0676937210,Electronics and Telecommunication Engg,OPEN,General,Other,I,43233,85.2572473
2024,3,06769,"Rasiklal M. Dhariwal Sinhgad Technical Institutes Campus, Warje, Pune.",0676937210,Electronics and Telecommunication Engg,OPEN,General,Other,I,41624,85.7790463
2024,3,06769,"Rasiklal M. Dhariwal Sinhgad Technical Institutes Campus, Warje, Pune.",0676961210,Mechanical Engineering,OPEN,General,Other,I,89497,66.8404462
2024,3,06769,"Rasiklal M. Dhariwal Sinhgad Technical Institutes Campus, Warje, Pune.",0676961210,Mechanical Engineering,OPEN,General,Other,II,123116,49.513096
2024,3,06770,"SKN Sinhgad Institute of Technology & Science, Kusgaon(BK),Pune.",0677024510,Computer Engineering,OPEN,General,Other,I,42344,85.4383663
2024,3,06770,"SKN Sinhgad Institute of Technology & Science, Kusgaon(BK),Pune.",0677024510,Computer Engineering,SC,General,Other,I,62503,77.8466015
2024,3,06770,"SKN Sinhgad Institute of Technology & Science, Kusgaon(BK),Pune.",0677024510,Computer Engineering,OBC,General,Other,I,58027,79.8240416
2024,3,06770,"SKN Sinhgad Institute of Technology & Science, Kusgaon(BK),Pune.",0677024510,Computer Engineering,OPEN,Ladies,Other,I,42558,85.4082122
2024,3,06770,"SKN Sinhgad Institute of Technology & Science, Kusgaon(BK),Pune.",0677024510,Computer Engineering,OPEN,TFWS,State,I,34796,88.157541
2024,3,06770,"SKN Sinhgad Institute of Technology & Science, Kusgaon(BK),Pune.",0677024510,Computer Engineering,OPEN,Orphan,State,I,99447,62.7216425
2024,3,06770,"SKN Sinhgad Institute of Technology & Science, Kusgaon(BK),Pune.",0677024610,Information Technology,OPEN,General,Other,I,46828,83.752973
2024,3,06770,"SKN Sinhgad Institute of Technology & Science, Kusgaon(BK),Pune.",0677024610,Information Technology,SC,General,Other,I,69265,75.3516004
2024,3,06770,"SKN Sinhgad Institute of Technology & Science, Kusgaon(BK),Pune.",0677024610,Information Technology,OBC,General,Other,I,49122,82.9978985
2024,3,06770,"SKN Sinhgad Institute of Technology & Science, Kusgaon(BK),Pune.",0677024610,Information Technology,OPEN,General,Other,I,47661,83.5806009
2024,3,06770,"SKN Sinhgad Institute of Technology & Science, Kusgaon(BK),Pune.",0677024610,Information Technology,SC,General,Other,I,104192,60.1291862
2024,3,06771,"Flora Institute of Technology, Khopi, Near Khed Shivapur Toll Plaza, Pune",0677124510,Computer Engineering,OPEN,General,Other,I,66679,76.4789025
2024,3,06771,"Flora Institute of Technology, Khopi, Near Khed Shivapur Toll Plaza, Pune",0677124510,Computer Engineering,OBC,General,Other,I,69294,75.3516004
2024,3,06771,"Flora Institute of Technology, Khopi, Near Khed Shivapur Toll Plaza, Pune",0677124510,Computer Engineering,OPEN,Ladies,Other,I,81920,70.2544031
2024,3,06771,"Flora Institute of Technology, Khopi, Near Khed Shivapur Toll Plaza, Pune",0677124510,Computer Engineering,OPEN,General,Other,I,82540,69.800376
2024,3,06771,"Flora Institute of Technology, Khopi, Near Khed Shivapur Toll Plaza, Pune",0677124510,Computer Engineering,OBC,General,Other,I,173265,8.5313833
2024,3,06772,"NBN Sinhgad Technical Institutes Campus, Pune",0677224510,Computer Engineering,OPEN,TFWS,State,I,23751,92.1089443
2024,3,06772,"NBN Sinhgad Technical Institutes Campus, Pune",0677224510,Computer Engineering,EWS,General,State,I,29404,90.0772352
2024,3,06780,"D.Y.Patil Education Society's,D.Y.Patil Technical Campus, Faculty of Engineering & Faculty of Management,Talsande,Kolhapur.",0678019110,Civil Engineering,OPEN,General,State,I,115185,53.8203081
2024,3,06780,"D.Y.Patil Education Society's,D.Y.Patil Technical Campus, Faculty of Engineering & Faculty of Management,Talsande,Kolhapur.",0678019110,Civil Engineering,SC,General,State,I,159125,22.5662265
2024,3,06780,"D.Y.Patil Education Society's,D.Y.Patil Technical Campus, Faculty of Engineering & Faculty of Management,Talsande,Kolhapur.",0678019110,Civil Engineering,OBC,General,State,I,165964,16.2979967
2024,3,06780,"D.Y.Patil Education Society's,D.Y.Patil Technical Campus, Faculty of Engineering & Faculty of Management,Talsande,Kolhapur.",0678019110,Civil Engineering,SEBC,General,State,I,159924,22.1725851
2024,3,06780,"D.Y.Patil Education Society's,D.Y.Patil Technical Campus, Faculty of Engineering & Faculty of Management,Talsande,Kolhapur.",0678019110,Civil Engineering,OPEN,Ladies,State,I,148640,31.6234334
2024,3,06780,"D.Y.Patil Education Society's,D.Y.Patil Technical Campus, Faculty of Engineering & Faculty of Management,Talsande,Kolhapur.",0678019110,Civil Engineering,SC,Ladies,State,I,179313,0.4817444
2024,3,06780,"D.Y.Patil Education Society's,D.Y.Patil Technical Campus, Faculty of Engineering & Faculty of Management,Talsande,Kolhapur.",0678019110,Civil Engineering,OPEN,General,State,II,179366,0.3800456
2024,3,06780,"D.Y.Patil Education Society's,D.Y.Patil Technical Campus, Faculty of Engineering & Faculty of Management,Talsande,Kolhapur.",0678024210,Computer Science and Engineering,OPEN,General,State,I,70384,75.0114283
2024,3,06780,"D.Y.Patil Education Society's,D.Y.Patil Technical Campus, Faculty of Engineering & Faculty of Management,Talsande,Kolhapur.",0678024210,Computer Science and Engineering,VJ,General,State,I,91453,65.722735
2024,3,06780,"D.Y.Patil Education Society's,D.Y.Patil Technical Campus, Faculty of Engineering & Faculty of Management,Talsande,Kolhapur.",0678024210,Computer Science and Engineering,OBC,General,State,I,82527,69.800376
2024,3,06780,"D.Y.Patil Education Society's,D.Y.Patil Technical Campus, Faculty of Engineering & Faculty of Management,Talsande,Kolhapur.",0678024210,Computer Science and Engineering,OPEN,Ladies,State,I,60881,78.81049
2024,3,06780,"D.Y.Patil Education Society's,D.Y.Patil Technical Campus, Faculty of Engineering & Faculty of Management,Talsande,Kolhapur.",0678024210,Computer Science and Engineering,ST,Ladies,State,I,87185,67.8440824
2024,3,06780,"D.Y.Patil Education Society's,D.Y.Patil Technical Campus, Faculty of Engineering & Faculty of Management,Talsande,Kolhapur.",0678024210,Computer Science and Engineering,NT3,Ladies,State,I,72946,73.8486985
2024,3,06780,"D.Y.Patil Education Society's,D.Y.Patil Technical Campus, Faculty of Engineering & Faculty of Management,Talsande,Kolhapur.",0678024210,Computer Science and Engineering,OBC,Ladies,State,I,68687,75.6212581
2024,3,06780,"D.Y.Patil Education Society's,D.Y.Patil Technical Campus, Faculty of Engineering & Faculty of Management,Talsande,Kolhapur.",0678024210,Computer Science and Engineering,SEBC,Ladies,State,I,46470,84.0259309
2024,3,06780,"D.Y.Patil Education Society's,D.Y.Patil Technical Campus, Faculty of Engineering & Faculty of Management,Talsande,Kolhapur.",0678024210,Computer Science and Engineering,OPEN,TFWS,State,I,89150,66.8505265
2024,3,06780,"D.Y.Patil Education Society's,D.Y.Patil Technical Campus, Faculty of Engineering & Faculty of Management,Talsande,Kolhapur.",0678029310,Electrical Engineering,OPEN,General,State,I,91180,65.8812284
2024,3,06780,"D.Y.Patil Education Society's,D.Y.Patil Technical Campus, Faculty of Engineering & Faculty of Management,Talsande,Kolhapur.",0678029310,Electrical Engineering,SC,General,State,I,171566,10.8434786
2024,3,06780,"D.Y.Patil Education Society's,D.Y.Patil Technical Campus, Faculty of Engineering & Faculty of Management,Talsande,Kolhapur.",0678029310,Electrical Engineering,NT2,General,State,I,116807,52.814879
2024,3,06780,"D.Y.Patil Education Society's,D.Y.Patil Technical Campus, Faculty of Engineering & Faculty of Management,Talsande,Kolhapur.",0678029310,Electrical Engineering,OBC,General,State,I,117648,52.2046883
2024,3,06780,"D.Y.Patil Education Society's,D.Y.Patil Technical Campus, Faculty of Engineering & Faculty of Management,Talsande,Kolhapur.",0678029310,Electrical Engineering,SEBC,General,State,I,109601,57.0470967
2024,3,06780,"D.Y.Patil Education Society's,D.Y.Patil Technical Campus, Faculty of Engineering & Faculty of Management,Talsande,Kolhapur.",0678029310,Electrical Engineering,OPEN,Ladies,State,I,72925,73.8486985
2024,3,06780,"D.Y.Patil Education Society's,D.Y.Patil Technical Campus, Faculty of Engineering & Faculty of Management,Talsande,Kolhapur.",0678029310,Electrical Engineering,SC,Ladies,State,I,116446,52.9935209
2024,3,06780,"D.Y.Patil Education Society's,D.Y.Patil Technical Campus, Faculty of Engineering & Faculty of Management,Talsande,Kolhapur.",0678029310,Electrical Engineering,OBC,Ladies,State,I,108124,57.3310702
2024,3,06780,"D.Y.Patil Education Society's,D.Y.Patil Technical Campus, Faculty of Engineering & Faculty of Management,Talsande,Kolhapur.",0678029310,Electrical Engineering,SEBC,Ladies,State,I,104121,60.1291862
2024,3,06780,"D.Y.Patil Education Society's,D.Y.Patil Technical Campus, Faculty of Engineering & Faculty of Management,Talsande,Kolhapur.",0678061210,Mechanical Engineering,OPEN,General,State,I,124146,48.6138054
2024,3,06780,"D.Y.Patil Education Society's,D.Y.Patil Technical Campus, Faculty of Engineering & Faculty of Management,Talsande,Kolhapur.",0678061210,Mechanical Engineering,SC,General,State,I,160678,21.472809
2024,3,06780,"D.Y.Patil Education Society's,D.Y.Patil Technical Campus, Faculty of Engineering & Faculty of Management,Talsande,Kolhapur.",0678061210,Mechanical Engineering,ST,General,State,I,128782,45.5784574
2024,3,06780,"D.Y.Patil Education Society's,D.Y.Patil Technical Campus, Faculty of Engineering & Faculty of Management,Talsande,Kolhapur.",0678061210,Mechanical Engineering,NT3,General,State,I,137370,40.1066152
2024,3,06780,"D.Y.Patil Education Society's,D.Y.Patil Technical Campus, Faculty of Engineering & Faculty of Management,Talsande,Kolhapur.",0678061210,Mechanical Engineering,OBC,General,State,I,174143,7.5978015
2024,3,06780,"D.Y.Patil Education Society's,D.Y.Patil Technical Campus, Faculty of Engineering & Faculty of Management,Talsande,Kolhapur.",0678061210,Mechanical Engineering,SEBC,General,State,I,123939,48.6637821
2024,3,06780,"D.Y.Patil Education Society's,D.Y.Patil Technical Campus, Faculty of Engineering & Faculty of Management,Talsande,Kolhapur.",0678061210,Mechanical Engineering,OPEN,General,State,II,174642,6.8368204
2024,3,06780,"D.Y.Patil Education Society's,D.Y.Patil Technical Campus, Faculty of Engineering & Faculty of Management,Talsande,Kolhapur.",0678091210,Computer Science and Engineering(Data Science),OPEN,General,State,I,57347,80.0615027
2024,3,06780,"D.Y.Patil Education Society's,D.Y.Patil Technical Campus, Faculty of Engineering & Faculty of Management,Talsande,Kolhapur.",0678091210,Computer Science and Engineering(Data Science),ST,General,State,I,60542,78.9173428
2024,3,06780,"D.Y.Patil Education Society's,D.Y.Patil Technical Campus, Faculty of Engineering & Faculty of Management,Talsande,Kolhapur.",0678091210,Computer Science and Engineering(Data Science),SEBC,General,State,I,85111,68.7156482
2024,3,06780,"D.Y.Patil Education Society's,D.Y.Patil Technical Campus, Faculty of Engineering & Faculty of Management,Talsande,Kolhapur.",0678091210,Computer Science and Engineering(Data Science),OBC,Ladies,State,I,49992,82.7099252
2024,3,06781,"Bhagwant Institute of Technology, Barshi",0678124210,Computer Science and Engineering,OBC,General,Other,I,121860,50.0353239
2024,3,06781,"Bhagwant Institute of Technology, Barshi",0678124210,Computer Science and Engineering,OPEN,Orphan,State,I,173956,7.7921536
2024,3,06782,"Sahakar Maharshee Shankarrao Mohite Patil Institute of Technology & Research, Akluj",0678224210,Computer Science and Engineering,OPEN,General,Other,I,130620,44.4778985
2024,3,06782,"Sahakar Maharshee Shankarrao Mohite Patil Institute of Technology & Research, Akluj",0678224210,Computer Science and Engineering,SC,General,Other,I,152909,28.0884374
2024,3,06782,"Sahakar Maharshee Shankarrao Mohite Patil Institute of Technology & Research, Akluj",0678224210,Computer Science and Engineering,OPEN,Ladies,Other,I,125297,47.9076668
2024,3,06782,"Sahakar Maharshee Shankarrao Mohite Patil Institute of Technology & Research, Akluj",0678224210,Computer Science and Engineering,OPEN,General,Other,I,120436,50.8618056
2024,3,06782,"Sahakar Maharshee Shankarrao Mohite Patil Institute of Technology & Research, Akluj",0678229310,Electrical Engineering,OBC,General,Other,I,166709,15.6816655
2024,3,06782,"Sahakar Maharshee Shankarrao Mohite Patil Institute of Technology & Research, Akluj",0678229310,Electrical Engineering,OBC,General,Other,I,138436,39.0541888
2024,3,06794,"Anantrao Pawar College of Engineering & Research, Pune",0679424510,Computer Engineering,OPEN,General,Other,I,36742,87.5005698
2024,3,06794,"Anantrao Pawar College of Engineering & Research, Pune",0679424510,Computer Engineering,SC,General,Other,I,59554,79.1872032
2024,3,06794,"Anantrao Pawar College of Engineering & Research, Pune",0679424510,Computer Engineering,OBC,General,Other,I,42901,85.3422371
2024,3,06794,"Anantrao Pawar College of Engineering & Research, Pune",0679424510,Computer Engineering,OPEN,General,Other,I,65175,76.8897938
2024,3,06794,"Anantrao Pawar College of Engineering & Research, Pune",0679424510,Computer Engineering,SC,General,Other,I,73507,73.7743452
2024,3,06794,"Anantrao Pawar College of Engineering & Research, Pune",0679424610,Information Technology,OPEN,General,Other,I,46153,84.2156613
2024,3,06794,"Anantrao Pawar College of Engineering & Research, Pune",0679424610,Information Technology,OPEN,Ladies,Other,I,76105,72.6095528
2024,3,06794,"Anantrao Pawar College of Engineering & Research, Pune",0679424610,Information Technology,OPEN,General,Other,I,45740,84.3179513
2024,3,06794,"Anantrao Pawar College of Engineering & Research, Pune",0679424610,Information Technology,OPEN,Ladies,Other,I,91292,65.8812284
2024,3,06794,"Anantrao Pawar College of Engineering & Research, Pune",0679437210,Electronics and Telecommunication Engg,SC,General,Other,I,62588,77.8466015
2024,3,06794,"Anantrao Pawar College of Engineering & Research, Pune",0679437210,Electronics and Telecommunication Engg,SC,General,Other,I,129033,45.521922
2024,3,06794,"Anantrao Pawar College of Engineering & Research, Pune",0679437810,Electronics Engineering ( VLSI Design and Technology),OPEN,General,Other,I,79120,71.4038201
2024,3,06794,"Anantrao Pawar College of Engineering & Research, Pune",0679437810,Electronics Engineering ( VLSI Design and Technology),OPEN,Ladies,Other,I,88340,67.5033807
2024,3,06794,"Anantrao Pawar College of Engineering & Research, Pune",0679437810,Electronics Engineering ( VLSI Design and Technology),OPEN,General,Other,I,73270,73.7956676
2024,3,06794,"Anantrao Pawar College of Engineering & Research, Pune",0679437810,Electronics Engineering ( VLSI Design and Technology),OPEN,Ladies,Other,I,140151,38.4109612
2024,3,06794,"Anantrao Pawar College of Engineering & Research, Pune",0679461210,Mechanical Engineering,OPEN,General,Other,I,96689,63.2340107
2024,3,06794,"Anantrao Pawar College of Engineering & Research, Pune",0679461210,Mechanical Engineering,OPEN,Ladies,Other,I,85931,68.2901694
2024,3,06794,"Anantrao Pawar College of Engineering & Research, Pune",0679492810,Electronics and Communication(Advanced Communication Technology),OPEN,General,Other,I,75991,72.7750912
2024,3,06794,"Anantrao Pawar College of Engineering & Research, Pune",0679492810,Electronics and Communication(Advanced Communication Technology),SC,General,Other,I,91143,65.8812284
2024,3,06794,"Anantrao Pawar College of Engineering & Research, Pune",0679492810,Electronics and Communication(Advanced Communication Technology),OPEN,General,Other,I,161980,20.7289199
2024,3,06794,"Anantrao Pawar College of Engineering & Research, Pune",0679499510,Artificial Intelligence and Data Science,OPEN,General,Other,I,33137,88.7742666
2024,3,06794,"Anantrao Pawar College of Engineering & Research, Pune",0679499510,Artificial Intelligence and Data Science,OBC,General,Other,I,49049,83.032746
2024,3,06794,"Anantrao Pawar College of Engineering & Research, Pune",0679499510,Artificial Intelligence and Data Science,OPEN,Ladies,Other,I,55840,80.5929134
2024,3,06794,"Anantrao Pawar College of Engineering & Research, Pune",0679499510,Artificial Intelligence and Data Science,OPEN,General,Other,I,35624,88.0156813
2024,3,06794,"Anantrao Pawar College of Engineering & Research, Pune",0679499510,Artificial Intelligence and Data Science,OBC,General,Other,I,92156,65.5460439
2024,3,06795,"Shri.Someshwar Shikshan Prasarak Mandal, Sharadchandra Pawar College of Engineering & Technology, Someshwar Nagar",0679524510,Computer Engineering,OPEN,General,Other,I,72127,74.2767378
2024,3,06795,"Shri.Someshwar Shikshan Prasarak Mandal, Sharadchandra Pawar College of Engineering & Technology, Someshwar Nagar",0679524510,Computer Engineering,OBC,General,Other,I,108818,57.2163252
2024,3,06795,"Shri.Someshwar Shikshan Prasarak Mandal, Sharadchandra Pawar College of Engineering & Technology, Someshwar Nagar",0679524510,Computer Engineering,OPEN,Defence,State,I,139448,38.7773761
2024,3,06795,"Shri.Someshwar Shikshan Prasarak Mandal, Sharadchandra Pawar College of Engineering & Technology, Someshwar Nagar",0679524510,Computer Engineering,OBC,Defence,State,I,79384,71.353144
2024,3,06795,"Shri.Someshwar Shikshan Prasarak Mandal, Sharadchandra Pawar College of Engineering & Technology, Someshwar Nagar",0679524510,Computer Engineering,OPEN,TFWS,State,I,142359,36.6283954
2024,3,06795,"Shri.Someshwar Shikshan Prasarak Mandal, Sharadchandra Pawar College of Engineering & Technology, Someshwar Nagar",0679529310,Electrical Engineering,OPEN,General,Other,I,137343,40.1066152
2024,3,06795,"Shri.Someshwar Shikshan Prasarak Mandal, Sharadchandra Pawar College of Engineering & Technology, Someshwar Nagar",0679529310,Electrical Engineering,OBC,General,Other,I,163414,19.1157452
2024,3,06795,"Shri.Someshwar Shikshan Prasarak Mandal, Sharadchandra Pawar College of Engineering & Technology, Someshwar Nagar",0679561210,Mechanical Engineering,OPEN,Ladies,Other,I,119871,51.1396363
2024,3,06795,"Shri.Someshwar Shikshan Prasarak Mandal, Sharadchandra Pawar College of Engineering & Technology, Someshwar Nagar",0679561210,Mechanical Engineering,OPEN,Ladies,Other,I,165731,16.6009499
2024,3,06796,"Bharati Vidyapeeth's College of Engineering,Lavale, Pune",0679619110,Civil Engineering,OPEN,General,Other,I,52328,81.8420405
2024,3,06796,"Bharati Vidyapeeth's College of Engineering,Lavale, Pune",0679619110,Civil Engineering,OBC,General,Other,I,75326,73.112247
2024,3,06796,"Bharati Vidyapeeth's College of Engineering,Lavale, Pune",0679619110,Civil Engineering,OPEN,Ladies,Other,I,61738,78.2152555
2024,3,06796,"Bharati Vidyapeeth's College of Engineering,Lavale, Pune",0679619110,Civil Engineering,OPEN,General,Other,I,171398,10.8656299
2024,3,06796,"Bharati Vidyapeeth's College of Engineering,Lavale, Pune",0679624510,Computer Engineering,OPEN,General,Other,I,17961,94.0591659
2024,3,06796,"Bharati Vidyapeeth's College of Engineering,Lavale, Pune",0679624510,Computer Engineering,OBC,General,Other,I,34065,88.5172385
2024,3,06796,"Bharati Vidyapeeth's College of Engineering,Lavale, Pune",0679624510,Computer Engineering,OPEN,Defence,State,I,29059,90.2921536
2024,3,06796,"Bharati Vidyapeeth's College of Engineering,Lavale, Pune",0679624510,Computer Engineering,OPEN,TFWS,State,I,19938,93.3592031
2024,3,06796,"Bharati Vidyapeeth's College of Engineering,Lavale, Pune",0679624510,Computer Engineering,OPEN,Orphan,State,I,37601,87.1564824
2024,3,06796,"Bharati Vidyapeeth's College of Engineering,Lavale, Pune",0679637210,Electronics and Telecommunication Engg,OPEN,General,Other,I,27739,90.7468896
2024,3,06796,"Bharati Vidyapeeth's College of Engineering,Lavale, Pune",0679637210,Electronics and Telecommunication Engg,OBC,General,Other,I,28135,90.5124049
2024,3,06796,"Bharati Vidyapeeth's College of Engineering,Lavale, Pune",0679637210,Electronics and Telecommunication Engg,OPEN,Ladies,Other,I,31433,89.3321697
2024,3,06796,"Bharati Vidyapeeth's College of Engineering,Lavale, Pune",0679637210,Electronics and Telecommunication Engg,OPEN,Defence,State,I,33951,88.553941
2024,3,06796,"Bharati Vidyapeeth's College of Engineering,Lavale, Pune",0679637210,Electronics and Telecommunication Engg,OPEN,TFWS,State,I,26431,91.2367752
2024,3,06796,"Bharati Vidyapeeth's College of Engineering,Lavale, Pune",0679637210,Electronics and Telecommunication Engg,OPEN,Orphan,State,I,52897,81.7658119
2024,3,06796,"Bharati Vidyapeeth's College of Engineering,Lavale, Pune",0679661210,Mechanical Engineering,OPEN,General,Other,I,49021,83.032746
2024,3,06796,"Bharati Vidyapeeth's College of Engineering,Lavale, Pune",0679661210,Mechanical Engineering,SC,General,Other,I,87782,67.6158803
2024,3,06796,"Bharati Vidyapeeth's College of Engineering,Lavale, Pune",0679661210,Mechanical Engineering,OBC,General,Other,I,58269,79.6526596
2024,3,06796,"Bharati Vidyapeeth's College of Engineering,Lavale, Pune",0679661210,Mechanical Engineering,OPEN,General,Other,I,145303,34.5790896
2024,3,06808,"Keystone School of Engineering, Pune",0680824510,Computer Engineering,OPEN,General,Other,I,59692,79.1872032
2024,3,06808,"Keystone School of Engineering, Pune",0680824510,Computer Engineering,SC,General,Other,I,79710,71.1376941
2024,3,06808,"Keystone School of Engineering, Pune",0680824510,Computer Engineering,OBC,General,Other,I,65748,76.7300255
2024,3,06808,"Keystone School of Engineering, Pune",0680824510,Computer Engineering,OPEN,Ladies,Other,I,66568,76.4789025
2024,3,06808,"Keystone School of Engineering, Pune",0680824510,Computer Engineering,OPEN,Defence,State,I,56995,80.2358012
2024,3,06808,"Keystone School of Engineering, Pune",0680824510,Computer Engineering,OBC,Defence,State,I,65499,76.7776254
2024,3,06808,"Keystone School of Engineering, Pune",0680824510,Computer Engineering,OPEN,TFWS,State,I,112961,54.7526673
2024,3,06808,"Keystone School of Engineering, Pune",0680826310,Artificial Intelligence (AI) and Data Science,OPEN,General,Other,I,58373,79.6526596
2024,3,06808,"Keystone School of Engineering, Pune",0680826310,Artificial Intelligence (AI) and Data Science,SC,General,Other,I,59513,79.1872032
2024,3,06808,"Keystone School of Engineering, Pune",0680826310,Artificial Intelligence (AI) and Data Science,OBC,General,Other,I,63745,77.7634641
2024,3,06808,"Keystone School of Engineering, Pune",0680826310,Artificial Intelligence (AI) and Data Science,OPEN,General,Other,I,91154,65.8812284
2024,3,06811,Sanjay Ghodawat Institute,0681124210,Computer Science and Engineering,OPEN,General,Other,I,57762,79.9360013
2024,3,06811,Sanjay Ghodawat Institute,0681124210,Computer Science and Engineering,OPEN,Ladies,Other,I,58002,79.8240416
2024,3,06811,Sanjay Ghodawat Institute,0681124210,Computer Science and Engineering,OPEN,General,Other,I,36238,87.6007466
2024,3,06811,Sanjay Ghodawat Institute,0681129310,Electrical Engineering,OPEN,General,Other,I,95292,63.7045846
2024,3,06811,Sanjay Ghodawat Institute,0681129310,Electrical Engineering,OBC,General,Other,I,129638,45.3423263
2024,3,06811,Sanjay Ghodawat Institute,0681129310,Electrical Engineering,SC,General,Other,I,171166,11.047683
2024,3,06811,Sanjay Ghodawat Institute,0681137210,Electronics and Telecommunication Engg,OPEN,General,Other,I,73615,73.7743452
2024,3,06811,Sanjay Ghodawat Institute,0681137210,Electronics and Telecommunication Engg,OBC,General,Other,I,101504,60.596742
2024,3,06811,Sanjay Ghodawat Institute,0681137210,Electronics and Telecommunication Engg,OPEN,General,Other,II,107360,57.8688386
2024,3,06811,Sanjay Ghodawat Institute,0681161210,Mechanical Engineering,OPEN,General,Other,I,139970,38.5392182
2024,3,06811,Sanjay Ghodawat Institute,0681161210,Mechanical Engineering,OBC,General,Other,I,143574,35.3791065
2024,3,06811,Sanjay Ghodawat Institute,0681161210,Mechanical Engineering,OPEN,Ladies,Other,I,174467,7.151896
2024,3,06815,"Vidya Prasarini Sabha's College of Engineering & Technology, Lonavala",0681519110,Civil Engineering,OPEN,General,Other,I,126896,46.5102928
2024,3,06815,"Vidya Prasarini Sabha's College of Engineering & Technology, Lonavala",0681519110,Civil Engineering,OBC,General,Other,I,139541,38.7773761
2024,3,06815,"Vidya Prasarini Sabha's College of Engineering & Technology, Lonavala",0681524510,Computer Engineering,OPEN,General,Other,I,65270,76.7997668
2024,3,06815,"Vidya Prasarini Sabha's College of Engineering & Technology, Lonavala",0681524510,Computer Engineering,OBC,General,Other,I,97925,62.8733646
2024,3,06815,"Vidya Prasarini Sabha's College of Engineering & Technology, Lonavala",0681524510,Computer Engineering,OPEN,Ladies,Other,I,67031,76.2466193
2024,3,06815,"Vidya Prasarini Sabha's College of Engineering & Technology, Lonavala",0681524510,Computer Engineering,OPEN,Defence,State,I,86717,68.0717863
2024,3,06815,"Vidya Prasarini Sabha's College of Engineering & Technology, Lonavala",0681524510,Computer Engineering,OPEN,TFWS,State,I,67025,76.2466193
2024,3,06815,"Vidya Prasarini Sabha's College of Engineering & Technology, Lonavala",0681524510,Computer Engineering,EWS,General,State,I,136983,40.1585977
2024,3,06815,"Vidya Prasarini Sabha's College of Engineering & Technology, Lonavala",0681561210,Mechanical Engineering,OPEN,General,Other,I,114148,54.1800379
2024,3,06815,"Vidya Prasarini Sabha's College of Engineering & Technology, Lonavala",0681561210,Mechanical Engineering,SC,General,Other,I,127811,46.3188381
2024,3,06815,"Vidya Prasarini Sabha's College of Engineering & Technology, Lonavala",0681561210,Mechanical Engineering,OPEN,General,Other,I,179061,0.8519303
2024,3,06815,"Vidya Prasarini Sabha's College of Engineering & Technology, Lonavala",0681561210,Mechanical Engineering,OPEN,General,Other,I,144342,34.8626522
2024,3,06822,"Pimpri Chinchwad Education Trust's Pimpri Chinchwad College Of Engineering And Research, Ravet",0682219110,Civil Engineering,OPEN,General,Other,I,34388,88.3567734
2024,3,06822,"Pimpri Chinchwad Education Trust's Pimpri Chinchwad College Of Engineering And Research, Ravet",0682219110,Civil Engineering,OBC,General,Other,I,44517,84.6402007
2024,3,06822,"Pimpri Chinchwad Education Trust's Pimpri Chinchwad College Of Engineering And Research, Ravet",0682219110,Civil Engineering,OPEN,Defence,State,I,81103,70.5008347
2024,3,06822,"Pimpri Chinchwad Education Trust's Pimpri Chinchwad College Of Engineering And Research, Ravet",0682219110,Civil Engineering,OPEN,Orphan,State,I,133188,42.725346
2024,3,06822,"Pimpri Chinchwad Education Trust's Pimpri Chinchwad College Of Engineering And Research, Ravet",0682224510,Computer Engineering,OPEN,General,Other,I,9878,96.7476097
2024,3,06822,"Pimpri Chinchwad Education Trust's Pimpri Chinchwad College Of Engineering And Research, Ravet",0682224510,Computer Engineering,SC,General,Other,I,28941,90.2977118
2024,3,06822,"Pimpri Chinchwad Education Trust's Pimpri Chinchwad College Of Engineering And Research, Ravet",0682224510,Computer Engineering,OPEN,Ladies,Other,I,10290,96.6007314
2024,3,06822,"Pimpri Chinchwad Education Trust's Pimpri Chinchwad College Of Engineering And Research, Ravet",0682224510,Computer Engineering,OPEN,Defence,State,I,15235,94.9846427
2024,3,06822,"Pimpri Chinchwad Education Trust's Pimpri Chinchwad College Of Engineering And Research, Ravet",0682224510,Computer Engineering,OPEN,TFWS,State,I,9702,96.7953686
2024,3,06822,"Pimpri Chinchwad Education Trust's Pimpri Chinchwad College Of Engineering And Research, Ravet",0682224510,Computer Engineering,OPEN,Orphan,State,I,19538,93.4923537
2024,3,06822,"Pimpri Chinchwad Education Trust's Pimpri Chinchwad College Of Engineering And Research, Ravet",0682224610,Information Technology,OPEN,General,Other,I,11287,96.260142
2024,3,06822,"Pimpri Chinchwad Education Trust's Pimpri Chinchwad College Of Engineering And Research, Ravet",0682224610,Information Technology,OBC,General,Other,I,11290,96.260142
2024,3,06822,"Pimpri Chinchwad Education Trust's Pimpri Chinchwad College Of Engineering And Research, Ravet",0682224610,Information Technology,OPEN,General,Other,I,10865,96.4106845
2024,3,06822,"Pimpri Chinchwad Education Trust's Pimpri Chinchwad College Of Engineering And Research, Ravet",0682224610,Information Technology,OBC,General,Other,I,20061,93.3341645
2024,3,06822,"Pimpri Chinchwad Education Trust's Pimpri Chinchwad College Of Engineering And Research, Ravet",0682237210,Electronics and Telecommunication Engg,OPEN,General,Other,I,11535,96.1824536
2024,3,06822,"Pimpri Chinchwad Education Trust's Pimpri Chinchwad College Of Engineering And Research, Ravet",0682237210,Electronics and Telecommunication Engg,OBC,General,Other,I,15078,95.0221088
2024,3,06822,"Pimpri Chinchwad Education Trust's Pimpri Chinchwad College Of Engineering And Research, Ravet",0682237210,Electronics and Telecommunication Engg,OPEN,Ladies,Other,I,13386,95.5716924
2024,3,06822,"Pimpri Chinchwad Education Trust's Pimpri Chinchwad College Of Engineering And Research, Ravet",0682237210,Electronics and Telecommunication Engg,OPEN,General,Other,I,37142,87.4463921
2024,3,06822,"Pimpri Chinchwad Education Trust's Pimpri Chinchwad College Of Engineering And Research, Ravet",0682237210,Electronics and Telecommunication Engg,OBC,General,Other,I,27115,90.9017918
2024,3,06834,"Dr.D.Y.Patil College Of Engineering & Innovation,Talegaon",0683424510,Computer Engineering,OPEN,General,Other,I,38538,86.8553381
2024,3,06834,"Dr.D.Y.Patil College Of Engineering & Innovation,Talegaon",0683424510,Computer Engineering,SC,General,Other,I,67790,76.0337773
2024,3,06834,"Dr.D.Y.Patil College Of Engineering & Innovation,Talegaon",0683424510,Computer Engineering,OBC,General,Other,I,173647,7.9711444
2024,3,06834,"Dr.D.Y.Patil College Of Engineering & Innovation,Talegaon",0683424510,Computer Engineering,OPEN,Ladies,Other,I,43079,85.2662319
2024,3,06834,"Dr.D.Y.Patil College Of Engineering & Innovation,Talegaon",0683424510,Computer Engineering,OPEN,Defence,State,I,71017,74.6830629
2024,3,06834,"Dr.D.Y.Patil College Of Engineering & Innovation,Talegaon",0683424510,Computer Engineering,OPEN,TFWS,State,I,56106,80.5896708
2024,3,06834,"Dr.D.Y.Patil College Of Engineering & Innovation,Talegaon",0683424510,Computer Engineering,OBC,Defence,State,I,31371,89.3399508
2024,3,06834,"Dr.D.Y.Patil College Of Engineering & Innovation,Talegaon",0683424510,Computer Engineering,OPEN,Orphan,State,I,131866,43.8452614
2024,3,06834,"Dr.D.Y.Patil College Of Engineering & Innovation,Talegaon",0683424510,Computer Engineering,EWS,General,State,I,84558,69.0659616
2024,3,06834,"Dr.D.Y.Patil College Of Engineering & Innovation,Talegaon",0683426310,Artificial Intelligence (AI) and Data Science,OPEN,General,Other,I,24978,91.6345444
2024,3,06834,"Dr.D.Y.Patil College Of Engineering & Innovation,Talegaon",0683426310,Artificial Intelligence (AI) and Data Science,OPEN,Ladies,Other,I,38803,86.803005
2024,3,06834,"Dr.D.Y.Patil College Of Engineering & Innovation,Talegaon",0683426310,Artificial Intelligence (AI) and Data Science,OPEN,General,Other,I,35695,87.9526086
2024,3,06834,"Dr.D.Y.Patil College Of Engineering & Innovation,Talegaon",0683426310,Artificial Intelligence (AI) and Data Science,OPEN,Ladies,Other,I,94868,63.9612515
2024,3,06839,"Dr. D Y Patil Pratishthan's College of Engineering, Kolhapur",0683919110,Civil Engineering,OPEN,General,Other,I,126612,47.0113809
2024,3,06839,"Dr. D Y Patil Pratishthan's College of Engineering, Kolhapur",0683919110,Civil Engineering,OBC,General,Other,I,165281,16.8882979
2024,3,06839,"Dr. D Y Patil Pratishthan's College of Engineering, Kolhapur",0683924210,Computer Science and Engineering,OPEN,General,Other,I,53652,81.3894523
2024,3,06839,"Dr. D Y Patil Pratishthan's College of Engineering, Kolhapur",0683924210,Computer Science and Engineering,SC,General,Other,I,110166,56.9588351
2024,3,06839,"Dr. D Y Patil Pratishthan's College of Engineering, Kolhapur",0683924210,Computer Science and Engineering,OBC,General,Other,I,104329,60.0743746
2024,3,06839,"Dr. D Y Patil Pratishthan's College of Engineering, Kolhapur",0683924210,Computer Science and Engineering,OPEN,Ladies,Other,I,76807,72.3242844
2024,3,06839,"Dr. D Y Patil Pratishthan's College of Engineering, Kolhapur",0683924210,Computer Science and Engineering,OBC,Defence,State,I,29266,90.1066152
2024,3,06839,"Dr. D Y Patil Pratishthan's College of Engineering, Kolhapur",0683924210,Computer Science and Engineering,OPEN,TFWS,State,I,110153,56.9588351
2024,3,06839,"Dr. D Y Patil Pratishthan's College of Engineering, Kolhapur",0683929310,Electrical Engineering,OPEN,General,Other,I,93838,65.0377535
2024,3,06839,"Dr. D Y Patil Pratishthan's College of Engineering, Kolhapur",0683929310,Electrical Engineering,OPEN,Ladies,Other,I,115577,53.7694785
2024,3,06839,"Dr. D Y Patil Pratishthan's College of Engineering, Kolhapur",0683929310,Electrical Engineering,OBC,Defence,State,I,89770,66.4751458
2024,3,06839,"Dr. D Y Patil Pratishthan's College of Engineering, Kolhapur",0683929310,Electrical Engineering,OPEN,TFWS,State,I,166006,16.2979967
2024,3,06839,"Dr. D Y Patil Pratishthan's College of Engineering, Kolhapur",0683991210,Computer Science and Engineering(Data Science),OPEN,General,Other,I,68925,75.3591206
2024,3,06839,"Dr. D Y Patil Pratishthan's College of Engineering, Kolhapur",0683991210,Computer Science and Engineering(Data Science),SC,General,Other,I,98084,62.8733646
2024,3,06839,"Dr. D Y Patil Pratishthan's College of Engineering, Kolhapur",0683991210,Computer Science and Engineering(Data Science),OBC,General,Other,I,81800,70.4092512
2024,3,06839,"Dr. D Y Patil Pratishthan's College of Engineering, Kolhapur",0683991210,Computer Science and Engineering(Data Science),OPEN,Defence,State,I,73407,73.7956676
2024,3,06839,"Dr. D Y Patil Pratishthan's College of Engineering, Kolhapur",0683991210,Computer Science and Engineering(Data Science),OPEN,TFWS,State,I,19150,93.6707809
2024,3,06878,"Dr. A. D. Shinde College Of Engineering, Tal.Gadhinglaj, Kolhapur",0687824210,Computer Science and Engineering,OPEN,General,Other,I,122855,49.513096
2024,3,06878,"Dr. A. D. Shinde College Of Engineering, Tal.Gadhinglaj, Kolhapur",0687824210,Computer Science and Engineering,SC,General,Other,I,140121,38.4109612
2024,3,06878,"Dr. A. D. Shinde College Of Engineering, Tal.Gadhinglaj, Kolhapur",0687824210,Computer Science and Engineering,OPEN,Ladies,Other,I,126887,46.5102928
2024,3,06878,"Dr. A. D. Shinde College Of Engineering, Tal.Gadhinglaj, Kolhapur",0687824210,Computer Science and Engineering,OPEN,General,Other,I,133883,42.2216419
2024,3,06901,"MAEER's MIT College of Railway Engineering and Research, Jamgaon, Barshi",0690124210,Computer Science and Engineering,OPEN,Defence,State,I,67873,76.0337773
2024,3,06901,"MAEER's MIT College of Railway Engineering and Research, Jamgaon, Barshi",0690137210,Electronics and Telecommunication Engg,OPEN,General,Other,I,123491,48.777949
2024,3,06901,"MAEER's MIT College of Railway Engineering and Research, Jamgaon, Barshi",0690137210,Electronics and Telecommunication Engg,OBC,General,Other,I,146050,33.6953839
2024,3,06901,"MAEER's MIT College of Railway Engineering and Research, Jamgaon, Barshi",0690137210,Electronics and Telecommunication Engg,OPEN,Ladies,Other,I,129900,44.8929536
2024,3,06901,"MAEER's MIT College of Railway Engineering and Research, Jamgaon, Barshi",0690137210,Electronics and Telecommunication Engg,OPEN,General,Other,I,172199,9.6243746
2024,3,06901,"MAEER's MIT College of Railway Engineering and Research, Jamgaon, Barshi",0690137210,Electronics and Telecommunication Engg,OPEN,Defence,State,I,109250,57.1543272
2024,3,06901,"MAEER's MIT College of Railway Engineering and Research, Jamgaon, Barshi",0690137210,Electronics and Telecommunication Engg,OBC,Defence,State,I,167921,14.3617021
2024,3,06901,"MAEER's MIT College of Railway Engineering and Research, Jamgaon, Barshi",0690184410,Electronics and Computer Engineering,OPEN,General,Other,I,79174,71.3988776
2024,3,06901,"MAEER's MIT College of Railway Engineering and Research, Jamgaon, Barshi",0690184410,Electronics and Computer Engineering,OBC,Defence,State,I,148899,31.4286926
2024,3,06901,"MAEER's MIT College of Railway Engineering and Research, Jamgaon, Barshi",0690184410,Electronics and Computer Engineering,OPEN,TFWS,State,I,139925,38.5392182
2024,3,06991,"Dr. D.Y. Patil Technical Campus, Varale, Talegaon, Pune",0699124510,Computer Engineering,OPEN,General,Other,I,46195,84.1907754
2024,3,06991,"Dr. D.Y. Patil Technical Campus, Varale, Talegaon, Pune",0699124510,Computer Engineering,SC,General,Other,I,55854,80.5929134
2024,3,06991,"Dr. D.Y. Patil Technical Campus, Varale, Talegaon, Pune",0699124510,Computer Engineering,OBC,General,Other,I,59812,79.1318865
2024,3,06991,"Dr. D.Y. Patil Technical Campus, Varale, Talegaon, Pune",0699124510,Computer Engineering,OPEN,Ladies,Other,I,57173,80.0921435
2024,3,06991,"Dr. D.Y. Patil Technical Campus, Varale, Talegaon, Pune",0699124510,Computer Engineering,OPEN,Defence,State,I,111793,55.3559436
2024,3,06991,"Dr. D.Y. Patil Technical Campus, Varale, Talegaon, Pune",0699124510,Computer Engineering,OBC,Defence,State,I,48914,83.1469549
2024,3,06991,"Dr. D.Y. Patil Technical Campus, Varale, Talegaon, Pune",0699124510,Computer Engineering,OPEN,TFWS,State,I,99059,62.7875345
2024,3,06991,"Dr. D.Y. Patil Technical Campus, Varale, Talegaon, Pune",0699156610,Computer Science,OPEN,General,Other,I,47459,83.639399
2024,3,06991,"Dr. D.Y. Patil Technical Campus, Varale, Talegaon, Pune",0699156610,Computer Science,SC,General,Other,I,66098,76.6199764
2024,3,06991,"Dr. D.Y. Patil Technical Campus, Varale, Talegaon, Pune",0699156610,Computer Science,OBC,General,Other,I,171422,10.8656299
2024,3,06991,"Dr. D.Y. Patil Technical Campus, Varale, Talegaon, Pune",0699156610,Computer Science,OPEN,Ladies,Other,I,50902,82.4751693
2024,3,06991,"Dr. D.Y. Patil Technical Campus, Varale, Talegaon, Pune",0699156610,Computer Science,OPEN,Defence,State,I,65490,76.7776254
2024,3,06991,"Dr. D.Y. Patil Technical Campus, Varale, Talegaon, Pune",0699156610,Computer Science,OPEN,TFWS,State,I,50500,82.7086811
2024,3,06991,"Dr. D.Y. Patil Technical Campus, Varale, Talegaon, Pune",0699156610,Computer Science,OBC,Defence,State,I,144488,34.805294
2024,3,06991,"Dr. D.Y. Patil Technical Campus, Varale, Talegaon, Pune",0699156610,Computer Science,OPEN,Orphan,State,I,112469,55.1151268
2024,3,06991,"Dr. D.Y. Patil Technical Campus, Varale, Talegaon, Pune",0699184410,Electronics and Computer Engineering,OPEN,General,Other,I,60857,78.9120215
2024,3,06991,"Dr. D.Y. Patil Technical Campus, Varale, Talegaon, Pune",0699184410,Electronics and Computer Engineering,SC,General,Other,I,74059,73.4468855
2024,3,06991,"Dr. D.Y. Patil Technical Campus, Varale, Talegaon, Pune",0699184410,Electronics and Computer Engineering,OBC,General,Other,I,88573,67.294477
2024,3,06991,"Dr. D.Y. Patil Technical Campus, Varale, Talegaon, Pune",0699184410,Electronics and Computer Engineering,OPEN,Ladies,Other,I,61460,78.4440843
2024,3,06991,"Dr. D.Y. Patil Technical Campus, Varale, Talegaon, Pune",0699184410,Electronics and Computer Engineering,OPEN,Defence,State,I,83557,69.4683908
2024,3,06991,"Dr. D.Y. Patil Technical Campus, Varale, Talegaon, Pune",0699184410,Electronics and Computer Engineering,OPEN,TFWS,State,I,64061,77.6411427
2024,3,06991,"Dr. D.Y. Patil Technical Campus, Varale, Talegaon, Pune",0699184410,Electronics and Computer Engineering,EWS,General,State,I,158490,23.9454765
2024,3,06991,"Dr. D.Y. Patil Technical Campus, Varale, Talegaon, Pune",0699199510,Artificial Intelligence and Data Science,OPEN,General,Other,I,45376,84.4941393
2024,3,06991,"Dr. D.Y. Patil Technical Campus, Varale, Talegaon, Pune",0699199510,Artificial Intelligence and Data Science,SC,General,Other,I,69207,75.3516004
2024,3,06991,"Dr. D.Y. Patil Technical Campus, Varale, Talegaon, Pune",0699199510,Artificial Intelligence and Data Science,OBC,General,Other,I,51881,82.0158422
2024,3,06991,"Dr. D.Y. Patil Technical Campus, Varale, Talegaon, Pune",0699199510,Artificial Intelligence and Data Science,OPEN,Ladies,Other,I,52399,81.8420405
2024,3,06991,"Dr. D.Y. Patil Technical Campus, Varale, Talegaon, Pune",0699199510,Artificial Intelligence and Data Science,OPEN,Defence,State,I,48313,83.4700421
2024,3,06991,"Dr. D.Y. Patil Technical Campus, Varale, Talegaon, Pune",0699199510,Artificial Intelligence and Data Science,OPEN,TFWS,State,I,43608,85.0982359
2024,3,06991,"Dr. D.Y. Patil Technical Campus, Varale, Talegaon, Pune",0699199510,Artificial Intelligence and Data Science,EWS,General,State,I,101768,60.546705
2024,3,14005,"Laxminarayan Innovation Technological University, Nagpur",1400550710,Chemical Engineering,OPEN,General,State,I,10500,96.5413029
2024,3,14005,"Laxminarayan Innovation Technological University, Nagpur",1400550710,Chemical Engineering,SEBC,General,State,I,66848,76.3630319
2024,3,14005,"Laxminarayan Innovation Technological University, Nagpur",1400550710,Chemical Engineering,OPEN,General,State,II,86277,68.1767082
2024,3,14005,"Laxminarayan Innovation Technological University, Nagpur",1400572910,Surface Coating Technology,OPEN,PWD,State,I,70648,74.9324465
2024,3,14005,"Laxminarayan Innovation Technological University, Nagpur",1400572910,Surface Coating Technology,OPEN,Defence,State,I,31719,89.2835379
2024,3,16006,COEP Technological University,1600619110,Civil Engineering,OPEN,General,State,I,1358,99.4845147
2024,3,16006,COEP Technological University,1600619110,Civil Engineering,SC,General,State,I,15199,94.9881677
2024,3,16006,COEP Technological University,1600619110,Civil Engineering,ST,Ladies,State,I,86921,67.8622856
2024,3,16006,COEP Technological University,1600619110,Civil Engineering,VJ,Ladies,State,I,22665,92.4300828
2024,3,16006,COEP Technological University,1600626610,Robotics and Artificial Intelligence,OPEN,General,State,I,1124,99.7523506
2024,3,16006,COEP Technological University,1600626610,Robotics and Artificial Intelligence,OBC,General,State,I,4761,99.6757431
2024,3,16006,COEP Technological University,1600629310,Electrical Engineering,OPEN,General,State,I,1319,99.4886748
2024,3,16006,COEP Technological University,1600629310,Electrical Engineering,OPEN,Ladies,State,I,1861,99.3129866
2024,3,16006,COEP Technological University,1600629310,Electrical Engineering,OPEN,PWD,State,I,25883,91.3201487
2024,3,16006,COEP Technological University,1600629310,Electrical Engineering,OBC,PWD,State,I,58069,79.7465759
2024,3,16006,COEP Technological University,1600629310,Electrical Engineering,OPEN,TFWS,State,I,1721,99.3585548
2024,3,16006,COEP Technological University,1600637210,Electronics and Telecommunication Engg,OPEN,General,State,I,2305,99.9109188
2024,3,16006,COEP Technological University,1600637210,Electronics and Telecommunication Engg,NT2,General,State,I,1160,99.1771579
2024,3,16006,COEP Technological University,1600637210,Electronics and Telecommunication Engg,OBC,General,State,I,27482,99.5393847
2024,3,16006,COEP Technological University,1600637210,Electronics and Telecommunication Engg,OPEN,Ladies,State,I,27085,99.9085733
2024,3,16006,COEP Technological University,1600637210,Electronics and Telecommunication Engg,ST,Ladies,State,I,53563,90.8058519
2024,3,16006,COEP Technological University,1600646410,Instrumentation and Control Engineering,OPEN,General,State,I,1735,99.3546238
2024,3,16006,COEP Technological University,1600646410,Instrumentation and Control Engineering,OPEN,PWD,State,I,70890,74.6830629
2024,3,16006,COEP Technological University,1600646410,Instrumentation and Control Engineering,OBC,PWD,State,I,145390,34.2191386
2024,3,16006,COEP Technological University,1600661210,Mechanical Engineering,OPEN,General,State,I,2201,99.2070117
2024,3,16006,COEP Technological University,1600661210,Mechanical Engineering,OBC,General,State,I,2448,99.1231351
2024,3,16006,COEP Technological University,1600661210,Mechanical Engineering,OBC,Ladies,State,I,4771,98.3761174
2024,3,16006,COEP Technological University,1600661210,Mechanical Engineering,EWS,General,State,I,6532,97.8143197
2024,3,16006,COEP Technological University,1600662710,Manufacturing Science and Engineering,OPEN,General,State,I,2979,98.9444814
2024,3,16006,COEP Technological University,1600662710,Manufacturing Science and Engineering,OBC,General,State,I,5516,98.1177725
2024,3,16006,COEP Technological University,1600662710,Manufacturing Science and Engineering,SC,Ladies,State,I,24174,91.9365609
2024,3,16006,COEP Technological University,1600662710,Manufacturing Science and Engineering,SEBC,Ladies,State,I,18578,93.8492553
2024,3,16006,COEP Technological University,1600662710,Manufacturing Science and Engineering,EWS,General,State,I,10642,96.4996882
2024,3,16006,COEP Technological University,1600669410,Metallurgy and Material Technology,OPEN,General,State,I,7032,97.6752922
2024,3,16006,COEP Technological University,1600669410,Metallurgy and Material Technology,ST,General,State,I,80236,70.8722936
2024,3,16006,COEP Technological University,1600669410,Metallurgy and Material Technology,OBC,General,State,I,7693,97.4426768
2024,3,16006,COEP Technological University,1600669410,Metallurgy and Material Technology,SEBC,General,State,I,8239,97.254869
2024,3,16006,COEP Technological University,1600669410,Metallurgy and Material Technology,OPEN,Ladies,State,I,6628,97.7783263
2024,3,16006,COEP Technological University,1600669410,Metallurgy and Material Technology,OBC,Ladies,State,I,11622,96.1687682
2024,3,16006,COEP Technological University,1600669410,Metallurgy and Material Technology,OPEN,Orphan,State,I,13392,95.5716924
2024,3,16126,"Tatyasaheb Kore Institute of Engineering and Technology, Yelur",1612624210,Computer Science and Engineering,OPEN,General,State,I,88121,67.5881106
2024,3,16126,"Tatyasaheb Kore Institute of Engineering and Technology, Yelur",1612624210,Computer Science and Engineering,SC,General,State,I,141162,37.6014199
2024,3,16126,"Tatyasaheb Kore Institute of Engineering and Technology, Yelur",1612624210,Computer Science and Engineering,ST,General,State,I,120557,50.8618056
2024,3,16126,"Tatyasaheb Kore Institute of Engineering and Technology, Yelur",1612624210,Computer Science and Engineering,OBC,General,State,I,83176,69.7604398
2024,3,16126,"Tatyasaheb Kore Institute of Engineering and Technology, Yelur",1612624210,Computer Science and Engineering,OPEN,Ladies,State,I,87011,67.8622856
2024,3,16126,"Tatyasaheb Kore Institute of Engineering and Technology, Yelur",1612624210,Computer Science and Engineering,NT1,Ladies,State,I,169465,13.0626183
2024,3,16126,"Tatyasaheb Kore Institute of Engineering and Technology, Yelur",1612624210,Computer Science and Engineering,OPEN,General,State,II,130176,44.5064233
2024,3,16126,"Tatyasaheb Kore Institute of Engineering and Technology, Yelur",1612625210,Cyber Security,OPEN,General,State,I,108387,57.2537563
2024,3,16126,"Tatyasaheb Kore Institute of Engineering and Technology, Yelur",1612625210,Cyber Security,SC,General,State,I,164012,18.5574725
2024,3,16126,"Tatyasaheb Kore Institute of Engineering and Technology, Yelur",1612625210,Cyber Security,ST,General,State,I,165287,16.8882979
2024,3,16126,"Tatyasaheb Kore Institute of Engineering and Technology, Yelur",1612625210,Cyber Security,VJ,General,State,I,149323,30.9687071
2024,3,16126,"Tatyasaheb Kore Institute of Engineering and Technology, Yelur",1612625210,Cyber Security,OBC,General,State,I,145398,34.2191386
2024,3,16126,"Tatyasaheb Kore Institute of Engineering and Technology, Yelur",1612625210,Cyber Security,SEBC,General,State,I,114235,54.1800379
2024,3,16126,"Tatyasaheb Kore Institute of Engineering and Technology, Yelur",1612625210,Cyber Security,OPEN,Ladies,State,I,83768,69.4683908
2024,3,16126,"Tatyasaheb Kore Institute of Engineering and Technology, Yelur",1612625210,Cyber Security,SC,Ladies,State,I,168922,13.6336642
2024,3,16126,"Tatyasaheb Kore Institute of Engineering and Technology, Yelur",1612625210,Cyber Security,ST,Ladies,State,I,168223,14.0490445
2024,3,16126,"Tatyasaheb Kore Institute of Engineering and Technology, Yelur",1612625210,Cyber Security,NT1,Ladies,State,I,174086,7.7070408
2024,3,16126,"Tatyasaheb Kore Institute of Engineering and Technology, Yelur",1612626210,Computer Science and Business Systems,OPEN,General,State,I,122373,49.7949643
2024,3,16126,"Tatyasaheb Kore Institute of Engineering and Technology, Yelur",1612626210,Computer Science and Business Systems,SC,General,State,I,167938,14.3617021
2024,3,16126,"Tatyasaheb Kore Institute of Engineering and Technology, Yelur",1612626210,Computer Science and Business Systems,ST,General,State,I,164878,17.7533973
2024,3,16126,"Tatyasaheb Kore Institute of Engineering and Technology, Yelur",1612626210,Computer Science and Business Systems,NT1,General,State,I,126483,47.0113809
2024,3,16126,"Tatyasaheb Kore Institute of Engineering and Technology, Yelur",1612626210,Computer Science and Business Systems,NT2,General,State,I,105231,59.8892661
2024,3,16126,"Tatyasaheb Kore Institute of Engineering and Technology, Yelur",1612626210,Computer Science and Business Systems,OBC,General,State,I,176586,4.3685242
2024,3,16126,"Tatyasaheb Kore Institute of Engineering and Technology, Yelur",1612626210,Computer Science and Business Systems,SEBC,General,State,I,132272,43.4393889
2024,3,16126,"Tatyasaheb Kore Institute of Engineering and Technology, Yelur",1612626210,Computer Science and Business Systems,OPEN,Ladies,State,I,108366,57.2537563
2024,3,16126,"Tatyasaheb Kore Institute of Engineering and Technology, Yelur",1612626210,Computer Science and Business Systems,SC,Ladies,State,I,33388,88.6997043
2024,3,16126,"Tatyasaheb Kore Institute of Engineering and Technology, Yelur",1612626210,Computer Science and Business Systems,ST,Ladies,State,I,178791,1.2946164
2024,3,16126,"Tatyasaheb Kore Institute of Engineering and Technology, Yelur",1612629310,Electrical Engineering,OPEN,General,State,I,120679,50.6340761
2024,3,16126,"Tatyasaheb Kore Institute of Engineering and Technology, Yelur",1612629310,Electrical Engineering,ST,General,State,I,166279,16.1364215
2024,3,16126,"Tatyasaheb Kore Institute of Engineering and Technology, Yelur",1612629310,Electrical Engineering,OBC,General,State,I,169296,13.0991478
2024,3,16126,"Tatyasaheb Kore Institute of Engineering and Technology, Yelur",1612629310,Electrical Engineering,SEBC,General,State,I,132971,42.8773305
2024,3,16126,"Tatyasaheb Kore Institute of Engineering and Technology, Yelur",1612629310,Electrical Engineering,OPEN,Ladies,State,I,150678,30.3265615
2024,3,16126,"Tatyasaheb Kore Institute of Engineering and Technology, Yelur",1612629310,Electrical Engineering,ST,Ladies,State,I,166971,15.5975889
2024,3,16126,"Tatyasaheb Kore Institute of Engineering and Technology, Yelur",1612629310,Electrical Engineering,OBC,Ladies,State,I,107062,57.9919409
